game_id,feature_set,feature_influence,entity,explanation
0,0,pure,individual,0.7542885774630103
0,1,pure,individual,-1.9426107340620418
0,2,pure,individual,0.17508616533047255
0,3,pure,individual,0.3402508344585542
1,0,pure,individual,-3.7612136798192446
1,1,pure,individual,-2.4667177416228916
1,2,pure,individual,0.17508616533047255
1,3,pure,individual,0.3402508344585542
2,0,pure,individual,0.11068229745088268
2,1,pure,individual,-1.568932716058498
2,2,pure,individual,0.17508616533047255
2,3,pure,individual,0.3402508344585542
3,0,pure,individual,0.276492804997037
3,1,pure,individual,2.3894941423852467
3,2,pure,individual,0.17508616533047255
3,3,pure,individual,0.3402508344585542
4,0,pure,individual,0.882469468815748
4,1,pure,individual,-1.7804955054611866
4,2,pure,individual,0.17508616533047255
4,3,pure,individual,0.3402508344585542
5,0,pure,individual,-0.22573795838469127
5,1,pure,individual,-1.224890241982723
5,2,pure,individual,0.17508616533047255
5,3,pure,individual,0.3402508344585542
6,0,pure,individual,-0.7131003533408078
6,1,pure,individual,-0.5676541346350156
6,2,pure,individual,0.17508616533047255
6,3,pure,individual,0.3402508344585542
7,0,pure,individual,0.9705110699250309
7,1,pure,individual,0.9974075221133415
7,2,pure,individual,0.17508616533047255
7,3,pure,individual,0.3402508344585542
8,0,pure,individual,-0.8810788839939204
8,1,pure,individual,-1.4904328235618851
8,2,pure,individual,0.17508616533047255
8,3,pure,individual,0.3402508344585542
9,0,pure,individual,-0.08378246880916754
9,1,pure,individual,-1.5431717638876057
9,2,pure,individual,0.17508616533047255
9,3,pure,individual,0.3402508344585542
10,0,pure,individual,1.6321399506270091
10,1,pure,individual,1.221952466017339
10,2,pure,individual,0.17508616533047255
10,3,pure,individual,0.3402508344585542
11,0,pure,individual,0.37789280085809585
11,1,pure,individual,0.573372316317106
11,2,pure,individual,0.17508616533047255
11,3,pure,individual,0.3402508344585542
12,0,pure,individual,1.5033447077620095
12,1,pure,individual,0.27131681897455184
12,2,pure,individual,0.17508616533047255
12,3,pure,individual,0.3402508344585542
13,0,pure,individual,-2.7725796725011858
13,1,pure,individual,-0.5027646027841463
13,2,pure,individual,0.17508616533047255
13,3,pure,individual,0.3402508344585542
14,0,pure,individual,-0.40645773081799685
14,1,pure,individual,3.1244963616073034
14,2,pure,individual,0.17508616533047255
14,3,pure,individual,0.3402508344585542
15,0,pure,individual,-3.2244075939210273
15,1,pure,individual,-0.5331757629932784
15,2,pure,individual,0.17508616533047255
15,3,pure,individual,0.3402508344585542
16,0,pure,individual,1.5680280074250768
16,1,pure,individual,1.7220675972552824
16,2,pure,individual,0.17508616533047255
16,3,pure,individual,0.3402508344585542
17,0,pure,individual,1.8617866844291875
17,1,pure,individual,-0.24616976091562434
17,2,pure,individual,0.17508616533047255
17,3,pure,individual,0.3402508344585542
18,0,pure,individual,-1.6962196684037893
18,1,pure,individual,1.1300151997440704
18,2,pure,individual,0.17508616533047255
18,3,pure,individual,0.3402508344585542
19,0,pure,individual,-0.710948096224697
19,1,pure,individual,0.4531396086695927
19,2,pure,individual,0.17508616533047255
19,3,pure,individual,0.3402508344585542
20,0,pure,individual,1.0586743756792467
20,1,pure,individual,-1.1869036043286707
20,2,pure,individual,0.17508616533047255
20,3,pure,individual,0.3402508344585542
21,0,pure,individual,-2.2494842106054764
21,1,pure,individual,1.1096497007266755
21,2,pure,individual,0.17508616533047255
21,3,pure,individual,0.3402508344585542
22,0,pure,individual,1.1066597013399342
22,1,pure,individual,1.028810863862771
22,2,pure,individual,0.17508616533047255
22,3,pure,individual,0.3402508344585542
23,0,pure,individual,-0.7030324196349562
23,1,pure,individual,-0.023118310958089083
23,2,pure,individual,0.17508616533047255
23,3,pure,individual,0.3402508344585542
24,0,pure,individual,-2.5034289696600496
24,1,pure,individual,-1.857182434535557
24,2,pure,individual,0.17508616533047255
24,3,pure,individual,0.3402508344585542
25,0,pure,individual,-0.6126809125084788
25,1,pure,individual,2.733282169535837
25,2,pure,individual,0.17508616533047255
25,3,pure,individual,0.3402508344585542
26,0,pure,individual,-1.724575560810695
26,1,pure,individual,-0.2744209294330484
26,2,pure,individual,0.17508616533047255
26,3,pure,individual,0.3402508344585542
27,0,pure,individual,1.826419885456539
27,1,pure,individual,-3.3165394124873373
27,2,pure,individual,0.17508616533047255
27,3,pure,individual,0.3402508344585542
28,0,pure,individual,-1.0450384960017836
28,1,pure,individual,-2.7543187063838546
28,2,pure,individual,0.17508616533047255
28,3,pure,individual,0.3402508344585542
29,0,pure,individual,0.61007916739996
29,1,pure,individual,0.1799124647118284
29,2,pure,individual,0.17508616533047255
29,3,pure,individual,0.3402508344585542
30,0,pure,individual,-1.9044944740785599
30,1,pure,individual,0.49458905236659756
30,2,pure,individual,0.17508616533047255
30,3,pure,individual,0.3402508344585542
31,0,pure,individual,1.8160168922639397
31,1,pure,individual,0.8495876759490414
31,2,pure,individual,0.17508616533047255
31,3,pure,individual,0.3402508344585542
32,0,pure,individual,-1.1363224667649123
32,1,pure,individual,-1.7159171545268517
32,2,pure,individual,0.17508616533047255
32,3,pure,individual,0.3402508344585542
33,0,pure,individual,1.4157419176583272
33,1,pure,individual,-0.3079730400843539
33,2,pure,individual,0.17508616533047255
33,3,pure,individual,0.3402508344585542
34,0,pure,individual,0.7718977027837786
34,1,pure,individual,1.8115777946248917
34,2,pure,individual,0.17508616533047255
34,3,pure,individual,0.3402508344585542
35,0,pure,individual,0.9738676850051438
35,1,pure,individual,-1.8417733631067967
35,2,pure,individual,0.17508616533047255
35,3,pure,individual,0.3402508344585542
36,0,pure,individual,-1.4830085242865791
36,1,pure,individual,-0.6940331222705716
36,2,pure,individual,0.17508616533047255
36,3,pure,individual,0.3402508344585542
37,0,pure,individual,2.278164015833675
37,1,pure,individual,0.45015897536143046
37,2,pure,individual,0.17508616533047255
37,3,pure,individual,0.3402508344585542
38,0,pure,individual,-3.208019431126578
38,1,pure,individual,-0.8358576248665716
38,2,pure,individual,0.17508616533047255
38,3,pure,individual,0.3402508344585542
39,0,pure,individual,0.4050943078980127
39,1,pure,individual,2.1006471554831987
39,2,pure,individual,0.17508616533047255
39,3,pure,individual,0.3402508344585542
40,0,pure,individual,-1.7876295489945828
40,1,pure,individual,-1.3134353368111737
40,2,pure,individual,0.17508616533047255
40,3,pure,individual,0.3402508344585542
41,0,pure,individual,1.8227787944385745
41,1,pure,individual,-1.668645224714283
41,2,pure,individual,0.17508616533047255
41,3,pure,individual,0.3402508344585542
42,0,pure,individual,-0.16923900625727803
42,1,pure,individual,0.05475089393403881
42,2,pure,individual,0.17508616533047255
42,3,pure,individual,0.3402508344585542
43,0,pure,individual,-0.7664589097551424
43,1,pure,individual,-2.313653136919257
43,2,pure,individual,0.17508616533047255
43,3,pure,individual,0.3402508344585542
44,0,pure,individual,3.3052954197936706
44,1,pure,individual,0.4560418821387825
44,2,pure,individual,0.17508616533047255
44,3,pure,individual,0.3402508344585542
45,0,pure,individual,2.7586324119118664
45,1,pure,individual,0.5747593745219328
45,2,pure,individual,0.17508616533047255
45,3,pure,individual,0.3402508344585542
46,0,pure,individual,1.0025871216242217
46,1,pure,individual,3.2060815463503616
46,2,pure,individual,0.17508616533047255
46,3,pure,individual,0.3402508344585542
47,0,pure,individual,-2.594428708460031
47,1,pure,individual,3.4363007676201573
47,2,pure,individual,0.17508616533047255
47,3,pure,individual,0.3402508344585542
48,0,pure,individual,-0.622739351763875
48,1,pure,individual,3.0575385799506782
48,2,pure,individual,0.17508616533047255
48,3,pure,individual,0.3402508344585542
49,0,pure,individual,1.4321081029217402
49,1,pure,individual,-0.65255130921995
49,2,pure,individual,0.17508616533047255
49,3,pure,individual,0.3402508344585542
50,0,pure,individual,0.8200617466699833
50,1,pure,individual,2.949672125666722
50,2,pure,individual,0.17508616533047255
50,3,pure,individual,0.3402508344585542
51,0,pure,individual,-3.9596631983628092
51,1,pure,individual,0.03884775358379368
51,2,pure,individual,0.17508616533047255
51,3,pure,individual,0.3402508344585542
52,0,pure,individual,-1.613546637144613
52,1,pure,individual,-0.5316534087483696
52,2,pure,individual,0.17508616533047255
52,3,pure,individual,0.3402508344585542
53,0,pure,individual,0.2056316593951008
53,1,pure,individual,-0.8315829880192246
53,2,pure,individual,0.17508616533047255
53,3,pure,individual,0.3402508344585542
54,0,pure,individual,1.221498928424881
54,1,pure,individual,2.8095804748107764
54,2,pure,individual,0.17508616533047255
54,3,pure,individual,0.3402508344585542
55,0,pure,individual,-0.30379997588873564
55,1,pure,individual,0.6209629360127626
55,2,pure,individual,0.17508616533047255
55,3,pure,individual,0.3402508344585542
56,0,pure,individual,0.32545432034640864
56,1,pure,individual,0.5924414575702678
56,2,pure,individual,0.17508616533047255
56,3,pure,individual,0.3402508344585542
57,0,pure,individual,-1.5636844598034494
57,1,pure,individual,-0.4382238407268684
57,2,pure,individual,0.17508616533047255
57,3,pure,individual,0.3402508344585542
58,0,pure,individual,0.7760837210817092
58,1,pure,individual,2.546633882133306
58,2,pure,individual,0.17508616533047255
58,3,pure,individual,0.3402508344585542
59,0,pure,individual,-4.154069169683888
59,1,pure,individual,-0.1889239497281183
59,2,pure,individual,0.17508616533047255
59,3,pure,individual,0.3402508344585542
60,0,pure,individual,-1.610961170624999
60,1,pure,individual,-0.052191255220323224
60,2,pure,individual,0.17508616533047255
60,3,pure,individual,0.3402508344585542
61,0,pure,individual,4.406582135844484
61,1,pure,individual,-2.4372198629700517
61,2,pure,individual,0.17508616533047255
61,3,pure,individual,0.3402508344585542
62,0,pure,individual,5.959597184814428
62,1,pure,individual,-2.2056333576309464
62,2,pure,individual,0.17508616533047255
62,3,pure,individual,0.3402508344585542
63,0,pure,individual,3.6047733332848844
63,1,pure,individual,-1.8364141817912958
63,2,pure,individual,0.17508616533047255
63,3,pure,individual,0.3402508344585542
64,0,pure,individual,1.0146170441144218
64,1,pure,individual,-0.6156731747487268
64,2,pure,individual,0.17508616533047255
64,3,pure,individual,0.3402508344585542
65,0,pure,individual,-0.332455199475033
65,1,pure,individual,-0.3962548230477635
65,2,pure,individual,0.17508616533047255
65,3,pure,individual,0.3402508344585542
66,0,pure,individual,1.0882271096476916
66,1,pure,individual,2.160567323478984
66,2,pure,individual,0.17508616533047255
66,3,pure,individual,0.3402508344585542
67,0,pure,individual,0.25071928689962
67,1,pure,individual,0.13640052071350017
67,2,pure,individual,0.17508616533047255
67,3,pure,individual,0.3402508344585542
68,0,pure,individual,-0.05043122338813327
68,1,pure,individual,4.320302851198984
68,2,pure,individual,0.17508616533047255
68,3,pure,individual,0.3402508344585542
69,0,pure,individual,-1.3831523471461664
69,1,pure,individual,-2.0873870719955563
69,2,pure,individual,0.17508616533047255
69,3,pure,individual,0.3402508344585542
70,0,pure,individual,1.1054521212015112
70,1,pure,individual,-3.351051852240638
70,2,pure,individual,0.17508616533047255
70,3,pure,individual,0.3402508344585542
71,0,pure,individual,-2.078514923606596
71,1,pure,individual,-0.8063074224758214
71,2,pure,individual,0.17508616533047255
71,3,pure,individual,0.3402508344585542
72,0,pure,individual,-0.44054577922556126
72,1,pure,individual,-0.07063269716739243
72,2,pure,individual,0.17508616533047255
72,3,pure,individual,0.3402508344585542
73,0,pure,individual,3.0899061618697434
73,1,pure,individual,-4.994306969683013
73,2,pure,individual,0.17508616533047255
73,3,pure,individual,0.3402508344585542
74,0,pure,individual,0.7368269379730906
74,1,pure,individual,-0.6071947858127134
74,2,pure,individual,0.17508616533047255
74,3,pure,individual,0.3402508344585542
75,0,pure,individual,3.602076084840621
75,1,pure,individual,-2.929830771092636
75,2,pure,individual,0.17508616533047255
75,3,pure,individual,0.3402508344585542
76,0,pure,individual,0.021557015301522264
76,1,pure,individual,-1.9684255647635667
76,2,pure,individual,0.17508616533047255
76,3,pure,individual,0.3402508344585542
77,0,pure,individual,1.3106574733412915
77,1,pure,individual,3.5989800263441403
77,2,pure,individual,0.17508616533047255
77,3,pure,individual,0.3402508344585542
78,0,pure,individual,3.6352741001264945
78,1,pure,individual,1.013742988239108
78,2,pure,individual,0.17508616533047255
78,3,pure,individual,0.3402508344585542
79,0,pure,individual,0.277523954503085
79,1,pure,individual,-1.2578609467842972
79,2,pure,individual,0.17508616533047255
79,3,pure,individual,0.3402508344585542
80,0,pure,individual,1.71040158061241
80,1,pure,individual,-0.24486393324283054
80,2,pure,individual,0.17508616533047255
80,3,pure,individual,0.3402508344585542
81,0,pure,individual,3.788833314032414
81,1,pure,individual,1.5969902360748376
81,2,pure,individual,0.17508616533047255
81,3,pure,individual,0.3402508344585542
82,0,pure,individual,-2.201777067937753
82,1,pure,individual,-0.8997668858389601
82,2,pure,individual,0.17508616533047255
82,3,pure,individual,0.3402508344585542
83,0,pure,individual,-1.2547851372636887
83,1,pure,individual,-1.8901056849179334
83,2,pure,individual,0.17508616533047255
83,3,pure,individual,0.3402508344585542
84,0,pure,individual,-1.1991555842534953
84,1,pure,individual,0.7599130578024442
84,2,pure,individual,0.17508616533047255
84,3,pure,individual,0.3402508344585542
85,0,pure,individual,-4.442325329921898
85,1,pure,individual,0.7446358450720482
85,2,pure,individual,0.17508616533047255
85,3,pure,individual,0.3402508344585542
86,0,pure,individual,3.3795980528038725
86,1,pure,individual,-3.9880115307072557
86,2,pure,individual,0.17508616533047255
86,3,pure,individual,0.3402508344585542
87,0,pure,individual,-3.02167736595735
87,1,pure,individual,3.0865323919917578
87,2,pure,individual,0.17508616533047255
87,3,pure,individual,0.3402508344585542
88,0,pure,individual,-0.9985847806723477
88,1,pure,individual,1.7628784085326048
88,2,pure,individual,0.17508616533047255
88,3,pure,individual,0.3402508344585542
89,0,pure,individual,0.6135315866265554
89,1,pure,individual,0.6766256917413984
89,2,pure,individual,0.17508616533047255
89,3,pure,individual,0.3402508344585542
90,0,pure,individual,-0.1610009824564045
90,1,pure,individual,0.9026045787421988
90,2,pure,individual,0.17508616533047255
90,3,pure,individual,0.3402508344585542
91,0,pure,individual,-0.10592521783178124
91,1,pure,individual,3.0975394311065196
91,2,pure,individual,0.17508616533047255
91,3,pure,individual,0.3402508344585542
92,0,pure,individual,0.5492853055771436
92,1,pure,individual,1.8240882656316697
92,2,pure,individual,0.17508616533047255
92,3,pure,individual,0.3402508344585542
93,0,pure,individual,1.8594207924471
93,1,pure,individual,1.8189607948661772
93,2,pure,individual,0.17508616533047255
93,3,pure,individual,0.3402508344585542
94,0,pure,individual,-0.26637258417717036
94,1,pure,individual,-3.868644196305216
94,2,pure,individual,0.17508616533047255
94,3,pure,individual,0.3402508344585542
95,0,pure,individual,0.36026646609738955
95,1,pure,individual,2.753915770993569
95,2,pure,individual,0.17508616533047255
95,3,pure,individual,0.3402508344585542
96,0,pure,individual,-3.061079325118374
96,1,pure,individual,-1.4511812011020089
96,2,pure,individual,0.17508616533047255
96,3,pure,individual,0.3402508344585542
97,0,pure,individual,0.6973523691411039
97,1,pure,individual,-2.687770799780124
97,2,pure,individual,0.17508616533047255
97,3,pure,individual,0.3402508344585542
98,0,pure,individual,-0.8000737766811766
98,1,pure,individual,1.054506141746236
98,2,pure,individual,0.17508616533047255
98,3,pure,individual,0.3402508344585542
99,0,pure,individual,1.6659276923544195
99,1,pure,individual,0.5944064815006103
99,2,pure,individual,0.17508616533047255
99,3,pure,individual,0.3402508344585542
0,0,partial,individual,0.6698020068089285
0,1,partial,individual,-2.0299321304995575
0,2,partial,individual,-0.019667389805699487
0,3,partial,individual,0.03660621616977888
1,0,partial,individual,-3.8457002504733246
1,1,partial,individual,-2.5540391380604057
1,2,partial,individual,-0.01966738980569982
1,3,partial,individual,0.03660621616977844
2,0,partial,individual,0.026195726796801044
2,1,partial,individual,-1.6562541124960137
2,2,partial,individual,-0.01966738980569932
2,3,partial,individual,0.03660621616977894
3,0,partial,individual,0.19200623434295522
3,1,partial,individual,2.30217274594773
3,2,partial,individual,-0.019667389805699598
3,3,partial,individual,0.03660621616977866
4,0,partial,individual,0.797982898161665
4,1,partial,individual,-1.867816901898704
4,2,partial,individual,-0.019667389805699487
4,3,partial,individual,0.036606216169778716
5,0,partial,individual,-0.3102245290387697
5,1,partial,individual,-1.312211638420236
5,2,partial,individual,-0.019667389805699542
5,3,partial,individual,0.036606216169778716
6,0,partial,individual,-0.7975869239948916
6,1,partial,individual,-0.654975531072534
6,2,partial,individual,-0.019667389805699487
6,3,partial,individual,0.03660621616977877
7,0,partial,individual,0.886024499270951
7,1,partial,individual,0.9100861256758265
7,2,partial,individual,-0.019667389805699265
7,3,partial,individual,0.03660621616977866
8,0,partial,individual,-0.9655654546479986
8,1,partial,individual,-1.5777542199993975
8,2,partial,individual,-0.019667389805699376
8,3,partial,individual,0.03660621616977888
9,0,partial,individual,-0.16826903946324806
9,1,partial,individual,-1.6304931603251211
9,2,partial,individual,-0.019667389805699487
9,3,partial,individual,0.03660621616977877
10,0,partial,individual,1.547653379972926
10,1,partial,individual,1.1346310695798216
10,2,partial,individual,-0.019667389805699487
10,3,partial,individual,0.03660621616977866
11,0,partial,individual,0.2934062302040139
11,1,partial,individual,0.4860509198795895
11,2,partial,individual,-0.019667389805699514
11,3,partial,individual,0.0366062161697788
12,0,partial,individual,1.4188581371079263
12,1,partial,individual,0.18399542253703355
12,2,partial,individual,-0.019667389805699487
12,3,partial,individual,0.03660621616977888
13,0,partial,individual,-2.857066243155265
13,1,partial,individual,-0.5900859992216612
13,2,partial,individual,-0.019667389805699265
13,3,partial,individual,0.03660621616977899
14,0,partial,individual,-0.4909443014720789
14,1,partial,individual,3.037174965169787
14,2,partial,individual,-0.01966738980569971
14,3,partial,individual,0.03660621616977899
15,0,partial,individual,-3.3088941645751158
15,1,partial,individual,-0.620497159430802
15,2,partial,individual,-0.019667389805699154
15,3,partial,individual,0.03660621616977866
16,0,partial,individual,1.4835414367709923
16,1,partial,individual,1.6347462008177633
16,2,partial,individual,-0.019667389805699598
16,3,partial,individual,0.03660621616977877
17,0,partial,individual,1.7773001137751065
17,1,partial,individual,-0.33349115735313967
17,2,partial,individual,-0.01966738980569943
17,3,partial,individual,0.03660621616977894
18,0,partial,individual,-1.7807062390578696
18,1,partial,individual,1.0426938033065551
18,2,partial,individual,-0.019667389805699348
18,3,partial,individual,0.03660621616977891
19,0,partial,individual,-0.7954346668787792
19,1,partial,individual,0.3658182122320759
19,2,partial,individual,-0.01966738980569946
19,3,partial,individual,0.03660621616977894
20,0,partial,individual,0.9741878050251658
20,1,partial,individual,-1.2742250007661857
20,2,partial,individual,-0.01966738980569943
20,3,partial,individual,0.03660621616977894
21,0,partial,individual,-2.333970781259559
21,1,partial,individual,1.0223283042891584
21,2,partial,individual,-0.019667389805699653
21,3,partial,individual,0.03660621616977888
22,0,partial,individual,1.0221731306858537
22,1,partial,individual,0.941489467425256
22,2,partial,individual,-0.019667389805699487
22,3,partial,individual,0.03660621616977899
23,0,partial,individual,-0.7875189902890376
23,1,partial,individual,-0.11043970739560477
23,2,partial,individual,-0.01966738980569946
23,3,partial,individual,0.03660621616977866
24,0,partial,individual,-2.5879155403141345
24,1,partial,individual,-1.9445038309730762
24,2,partial,individual,-0.019667389805699598
24,3,partial,individual,0.03660621616977866
25,0,partial,individual,-0.6971674831625585
25,1,partial,individual,2.645960773098323
25,2,partial,individual,-0.019667389805699487
25,3,partial,individual,0.03660621616977899
26,0,partial,individual,-1.8090621314647761
26,1,partial,individual,-0.36174232587056454
26,2,partial,individual,-0.019667389805699487
26,3,partial,individual,0.03660621616977888
27,0,partial,individual,1.7419333148024554
27,1,partial,individual,-3.403860808924856
27,2,partial,individual,-0.019667389805699764
27,3,partial,individual,0.03660621616977883
28,0,partial,individual,-1.1295250666558685
28,1,partial,individual,-2.841640102821374
28,2,partial,individual,-0.019667389805699376
28,3,partial,individual,0.03660621616977866
29,0,partial,individual,0.5255925967458788
29,1,partial,individual,0.09259106827431254
29,2,partial,individual,-0.01966738980569943
29,3,partial,individual,0.036606216169778744
30,0,partial,individual,-1.988981044732642
30,1,partial,individual,0.4072676559290805
30,2,partial,individual,-0.019667389805699376
30,3,partial,individual,0.03660621616977855
31,0,partial,individual,1.7315303216098554
31,1,partial,individual,0.7622662795115221
31,2,partial,individual,-0.019667389805699487
31,3,partial,individual,0.03660621616977899
32,0,partial,individual,-1.2208090374189908
32,1,partial,individual,-1.803238550964365
32,2,partial,individual,-0.019667389805699376
32,3,partial,individual,0.03660621616977888
33,0,partial,individual,1.3312553470042463
33,1,partial,individual,-0.3952944365218697
33,2,partial,individual,-0.01966738980569957
33,3,partial,individual,0.036606216169778716
34,0,partial,individual,0.6874111321296967
34,1,partial,individual,1.7242563981873746
34,2,partial,individual,-0.019667389805699487
34,3,partial,individual,0.03660621616977877
35,0,partial,individual,0.8893811143510612
35,1,partial,individual,-1.9290947595443138
35,2,partial,individual,-0.01966738980569943
35,3,partial,individual,0.036606216169778716
36,0,partial,individual,-1.5674950949406616
36,1,partial,individual,-0.7813545187080888
36,2,partial,individual,-0.019667389805699487
36,3,partial,individual,0.03660621616977877
37,0,partial,individual,2.193677445179593
37,1,partial,individual,0.3628375789239132
37,2,partial,individual,-0.019667389805699376
37,3,partial,individual,0.03660621616977899
38,0,partial,individual,-3.292506001780663
38,1,partial,individual,-0.923179021304092
38,2,partial,individual,-0.019667389805699598
38,3,partial,individual,0.036606216169779104
39,0,partial,individual,0.3206077372439311
39,1,partial,individual,2.0133257590456815
39,2,partial,individual,-0.019667389805699487
39,3,partial,individual,0.03660621616977877
40,0,partial,individual,-1.8721161196486613
40,1,partial,individual,-1.4007567332486868
40,2,partial,individual,-0.01966738980569971
40,3,partial,individual,0.03660621616977877
41,0,partial,individual,1.7382922237844936
41,1,partial,individual,-1.7559666211517988
41,2,partial,individual,-0.019667389805699376
41,3,partial,individual,0.03660621616977877
42,0,partial,individual,-0.2537255769113597
42,1,partial,individual,-0.03257050250347754
42,2,partial,individual,-0.019667389805699487
42,3,partial,individual,0.036606216169778785
43,0,partial,individual,-0.8509454804092278
43,1,partial,individual,-2.4009745333567767
43,2,partial,individual,-0.01966738980569971
43,3,partial,individual,0.03660621616977899
44,0,partial,individual,3.2208088491395923
44,1,partial,individual,0.36872048570127036
44,2,partial,individual,-0.019667389805699487
44,3,partial,individual,0.03660621616977855
45,0,partial,individual,2.6741458412577885
45,1,partial,individual,0.48743797808442113
45,2,partial,individual,-0.019667389805699154
45,3,partial,individual,0.03660621616977844
46,0,partial,individual,0.9181005509701469
46,1,partial,individual,3.118760149912852
46,2,partial,individual,-0.019667389805699598
46,3,partial,individual,0.036606216169779104
47,0,partial,individual,-2.678915279114111
47,1,partial,individual,3.348979371182642
47,2,partial,individual,-0.019667389805699348
47,3,partial,individual,0.0366062161697788
48,0,partial,individual,-0.7072259224179542
48,1,partial,individual,2.970217183513163
48,2,partial,individual,-0.019667389805699376
48,3,partial,individual,0.036606216169778216
49,0,partial,individual,1.3476215322676586
49,1,partial,individual,-0.7398727056574662
49,2,partial,individual,-0.019667389805699445
49,3,partial,individual,0.036606216169778785
50,0,partial,individual,0.7355751760158971
50,1,partial,individual,2.8623507292292003
50,2,partial,individual,-0.019667389805699487
50,3,partial,individual,0.03660621616977877
51,0,partial,individual,-4.044149769016893
51,1,partial,individual,-0.04847364285372335
51,2,partial,individual,-0.01966738980569982
51,3,partial,individual,0.03660621616977888
52,0,partial,individual,-1.6980332077986962
52,1,partial,individual,-0.6189748051858878
52,2,partial,individual,-0.019667389805699487
52,3,partial,individual,0.036606216169779215
53,0,partial,individual,0.12114508874101984
53,1,partial,individual,-0.9189043844567402
53,2,partial,individual,-0.019667389805699514
53,3,partial,individual,0.036606216169778855
54,0,partial,individual,1.1370123577707973
54,1,partial,individual,2.7222590783732574
54,2,partial,individual,-0.01966738980569971
54,3,partial,individual,0.03660621616977877
55,0,partial,individual,-0.3882865465428172
55,1,partial,individual,0.5336415395752466
55,2,partial,individual,-0.01966738980569946
55,3,partial,individual,0.03660621616977879
56,0,partial,individual,0.24096774969232643
56,1,partial,individual,0.5051200611327507
56,2,partial,individual,-0.01966738980569946
56,3,partial,individual,0.03660621616977877
57,0,partial,individual,-1.6481710304575334
57,1,partial,individual,-0.5255452371643867
57,2,partial,individual,-0.01966738980569971
57,3,partial,individual,0.03660621616977855
58,0,partial,individual,0.6915971504276279
58,1,partial,individual,2.45931248569579
58,2,partial,individual,-0.019667389805699376
58,3,partial,individual,0.03660621616977888
59,0,partial,individual,-4.238555740337963
59,1,partial,individual,-0.27624534616562824
59,2,partial,individual,-0.019667389805699154
59,3,partial,individual,0.03660621616977866
60,0,partial,individual,-1.6954477412790803
60,1,partial,individual,-0.13951265165783872
60,2,partial,individual,-0.01966738980569971
60,3,partial,individual,0.036606216169778716
61,0,partial,individual,4.322095565190399
61,1,partial,individual,-2.5245412594075707
61,2,partial,individual,-0.019667389805699542
61,3,partial,individual,0.036606216169778494
62,0,partial,individual,5.875110614160347
62,1,partial,individual,-2.2929547540684605
62,2,partial,individual,-0.019667389805699265
62,3,partial,individual,0.03660621616977899
63,0,partial,individual,3.5202867626308016
63,1,partial,individual,-1.9237355782288117
63,2,partial,individual,-0.019667389805699376
63,3,partial,individual,0.03660621616977855
64,0,partial,individual,0.9301304734603408
64,1,partial,individual,-0.7029945711862431
64,2,partial,individual,-0.01966738980569945
64,3,partial,individual,0.036606216169778785
65,0,partial,individual,-0.41694177012911493
65,1,partial,individual,-0.4835762194852804
65,2,partial,individual,-0.019667389805699487
65,3,partial,individual,0.03660621616977877
66,0,partial,individual,1.0037405389936125
66,1,partial,individual,2.073245927041469
66,2,partial,individual,-0.019667389805699598
66,3,partial,individual,0.03660621616977855
67,0,partial,individual,0.16623271624553848
67,1,partial,individual,0.04907912427598393
67,2,partial,individual,-0.019667389805699462
67,3,partial,individual,0.036606216169778785
68,0,partial,individual,-0.1349177940422166
68,1,partial,individual,4.232981454761467
68,2,partial,individual,-0.019667389805699376
68,3,partial,individual,0.036606216169779104
69,0,partial,individual,-1.4676389178002427
69,1,partial,individual,-2.1747084684330673
69,2,partial,individual,-0.019667389805699154
69,3,partial,individual,0.03660621616977888
70,0,partial,individual,1.0209655505474293
70,1,partial,individual,-3.438373248678155
70,2,partial,individual,-0.019667389805699265
70,3,partial,individual,0.03660621616977877
71,0,partial,individual,-2.163001494260675
71,1,partial,individual,-0.8936288189133352
71,2,partial,individual,-0.019667389805699487
71,3,partial,individual,0.03660621616977899
72,0,partial,individual,-0.5250323498796422
72,1,partial,individual,-0.1579540936049082
72,2,partial,individual,-0.01966738980569943
72,3,partial,individual,0.03660621616977888
73,0,partial,individual,3.0054195912156607
73,1,partial,individual,-5.08162836612053
73,2,partial,individual,-0.019667389805699376
73,3,partial,individual,0.036606216169779326
74,0,partial,individual,0.6523403673190085
74,1,partial,individual,-0.6945161822502299
74,2,partial,individual,-0.019667389805699445
74,3,partial,individual,0.0366062161697787
75,0,partial,individual,3.517589514186539
75,1,partial,individual,-3.0171521675301523
75,2,partial,individual,-0.019667389805699723
75,3,partial,individual,0.03660621616977909
76,0,partial,individual,-0.06292955535255967
76,1,partial,individual,-2.0557469612010832
76,2,partial,individual,-0.019667389805699376
76,3,partial,individual,0.03660621616977888
77,0,partial,individual,1.2261709026872138
77,1,partial,individual,3.511658629906628
77,2,partial,individual,-0.019667389805699376
77,3,partial,individual,0.03660621616977888
78,0,partial,individual,3.550787529472414
78,1,partial,individual,0.9264215918015937
78,2,partial,individual,-0.019667389805699598
78,3,partial,individual,0.03660621616977866
79,0,partial,individual,0.1930373838490051
79,1,partial,individual,-1.3451823432218113
79,2,partial,individual,-0.01966738980569943
79,3,partial,individual,0.03660621616977877
80,0,partial,individual,1.6259150099583286
80,1,partial,individual,-0.3321853296803476
80,2,partial,individual,-0.019667389805699376
80,3,partial,individual,0.03660621616977888
81,0,partial,individual,3.7043467433783333
81,1,partial,individual,1.5096688396373212
81,2,partial,individual,-0.019667389805699376
81,3,partial,individual,0.03660621616977888
82,0,partial,individual,-2.286263638591832
82,1,partial,individual,-0.9870882822764732
82,2,partial,individual,-0.019667389805699598
82,3,partial,individual,0.03660621616977888
83,0,partial,individual,-1.3392717079177676
83,1,partial,individual,-1.9774270813554464
83,2,partial,individual,-0.019667389805699376
83,3,partial,individual,0.03660621616977888
84,0,partial,individual,-1.283642154907576
84,1,partial,individual,0.6725916613649284
84,2,partial,individual,-0.01966738980569946
84,3,partial,individual,0.036606216169778855
85,0,partial,individual,-4.526811900575977
85,1,partial,individual,0.6573144486345345
85,2,partial,individual,-0.019667389805699487
85,3,partial,individual,0.03660621616977855
86,0,partial,individual,3.2951114821497924
86,1,partial,individual,-4.075332927144773
86,2,partial,individual,-0.019667389805699764
86,3,partial,individual,0.036606216169778716
87,0,partial,individual,-3.1061639366114306
87,1,partial,individual,2.9992109955542428
87,2,partial,individual,-0.019667389805699473
87,3,partial,individual,0.03660621616977862
88,0,partial,individual,-1.0830713513264287
88,1,partial,individual,1.6755570120950893
88,2,partial,individual,-0.01966738980569943
88,3,partial,individual,0.036606216169778744
89,0,partial,individual,0.5290450159724722
89,1,partial,individual,0.5893042953038804
89,2,partial,individual,-0.019667389805699598
89,3,partial,individual,0.0366062161697788
90,0,partial,individual,-0.24548755311048553
90,1,partial,individual,0.8152831823046832
90,2,partial,individual,-0.019667389805699473
90,3,partial,individual,0.036606216169778785
91,0,partial,individual,-0.1904117884858607
91,1,partial,individual,3.010218034669005
91,2,partial,individual,-0.019667389805699487
91,3,partial,individual,0.03660621616977888
92,0,partial,individual,0.46479873492306023
92,1,partial,individual,1.7367668691941511
92,2,partial,individual,-0.019667389805699376
92,3,partial,individual,0.03660621616977866
93,0,partial,individual,1.7749342217930217
93,1,partial,individual,1.7316393984286655
93,2,partial,individual,-0.01966738980569971
93,3,partial,individual,0.03660621616977866
94,0,partial,individual,-0.35085915483125185
94,1,partial,individual,-3.9559655927427313
94,2,partial,individual,-0.019667389805699598
94,3,partial,individual,0.03660621616977866
95,0,partial,individual,0.27577989544330916
95,1,partial,individual,2.6665943745560536
95,2,partial,individual,-0.019667389805699487
95,3,partial,individual,0.03660621616977888
96,0,partial,individual,-3.145565895772455
96,1,partial,individual,-1.5385025975395248
96,2,partial,individual,-0.019667389805699598
96,3,partial,individual,0.03660621616977888
97,0,partial,individual,0.6128657984870219
97,1,partial,individual,-2.7750921962176403
97,2,partial,individual,-0.019667389805699265
97,3,partial,individual,0.03660621616977888
98,0,partial,individual,-0.8845603473352589
98,1,partial,individual,0.9671847453087193
98,2,partial,individual,-0.01966738980569957
98,3,partial,individual,0.03660621616977865
99,0,partial,individual,1.5814411217003355
99,1,partial,individual,0.507085085063092
99,2,partial,individual,-0.019667389805699376
99,3,partial,individual,0.03660621616977877
0,0,full,individual,0.6931274829728238
0,1,full,individual,-2.023201249317009
0,2,full,individual,0.0
0,3,full,individual,0.0
1,0,full,individual,-3.8223747743094276
1,1,full,individual,-2.547308256877855
1,2,full,individual,0.0
1,3,full,individual,0.0
2,0,full,individual,0.04952120296069573
2,1,full,individual,-1.6495232313134658
2,2,full,individual,0.0
2,3,full,individual,0.0
3,0,full,individual,0.21533171050685063
3,1,full,individual,2.3089036271302783
3,2,full,individual,0.0
3,3,full,individual,0.0
4,0,full,individual,0.8213083743255594
4,1,full,individual,-1.8610860207161566
4,2,full,individual,0.0
4,3,full,individual,0.0
5,0,full,individual,-0.28689905287487094
5,1,full,individual,-1.3054807572376845
5,2,full,individual,0.0
5,3,full,individual,0.0
6,0,full,individual,-0.7742614478309984
6,1,full,individual,-0.6482446498899878
6,2,full,individual,0.0
6,3,full,individual,0.0
7,0,full,individual,0.9093499754348481
7,1,full,individual,0.9168170068583767
7,2,full,individual,0.0
7,3,full,individual,0.0
8,0,full,individual,-0.9422399784841
8,1,full,individual,-1.5710233388168457
8,2,full,individual,0.0
8,3,full,individual,0.0
9,0,full,individual,-0.1449435632993512
9,1,full,individual,-1.623762279142572
9,2,full,individual,0.0
9,3,full,individual,0.0
10,0,full,individual,1.5709788561368203
10,1,full,individual,1.1413619507623696
10,2,full,individual,0.0
10,3,full,individual,0.0
11,0,full,individual,0.31673170636790904
11,1,full,individual,0.4927818010621376
11,2,full,individual,0.0
11,3,full,individual,0.0
12,0,full,individual,1.4421836132718198
12,1,full,individual,0.19072630371957966
12,2,full,individual,0.0
12,3,full,individual,0.0
13,0,full,individual,-2.833740766991368
13,1,full,individual,-0.5833551180391114
13,2,full,individual,0.0
13,3,full,individual,0.0
14,0,full,individual,-0.4676188253081843
14,1,full,individual,3.0439058463523363
14,2,full,individual,0.0
14,3,full,individual,0.0
15,0,full,individual,-3.285568688411228
15,1,full,individual,-0.6137662782482614
15,2,full,individual,0.0
15,3,full,individual,0.0
16,0,full,individual,1.5068669129348846
16,1,full,individual,1.6414770820003086
16,2,full,individual,0.0
16,3,full,individual,0.0
17,0,full,individual,1.8006255899390027
17,1,full,individual,-0.32676027617059034
17,2,full,individual,0.0
17,3,full,individual,0.0
18,0,full,individual,-1.7573807628939737
18,1,full,individual,1.0494246844891038
18,2,full,individual,0.0
18,3,full,individual,0.0
19,0,full,individual,-0.7721091907148842
19,1,full,individual,0.37254909341462317
19,2,full,individual,0.0
19,3,full,individual,0.0
20,0,full,individual,0.9975132811890621
20,1,full,individual,-1.267494119583637
20,2,full,individual,0.0
20,3,full,individual,0.0
21,0,full,individual,-2.3106453050956652
21,1,full,individual,1.029059185471706
21,2,full,individual,0.0
21,3,full,individual,0.0
22,0,full,individual,1.0454986068497503
22,1,full,individual,0.9482203486078052
22,2,full,individual,0.0
22,3,full,individual,0.0
23,0,full,individual,-0.7641935141251417
23,1,full,individual,-0.10370882621305577
23,2,full,individual,0.0
23,3,full,individual,0.0
24,0,full,individual,-2.564590064150242
24,1,full,individual,-1.9377729497905323
24,2,full,individual,0.0
24,3,full,individual,0.0
25,0,full,individual,-0.6738420069986617
25,1,full,individual,2.652691654280873
25,2,full,individual,0.0
25,3,full,individual,0.0
26,0,full,individual,-1.7857366553008807
26,1,full,individual,-0.3550114446880157
26,2,full,individual,0.0
26,3,full,individual,0.0
27,0,full,individual,1.7652587909663502
27,1,full,individual,-3.397129927742311
27,2,full,individual,0.0
27,3,full,individual,0.0
28,0,full,individual,-1.1061995904919755
28,1,full,individual,-2.83490922163883
28,2,full,individual,0.0
28,3,full,individual,0.0
29,0,full,individual,0.5489180729097747
29,1,full,individual,0.09932194945686124
29,2,full,individual,0.0
29,3,full,individual,0.0
30,0,full,individual,-1.9656555685687478
30,1,full,individual,0.41399853711162815
30,2,full,individual,0.0
30,3,full,individual,0.0
31,0,full,individual,1.7548557977737484
31,1,full,individual,0.7689971606940669
31,2,full,individual,0.0
31,3,full,individual,0.0
32,0,full,individual,-1.1974835612550923
32,1,full,individual,-1.796507669781814
32,2,full,individual,0.0
32,3,full,individual,0.0
33,0,full,individual,1.3545808231681429
33,1,full,individual,-0.3885635553393205
33,2,full,individual,0.0
33,3,full,individual,0.0
34,0,full,individual,0.710736608293592
34,1,full,individual,1.7309872793699221
34,2,full,individual,0.0
34,3,full,individual,0.0
35,0,full,individual,0.9127065905149556
35,1,full,individual,-1.9223638783617663
35,2,full,individual,0.0
35,3,full,individual,0.0
36,0,full,individual,-1.544169618776767
36,1,full,individual,-0.7746236375255413
36,2,full,individual,0.0
36,3,full,individual,0.0
37,0,full,individual,2.2170029213434876
37,1,full,individual,0.3695684601064597
37,2,full,individual,0.0
37,3,full,individual,0.0
38,0,full,individual,-3.2691805256167714
38,1,full,individual,-0.9164481401215494
38,2,full,individual,0.0
38,3,full,individual,0.0
39,0,full,individual,0.3439332134078268
39,1,full,individual,2.0200566402282294
39,2,full,individual,0.0
39,3,full,individual,0.0
40,0,full,individual,-1.8487906434847625
40,1,full,individual,-1.3940258520661353
40,2,full,individual,0.0
40,3,full,individual,0.0
41,0,full,individual,1.761617699948389
41,1,full,individual,-1.7492357399692504
41,2,full,individual,0.0
41,3,full,individual,0.0
42,0,full,individual,-0.23040010074746456
42,1,full,individual,-0.025839621320929262
42,2,full,individual,0.0
42,3,full,individual,0.0
43,0,full,individual,-0.8276200042453365
43,1,full,individual,-2.3942436521742327
43,2,full,individual,0.0
43,3,full,individual,0.0
44,0,full,individual,3.2441343253034916
44,1,full,individual,0.3754513668838233
44,2,full,individual,0.0
44,3,full,individual,0.0
45,0,full,individual,2.697471317421688
45,1,full,individual,0.49416885926697374
45,2,full,individual,0.0
45,3,full,individual,0.0
46,0,full,individual,0.9414260271340491
46,1,full,individual,3.1254910310954065
46,2,full,individual,0.0
46,3,full,individual,0.0
47,0,full,individual,-2.655589802950216
47,1,full,individual,3.355710252365191
47,2,full,individual,0.0
47,3,full,individual,0.0
48,0,full,individual,-0.6839004462540559
48,1,full,individual,2.976948064695714
48,2,full,individual,0.0
48,3,full,individual,0.0
49,0,full,individual,1.3709470084315547
49,1,full,individual,-0.7331418244749182
49,2,full,individual,0.0
49,3,full,individual,0.0
50,0,full,individual,0.7589006521797881
50,1,full,individual,2.869081610411744
50,2,full,individual,0.0
50,3,full,individual,0.0
51,0,full,individual,-4.020824292852998
51,1,full,individual,-0.041742761671176076
51,2,full,individual,0.0
51,3,full,individual,0.0
52,0,full,individual,-1.674707731634803
52,1,full,individual,-0.6122439240033415
52,2,full,individual,0.0
52,3,full,individual,0.0
53,0,full,individual,0.14447056490491572
53,1,full,individual,-0.9121735032741913
53,2,full,individual,0.0
53,3,full,individual,0.0
54,0,full,individual,1.1603378339346913
54,1,full,individual,2.728989959555804
54,2,full,individual,0.0
54,3,full,individual,0.0
55,0,full,individual,-0.3649610703789219
55,1,full,individual,0.5403724207577949
55,2,full,individual,0.0
55,3,full,individual,0.0
56,0,full,individual,0.264293225856221
56,1,full,individual,0.5118509423152982
56,2,full,individual,0.0
56,3,full,individual,0.0
57,0,full,individual,-1.62484555429364
57,1,full,individual,-0.5188143559818401
57,2,full,individual,0.0
57,3,full,individual,0.0
58,0,full,individual,0.7149226265915232
58,1,full,individual,2.466043366878338
58,2,full,individual,0.0
58,3,full,individual,0.0
59,0,full,individual,-4.215230264174062
59,1,full,individual,-0.2695144649830734
59,2,full,individual,0.0
59,3,full,individual,0.0
60,0,full,individual,-1.6721222651151846
60,1,full,individual,-0.13278177047528872
60,2,full,individual,0.0
60,3,full,individual,0.0
61,0,full,individual,4.345421041354293
61,1,full,individual,-2.5178103782250254
61,2,full,individual,0.0
61,3,full,individual,0.0
62,0,full,individual,5.898436090324243
62,1,full,individual,-2.286223872885913
62,2,full,individual,0.0
62,3,full,individual,0.0
63,0,full,individual,3.5436122387946973
63,1,full,individual,-1.9170046970462622
63,2,full,individual,0.0
63,3,full,individual,0.0
64,0,full,individual,0.9534559496242365
64,1,full,individual,-0.6962636900036945
64,2,full,individual,0.0
64,3,full,individual,0.0
65,0,full,individual,-0.39361629396522
65,1,full,individual,-0.4768453383027328
65,2,full,individual,0.0
65,3,full,individual,0.0
66,0,full,individual,1.0270660151575108
66,1,full,individual,2.079976808224019
66,2,full,individual,0.0
66,3,full,individual,0.0
67,0,full,individual,0.18955819240943383
67,1,full,individual,0.055810005458532236
67,2,full,individual,0.0
67,3,full,individual,0.0
68,0,full,individual,-0.11159231787832358
68,1,full,individual,4.239712335944014
68,2,full,individual,0.0
68,3,full,individual,0.0
69,0,full,individual,-1.444313441636342
69,1,full,individual,-2.1679775872505145
69,2,full,individual,0.0
69,3,full,individual,0.0
70,0,full,individual,1.044291026711325
70,1,full,individual,-3.4316423674956074
70,2,full,individual,0.0
70,3,full,individual,0.0
71,0,full,individual,-2.139676018096776
71,1,full,individual,-0.8868979377307853
71,2,full,individual,0.0
71,3,full,individual,0.0
72,0,full,individual,-0.5017068737157463
72,1,full,individual,-0.1512232124223598
72,2,full,individual,0.0
72,3,full,individual,0.0
73,0,full,individual,3.0287450673795537
73,1,full,individual,-5.074897484937982
73,2,full,individual,0.0
73,3,full,individual,0.0
74,0,full,individual,0.6756658434829038
74,1,full,individual,-0.6877853010676819
74,2,full,individual,0.0
74,3,full,individual,0.0
75,0,full,individual,3.5409149903504353
75,1,full,individual,-3.0104212863476043
75,2,full,individual,0.0
75,3,full,individual,0.0
76,0,full,individual,-0.03960407918866471
76,1,full,individual,-2.0490160800185353
76,2,full,individual,0.0
76,3,full,individual,0.0
77,0,full,individual,1.2494963788511124
77,1,full,individual,3.51838951108918
77,2,full,individual,0.0
77,3,full,individual,0.0
78,0,full,individual,3.5741130056363115
78,1,full,individual,0.9331524729841445
78,2,full,individual,0.0
78,3,full,individual,0.0
79,0,full,individual,0.2163628600129026
79,1,full,individual,-1.3384514620392614
79,2,full,individual,0.0
79,3,full,individual,0.0
80,0,full,individual,1.6492404861222232
80,1,full,individual,-0.3254544484977997
80,2,full,individual,0.0
80,3,full,individual,0.0
81,0,full,individual,3.7276722195422276
81,1,full,individual,1.5163997208198694
81,2,full,individual,0.0
81,3,full,individual,0.0
82,0,full,individual,-2.2629381624279334
82,1,full,individual,-0.9803574010939213
82,2,full,individual,0.0
82,3,full,individual,0.0
83,0,full,individual,-1.3159462317538702
83,1,full,individual,-1.9706962001728965
83,2,full,individual,0.0
83,3,full,individual,0.0
84,0,full,individual,-1.2603166787436801
84,1,full,individual,0.6793225425474773
84,2,full,individual,0.0
84,3,full,individual,0.0
85,0,full,individual,-4.503486424412079
85,1,full,individual,0.664045329817085
85,2,full,individual,0.0
85,3,full,individual,0.0
86,0,full,individual,3.318436958313691
86,1,full,individual,-4.0686020459622245
86,2,full,individual,0.0
86,3,full,individual,0.0
87,0,full,individual,-3.082838460447536
87,1,full,individual,3.005941876736792
87,2,full,individual,0.0
87,3,full,individual,0.0
88,0,full,individual,-1.0597458751625333
88,1,full,individual,1.682287893277639
88,2,full,individual,0.0
88,3,full,individual,0.0
89,0,full,individual,0.5523704921363661
89,1,full,individual,0.5960351764864272
89,2,full,individual,0.0
89,3,full,individual,0.0
90,0,full,individual,-0.22216207694658957
90,1,full,individual,0.8220140634872319
90,2,full,individual,0.0
90,3,full,individual,0.0
91,0,full,individual,-0.1670863123219637
91,1,full,individual,3.0169489158515557
91,2,full,individual,0.0
91,3,full,individual,0.0
92,0,full,individual,0.48812421108695436
92,1,full,individual,1.7434977503766977
92,2,full,individual,0.0
92,3,full,individual,0.0
93,0,full,individual,1.7982596979569208
93,1,full,individual,1.7383702796112186
93,2,full,individual,0.0
93,3,full,individual,0.0
94,0,full,individual,-0.32753367866735683
94,1,full,individual,-3.9492347115601825
94,2,full,individual,0.0
94,3,full,individual,0.0
95,0,full,individual,0.29910537160720585
95,1,full,individual,2.6733252557386034
95,2,full,individual,0.0
95,3,full,individual,0.0
96,0,full,individual,-3.1222404196085596
96,1,full,individual,-1.531771716356976
96,2,full,individual,0.0
96,3,full,individual,0.0
97,0,full,individual,0.636191274650916
97,1,full,individual,-2.7683613150350928
97,2,full,individual,0.0
97,3,full,individual,0.0
98,0,full,individual,-0.8612348711713637
98,1,full,individual,0.9739156264912675
98,2,full,individual,0.0
98,3,full,individual,0.0
99,0,full,individual,1.6047665978642285
99,1,full,individual,0.5138159662456381
99,2,full,individual,0.0
99,3,full,individual,0.0
