id,application,subtype,dataset,model,construction,n_players,reference
local-01,local,,adult_census,random_forest,local_baseline,12,enumeration
local-02,local,,adult_census,xgboost,local_marginal,12,enumeration
local-03,local,,adult_census,lightgbm,pathdependent_tree,12,enumeration
local-04,local,,adult_census,tabpfn_prediction,local_baseline,12,enumeration
local-05,local,,wine_quality,random_forest,interventional_tree,12,enumeration
local-06,local,,wine_quality,xgboost,local_baseline,12,enumeration
local-07,local,,wine_quality,lightgbm,local_marginal,12,enumeration
local-08,local,,wine_quality,rbf_svm,local_baseline,12,enumeration
local-09,local,,mushroom,random_forest,interventional_tree,20,enumeration
local-10,local,,mushroom,xgboost,pathdependent_tree,16,enumeration
local-11,local,,mushroom,lightgbm,pathdependent_tree,16,enumeration
local-12,local,,mushroom,tabpfn_prediction,local_baseline,12,enumeration
local-13,local,,ionosphere,random_forest,interventional_tree,32,tree_solver
local-14,local,,ionosphere,xgboost,pathdependent_tree,32,tree_solver
local-15,local,,ionosphere,lightgbm,pathdependent_tree,32,tree_solver
local-16,local,,ionosphere,gaussian_process,local_baseline,12,enumeration
local-17,local,,communities_and_crime,random_forest,interventional_tree,64,tree_solver
local-18,local,,communities_and_crime,xgboost,pathdependent_tree,64,tree_solver
local-19,local,,communities_and_crime,lightgbm,pathdependent_tree,64,tree_solver
local-20,local,,communities_and_crime,gaussian_process,local_baseline,12,enumeration
local-21,local,,nhanesi,random_forest,interventional_tree,64,tree_solver
local-22,local,,nhanesi,xgboost,pathdependent_tree,64,tree_solver
local-23,local,,nhanesi,lightgbm,pathdependent_tree,64,tree_solver
local-24,local,,nhanesi,gaussian_process,local_baseline,12,enumeration
local-25,local,,tabarena_bioresponse,xgboost,pathdependent_tree,32,tree_solver
local-26,local,,tabarena_bioresponse,xgboost,pathdependent_tree,128,tree_solver
local-27,local,,tabarena_bioresponse,xgboost,pathdependent_tree,512,tree_solver
local-28,local,,tabarena_bioresponse,random_forest,interventional_tree,256,tree_solver
local-29,local,,tabarena_qsar_tid11,random_forest,interventional_tree,32,tree_solver
local-30,local,,tabarena_qsar_tid11,random_forest,interventional_tree,128,tree_solver
local-31,local,,tabarena_qsar_tid11,random_forest,interventional_tree,512,tree_solver
local-32,local,,tabarena_qsar_tid11,lightgbm,pathdependent_tree,256,tree_solver
data-01,data,retraining_groups,adult_census,random_forest,dataset_valuation,12,enumeration
data-02,data,retraining_groups,adult_census,xgboost,dataset_valuation,12,enumeration
data-03,data,retraining_groups,wine_quality,random_forest,dataset_valuation,12,enumeration
data-04,data,retraining_groups,wine_quality,lightgbm,dataset_valuation,12,enumeration
data-05,data,retraining_groups,mushroom,random_forest,dataset_valuation,12,enumeration
data-06,data,retraining_groups,mushroom,xgboost,dataset_valuation,12,enumeration
data-07,data,retraining_groups,ionosphere,random_forest,dataset_valuation,12,enumeration
data-08,data,retraining_groups,ionosphere,lightgbm,dataset_valuation,12,enumeration
data-09,data,retraining_groups,communities_and_crime,random_forest,dataset_valuation,12,enumeration
data-10,data,retraining_groups,communities_and_crime,xgboost,dataset_valuation,12,enumeration
data-11,data,retraining_groups,nhanesi,random_forest,dataset_valuation,12,enumeration
data-12,data,retraining_groups,nhanesi,lightgbm,dataset_valuation,12,enumeration
data-13,data,retraining_groups,tabarena_bioresponse,random_forest,dataset_valuation,12,enumeration
data-14,data,retraining_groups,tabarena_bioresponse,xgboost,dataset_valuation,12,enumeration
data-15,data,retraining_groups,tabarena_qsar_tid11,random_forest,dataset_valuation,12,enumeration
data-16,data,retraining_groups,tabarena_qsar_tid11,lightgbm,dataset_valuation,12,enumeration
data-17,data,neighbor_examples,adult_census,knn,knn,32,neighbor_solver
data-18,data,neighbor_examples,adult_census,knn,knn,512,neighbor_solver
data-19,data,neighbor_examples,adult_census,tnn,tnn,32,neighbor_solver
data-20,data,neighbor_examples,adult_census,tnn,tnn,512,neighbor_solver
data-21,data,neighbor_examples,mushroom,knn,knn,64,neighbor_solver
data-22,data,neighbor_examples,mushroom,knn,knn,256,neighbor_solver
data-23,data,neighbor_examples,mushroom,tnn,tnn,64,neighbor_solver
data-24,data,neighbor_examples,mushroom,tnn,tnn,256,neighbor_solver
data-25,data,neighbor_examples,tabarena_bioresponse,knn,knn,128,neighbor_solver
data-26,data,neighbor_examples,tabarena_bioresponse,knn,knn,512,neighbor_solver
data-27,data,neighbor_examples,tabarena_bioresponse,tnn,tnn,128,neighbor_solver
data-28,data,neighbor_examples,tabarena_bioresponse,tnn,tnn,512,neighbor_solver
data-29,data,neighbor_examples,ionosphere,knn,knn,32,neighbor_solver
data-30,data,neighbor_examples,ionosphere,knn,knn,128,neighbor_solver
data-31,data,neighbor_examples,ionosphere,tnn,tnn,32,neighbor_solver
data-32,data,neighbor_examples,ionosphere,tnn,tnn,128,neighbor_solver
features-01,features,,adult_census,random_forest,feature_selection,12,enumeration
features-02,features,,adult_census,xgboost,feature_selection,12,enumeration
features-03,features,,adult_census,lightgbm,feature_selection,12,enumeration
features-04,features,,adult_census,rbf_svm,feature_selection,12,enumeration
features-05,features,,wine_quality,random_forest,feature_selection,12,enumeration
features-06,features,,wine_quality,xgboost,feature_selection,12,enumeration
features-07,features,,wine_quality,lightgbm,feature_selection,12,enumeration
features-08,features,,wine_quality,mlp,feature_selection,12,enumeration
features-09,features,,mushroom,random_forest,feature_selection,12,enumeration
features-10,features,,mushroom,xgboost,feature_selection,12,enumeration
features-11,features,,mushroom,lightgbm,feature_selection,12,enumeration
features-12,features,,mushroom,rbf_svm,feature_selection,12,enumeration
features-13,features,,ionosphere,random_forest,feature_selection,12,enumeration
features-14,features,,ionosphere,xgboost,feature_selection,12,enumeration
features-15,features,,ionosphere,lightgbm,feature_selection,12,enumeration
features-16,features,,ionosphere,rbf_svm,feature_selection,12,enumeration
features-17,features,,communities_and_crime,random_forest,feature_selection,12,enumeration
features-18,features,,communities_and_crime,xgboost,feature_selection,12,enumeration
features-19,features,,communities_and_crime,lightgbm,feature_selection,12,enumeration
features-20,features,,communities_and_crime,mlp,feature_selection,12,enumeration
features-21,features,,nhanesi,random_forest,feature_selection,12,enumeration
features-22,features,,nhanesi,xgboost,feature_selection,12,enumeration
features-23,features,,nhanesi,lightgbm,feature_selection,12,enumeration
features-24,features,,nhanesi,rbf_svm,feature_selection,12,enumeration
features-25,features,,tabarena_bioresponse,random_forest,feature_selection,12,enumeration
features-26,features,,tabarena_bioresponse,xgboost,feature_selection,12,enumeration
features-27,features,,tabarena_bioresponse,lightgbm,feature_selection,12,enumeration
features-28,features,,tabarena_bioresponse,mlp,feature_selection,12,enumeration
features-29,features,,tabarena_qsar_tid11,random_forest,feature_selection,12,enumeration
features-30,features,,tabarena_qsar_tid11,xgboost,feature_selection,12,enumeration
features-31,features,,tabarena_qsar_tid11,lightgbm,feature_selection,12,enumeration
features-32,features,,tabarena_qsar_tid11,mlp,feature_selection,12,enumeration
