month,credit_amount,credit_term,age,sex,education,product_type,having_children_flg,region,income,family_status,phone_operator,is_client,__target__
3,15500,12,28,1.0,0.0,13.0,0.0,2.0,26000,1.0,1.0,0.0,0
3,25500,16,22,0.0,5.0,3.0,0.0,2.0,31000,0.0,0.0,1.0,0
4,31000,18,32,0.0,5.0,3.0,0.0,2.0,13000,0.0,1.0,1.0,1
4,23500,10,22,0.0,5.0,13.0,0.0,2.0,31000,0.0,1.0,1.0,0
7,8000,8,31,0.0,5.0,6.0,0.0,2.0,31000,0.0,0.0,0.0,0
7,18000,10,35,1.0,4.0,11.0,1.0,2.0,101000,0.0,1.0,0.0,0
7,127000,15,50,0.0,0.0,19.0,1.0,2.0,66000,0.0,1.0,1.0,0
10,19000,4,60,1.0,5.0,11.0,0.0,2.0,9000,1.0,1.0,0.0,0
7,35000,6,42,0.0,5.0,13.0,1.0,2.0,51000,0.0,2.0,1.0,0
3,37000,12,26,1.0,0.0,13.0,1.0,2.0,27000,1.0,3.0,0.0,0
2,31000,16,56,1.0,5.0,3.0,1.0,2.0,33000,0.0,0.0,1.0,0
12,9000,12,32,1.0,5.0,3.0,1.0,2.0,13000,0.0,1.0,0.0,1
2,13500,6,24,0.0,0.0,7.0,0.0,2.0,21000,0.0,0.0,1.0,0
12,22000,12,37,1.0,5.0,13.0,1.0,2.0,22000,0.0,1.0,0.0,0
7,23500,6,36,1.0,0.0,13.0,1.0,2.0,31000,0.0,1.0,0.0,0
1,37500,3,40,0.0,0.0,13.0,1.0,0.0,51000,0.0,1.0,1.0,0
1,31500,6,39,1.0,5.0,3.0,0.0,0.0,42000,1.0,1.0,1.0,0
11,10000,12,29,1.0,0.0,3.0,1.0,2.0,24000,1.0,2.0,0.0,1
2,22000,12,49,0.0,5.0,6.0,1.0,2.0,41000,0.0,0.0,1.0,0
7,57000,8,26,0.0,0.0,11.0,1.0,2.0,31000,0.0,4.0,1.0,0
1,10500,10,49,0.0,5.0,13.0,0.0,0.0,16000,0.0,1.0,1.0,0
2,11000,3,29,0.0,5.0,11.0,0.0,1.0,31000,0.0,1.0,1.0,0
4,22000,4,24,0.0,4.0,14.0,0.0,0.0,61000,1.0,4.0,1.0,1
5,22500,12,62,1.0,0.0,21.0,1.0,2.0,16000,1.0,3.0,1.0,0
11,27000,10,25,1.0,0.0,13.0,0.0,2.0,31000,0.0,3.0,1.0,0
10,5500,6,26,0.0,4.0,3.0,0.0,2.0,21000,0.0,0.0,1.0,0
11,14000,12,31,1.0,5.0,5.0,1.0,2.0,16000,0.0,1.0,1.0,0
6,48500,6,25,0.0,0.0,6.0,0.0,1.0,91000,1.0,1.0,0.0,0
6,30000,18,26,1.0,5.0,3.0,1.0,2.0,33000,0.0,1.0,1.0,1
4,15000,10,34,1.0,5.0,11.0,0.0,2.0,19000,0.0,1.0,0.0,0
5,85500,15,44,0.0,5.0,11.0,1.0,2.0,41000,0.0,1.0,0.0,0
4,12000,6,47,0.0,4.0,3.0,0.0,2.0,31000,0.0,0.0,1.0,0
10,12500,6,24,0.0,5.0,13.0,0.0,2.0,23000,0.0,1.0,0.0,0
7,19000,12,73,1.0,5.0,21.0,0.0,2.0,16000,0.0,0.0,1.0,0
3,44000,12,41,0.0,5.0,6.0,1.0,2.0,81000,1.0,0.0,1.0,0
7,15000,6,22,0.0,5.0,6.0,0.0,2.0,19000,0.0,0.0,1.0,0
1,10000,11,42,1.0,5.0,13.0,1.0,2.0,21000,1.0,0.0,1.0,0
12,16500,12,25,0.0,0.0,13.0,0.0,2.0,36000,0.0,0.0,0.0,0
7,48000,24,35,1.0,4.0,1.0,1.0,2.0,16000,1.0,3.0,1.0,0
5,7000,3,58,1.0,5.0,13.0,1.0,2.0,31000,0.0,0.0,1.0,0
10,34000,12,54,1.0,5.0,13.0,0.0,2.0,11000,0.0,1.0,1.0,0
9,17500,24,35,0.0,0.0,11.0,1.0,2.0,41000,0.0,1.0,1.0,0
12,38000,10,54,1.0,5.0,0.0,0.0,2.0,44000,0.0,0.0,1.0,0
12,30000,4,68,1.0,0.0,5.0,0.0,0.0,41000,0.0,2.0,1.0,0
12,17500,10,64,0.0,0.0,3.0,0.0,2.0,36000,1.0,1.0,1.0,0
7,16500,5,34,1.0,5.0,13.0,0.0,2.0,18000,0.0,0.0,1.0,0
11,33500,12,53,0.0,4.0,11.0,0.0,2.0,19000,0.0,3.0,1.0,0
3,69000,24,42,1.0,5.0,13.0,1.0,2.0,36000,0.0,0.0,0.0,0
10,28500,24,31,0.0,5.0,13.0,1.0,2.0,31000,0.0,3.0,0.0,0
1,15000,6,33,0.0,5.0,11.0,1.0,2.0,14000,0.0,2.0,0.0,0
8,22500,12,19,0.0,5.0,3.0,0.0,2.0,31000,0.0,0.0,1.0,0
12,17000,12,36,0.0,5.0,3.0,0.0,2.0,41000,1.0,2.0,1.0,0
2,10000,6,23,0.0,1.0,13.0,1.0,2.0,19000,0.0,0.0,0.0,0
8,43000,10,33,1.0,5.0,21.0,1.0,0.0,28000,1.0,0.0,0.0,0
4,63500,15,23,1.0,5.0,19.0,0.0,0.0,34000,0.0,0.0,0.0,0
8,9500,6,45,1.0,5.0,13.0,1.0,2.0,24000,0.0,0.0,1.0,1
11,31000,12,21,1.0,0.0,13.0,1.0,0.0,36000,0.0,2.0,0.0,0
5,19000,24,28,1.0,5.0,13.0,0.0,2.0,31000,0.0,1.0,1.0,0
2,29000,11,25,1.0,0.0,10.0,0.0,0.0,56000,1.0,1.0,1.0,0
9,7000,12,37,1.0,5.0,3.0,1.0,0.0,31000,0.0,3.0,1.0,0
4,34500,12,26,1.0,5.0,11.0,1.0,2.0,76000,1.0,1.0,0.0,0
2,12500,4,32,1.0,4.0,6.0,1.0,2.0,19000,1.0,2.0,1.0,0
3,31000,12,22,0.0,1.0,3.0,0.0,2.0,31000,0.0,2.0,1.0,0
11,18500,12,33,1.0,5.0,13.0,1.0,2.0,16000,0.0,0.0,1.0,0
6,44000,12,23,0.0,5.0,6.0,0.0,2.0,23000,0.0,0.0,0.0,0
4,32500,24,26,0.0,1.0,13.0,0.0,0.0,121000,0.0,1.0,0.0,0
1,26000,10,38,1.0,0.0,13.0,1.0,0.0,51000,0.0,3.0,0.0,0
4,19000,12,27,0.0,5.0,3.0,0.0,0.0,31000,1.0,0.0,0.0,0
4,36500,24,44,1.0,5.0,21.0,1.0,0.0,26000,1.0,3.0,1.0,0
2,6500,10,38,1.0,0.0,3.0,1.0,2.0,16000,0.0,1.0,0.0,0
11,63500,24,26,1.0,0.0,13.0,1.0,2.0,56000,0.0,2.0,1.0,0
1,30000,12,26,0.0,5.0,3.0,0.0,2.0,41000,0.0,2.0,0.0,0
5,14500,10,35,1.0,5.0,3.0,1.0,2.0,40000,0.0,1.0,1.0,0
3,51500,8,34,0.0,0.0,20.0,0.0,0.0,51000,0.0,0.0,0.0,0
2,54000,3,45,1.0,0.0,13.0,0.0,2.0,101000,1.0,3.0,1.0,0
11,32500,12,32,0.0,5.0,3.0,0.0,0.0,36000,1.0,1.0,1.0,0
4,15000,10,65,1.0,5.0,14.0,0.0,2.0,11000,1.0,2.0,0.0,0
3,26000,8,31,0.0,5.0,6.0,0.0,2.0,36000,0.0,0.0,0.0,0
1,26500,18,24,1.0,4.0,3.0,0.0,2.0,26000,0.0,1.0,1.0,0
1,12000,10,26,1.0,0.0,13.0,0.0,2.0,26000,1.0,1.0,0.0,0
3,27500,12,30,0.0,0.0,13.0,0.0,0.0,21000,0.0,1.0,0.0,0
6,25500,11,31,1.0,0.0,10.0,0.0,0.0,66000,0.0,2.0,0.0,0
3,19500,12,23,0.0,5.0,13.0,0.0,2.0,18000,1.0,0.0,1.0,0
4,30500,6,29,1.0,0.0,11.0,1.0,2.0,36000,0.0,1.0,1.0,0
11,45500,24,32,1.0,1.0,6.0,1.0,2.0,41000,0.0,1.0,0.0,0
12,33000,6,60,1.0,0.0,13.0,0.0,1.0,46000,0.0,1.0,1.0,0
10,26500,18,21,1.0,5.0,3.0,1.0,2.0,35000,1.0,1.0,0.0,1
2,53500,36,48,1.0,4.0,21.0,1.0,2.0,20000,0.0,2.0,1.0,0
11,10500,4,53,1.0,5.0,5.0,1.0,2.0,11000,0.0,1.0,0.0,0
8,8500,4,30,0.0,0.0,13.0,1.0,2.0,31000,0.0,0.0,0.0,0
1,30000,12,49,1.0,4.0,5.0,1.0,2.0,26000,0.0,2.0,0.0,0
9,18000,6,49,0.0,0.0,3.0,1.0,0.0,56000,1.0,2.0,1.0,1
1,74500,24,30,0.0,0.0,11.0,1.0,0.0,51000,0.0,0.0,1.0,0
7,22000,8,24,0.0,0.0,13.0,0.0,2.0,51000,0.0,1.0,1.0,0
12,80000,12,31,1.0,0.0,13.0,1.0,2.0,66000,1.0,3.0,0.0,0
6,20000,12,20,1.0,5.0,6.0,0.0,2.0,26000,0.0,2.0,1.0,0
2,38000,18,22,1.0,5.0,11.0,1.0,2.0,16000,0.0,3.0,1.0,0
7,8000,6,31,0.0,5.0,13.0,0.0,2.0,31000,0.0,1.0,1.0,0
3,26500,4,27,1.0,0.0,3.0,0.0,2.0,36000,0.0,3.0,0.0,0
1,48000,24,54,0.0,0.0,13.0,1.0,0.0,26000,0.0,1.0,0.0,0
8,5500,6,23,1.0,5.0,14.0,0.0,1.0,31000,0.0,0.0,0.0,0
2,40500,18,39,1.0,4.0,8.0,1.0,0.0,41000,0.0,0.0,1.0,0
12,53000,10,47,1.0,4.0,13.0,0.0,2.0,16000,0.0,2.0,1.0,0
10,23000,10,48,0.0,5.0,6.0,1.0,2.0,28000,0.0,1.0,1.0,0
7,14500,10,20,1.0,5.0,3.0,0.0,2.0,18000,0.0,0.0,0.0,0
9,6000,3,27,0.0,1.0,13.0,1.0,2.0,46000,0.0,1.0,0.0,0
11,26000,12,30,0.0,4.0,13.0,0.0,0.0,41000,0.0,1.0,0.0,0
6,8000,6,55,1.0,4.0,3.0,0.0,2.0,16000,0.0,0.0,0.0,0
9,14000,6,27,0.0,4.0,3.0,0.0,2.0,24000,0.0,0.0,0.0,0
12,19000,12,28,1.0,0.0,3.0,0.0,2.0,21000,0.0,1.0,1.0,0
8,13000,12,27,1.0,5.0,3.0,0.0,2.0,31000,0.0,1.0,0.0,0
10,9000,3,48,1.0,5.0,7.0,1.0,2.0,31000,1.0,4.0,0.0,0
10,6000,4,23,0.0,5.0,13.0,0.0,2.0,51000,0.0,0.0,1.0,0
10,124000,15,56,1.0,0.0,11.0,0.0,2.0,51000,0.0,0.0,1.0,0
6,55000,24,25,0.0,0.0,5.0,0.0,2.0,46000,0.0,1.0,1.0,0
7,14500,10,26,1.0,0.0,14.0,0.0,2.0,26000,0.0,1.0,1.0,0
9,18000,12,32,1.0,0.0,13.0,1.0,2.0,26000,1.0,2.0,1.0,0
3,25500,24,29,1.0,4.0,14.0,0.0,2.0,16000,1.0,1.0,1.0,1
2,10000,12,24,1.0,0.0,3.0,0.0,2.0,24000,0.0,1.0,0.0,0
7,35500,30,52,1.0,5.0,8.0,0.0,2.0,9000,1.0,0.0,1.0,0
11,5000,4,22,0.0,0.0,14.0,0.0,2.0,26000,1.0,3.0,1.0,0
12,75000,36,54,1.0,4.0,15.0,1.0,2.0,26000,1.0,1.0,1.0,0
1,37000,15,32,1.0,0.0,11.0,1.0,2.0,36000,0.0,0.0,1.0,1
6,17500,4,20,1.0,5.0,3.0,0.0,2.0,21000,1.0,3.0,1.0,0
3,6000,3,28,0.0,0.0,13.0,1.0,2.0,36000,1.0,2.0,1.0,0
11,23000,12,66,1.0,4.0,13.0,0.0,2.0,14000,0.0,1.0,1.0,0
5,5500,6,52,0.0,5.0,3.0,0.0,2.0,26000,0.0,2.0,0.0,0
7,11000,12,26,0.0,4.0,13.0,1.0,2.0,31000,0.0,0.0,0.0,0
2,27500,8,29,1.0,1.0,14.0,1.0,2.0,36000,1.0,2.0,0.0,0
12,49000,18,24,0.0,5.0,6.0,1.0,2.0,36000,0.0,1.0,0.0,0
3,16000,12,20,0.0,4.0,3.0,0.0,2.0,14000,1.0,1.0,1.0,1
9,78500,30,24,1.0,5.0,8.0,0.0,2.0,31000,0.0,0.0,1.0,0
11,7500,3,26,1.0,0.0,7.0,0.0,2.0,13000,1.0,2.0,0.0,1
12,11500,12,29,0.0,5.0,3.0,0.0,2.0,26000,0.0,2.0,0.0,1
9,23000,10,26,0.0,0.0,3.0,0.0,2.0,31000,0.0,2.0,0.0,1
5,13000,20,52,1.0,4.0,15.0,1.0,2.0,21000,0.0,0.0,1.0,0
9,33500,10,22,1.0,0.0,3.0,0.0,2.0,26000,1.0,2.0,0.0,0
11,31500,12,31,1.0,4.0,6.0,0.0,2.0,26000,0.0,2.0,0.0,0
9,26000,12,45,0.0,5.0,13.0,1.0,2.0,16000,2.0,3.0,1.0,0
2,9000,3,27,1.0,0.0,13.0,1.0,2.0,26000,0.0,1.0,0.0,0
1,11000,3,24,1.0,5.0,6.0,0.0,2.0,26000,0.0,2.0,1.0,0
3,34000,12,31,0.0,5.0,13.0,0.0,1.0,31000,2.0,1.0,1.0,0
9,66000,12,26,1.0,0.0,21.0,1.0,2.0,31000,0.0,2.0,1.0,0
11,7000,6,26,0.0,5.0,3.0,0.0,2.0,27000,0.0,2.0,1.0,0
1,8000,12,31,1.0,5.0,3.0,0.0,2.0,20000,0.0,1.0,1.0,0
7,13500,12,21,1.0,5.0,3.0,0.0,2.0,26000,1.0,0.0,1.0,0
7,8000,10,22,0.0,5.0,3.0,1.0,2.0,20000,0.0,0.0,1.0,1
6,12500,12,43,0.0,0.0,13.0,1.0,2.0,31000,0.0,1.0,1.0,0
9,33500,12,24,0.0,4.0,3.0,0.0,0.0,51000,0.0,0.0,1.0,0
3,30000,12,36,1.0,5.0,3.0,1.0,0.0,46000,1.0,1.0,1.0,0
2,22000,12,50,0.0,5.0,15.0,1.0,1.0,37000,0.0,2.0,1.0,0
5,13500,6,30,0.0,5.0,13.0,0.0,2.0,21000,0.0,0.0,1.0,0
10,13000,6,27,0.0,5.0,13.0,0.0,2.0,26000,1.0,1.0,0.0,0
4,12000,12,40,0.0,4.0,6.0,1.0,2.0,13000,0.0,1.0,1.0,0
12,21000,18,23,1.0,0.0,13.0,0.0,2.0,26000,0.0,2.0,1.0,1
5,30500,12,54,0.0,0.0,7.0,0.0,2.0,46000,1.0,2.0,1.0,0
2,21000,8,49,1.0,0.0,13.0,0.0,2.0,41000,0.0,3.0,1.0,0
11,19500,6,29,1.0,5.0,3.0,1.0,2.0,24000,1.0,2.0,1.0,0
9,11000,3,41,1.0,5.0,6.0,1.0,2.0,21000,0.0,2.0,0.0,0
10,58500,36,57,0.0,5.0,11.0,1.0,2.0,32000,1.0,1.0,1.0,0
5,21500,12,64,1.0,0.0,13.0,1.0,2.0,25000,0.0,2.0,0.0,0
10,12000,12,36,1.0,5.0,3.0,1.0,1.0,31000,0.0,1.0,0.0,0
10,12000,10,22,0.0,5.0,1.0,0.0,2.0,19000,0.0,1.0,0.0,0
9,21500,12,62,1.0,4.0,13.0,1.0,2.0,16000,0.0,1.0,1.0,0
6,21000,3,47,0.0,0.0,13.0,1.0,2.0,41000,0.0,1.0,1.0,0
11,34500,7,45,1.0,5.0,5.0,1.0,2.0,26000,0.0,0.0,1.0,0
11,8500,12,22,0.0,5.0,3.0,0.0,2.0,27000,1.0,0.0,1.0,1
8,20500,12,21,0.0,0.0,6.0,0.0,1.0,46000,0.0,1.0,1.0,0
1,18000,6,56,0.0,4.0,3.0,0.0,2.0,36000,2.0,1.0,0.0,0
1,6500,6,34,0.0,5.0,3.0,0.0,2.0,26000,1.0,0.0,0.0,1
8,45000,18,30,1.0,5.0,8.0,1.0,2.0,26000,0.0,2.0,0.0,0
3,16000,6,21,0.0,4.0,3.0,0.0,2.0,36000,1.0,0.0,0.0,0
6,30000,16,45,1.0,5.0,13.0,1.0,2.0,31000,1.0,1.0,0.0,0
9,21000,18,26,0.0,5.0,3.0,0.0,2.0,26000,1.0,0.0,0.0,0
2,15000,4,20,1.0,4.0,3.0,0.0,2.0,10000,0.0,3.0,0.0,0
2,18000,12,33,0.0,0.0,13.0,0.0,1.0,36000,0.0,0.0,1.0,0
9,41000,10,33,0.0,0.0,11.0,1.0,1.0,46000,0.0,1.0,0.0,0
2,21000,6,20,1.0,5.0,13.0,0.0,2.0,30000,0.0,1.0,1.0,0
3,18000,8,26,0.0,5.0,11.0,0.0,2.0,26000,0.0,0.0,1.0,0
8,31000,12,26,0.0,5.0,13.0,0.0,2.0,31000,0.0,0.0,1.0,1
7,29500,12,64,1.0,5.0,11.0,0.0,2.0,12000,0.0,3.0,0.0,0
11,16000,8,24,0.0,0.0,13.0,0.0,2.0,46000,0.0,2.0,0.0,0
1,11000,6,19,1.0,5.0,13.0,0.0,2.0,21000,0.0,0.0,1.0,0
2,6500,3,41,1.0,5.0,13.0,1.0,2.0,11000,1.0,1.0,1.0,0
10,21000,6,25,1.0,0.0,6.0,0.0,2.0,46000,0.0,0.0,0.0,0
11,28000,10,22,0.0,4.0,3.0,0.0,2.0,21000,0.0,2.0,1.0,0
12,51000,36,34,1.0,0.0,21.0,0.0,2.0,20000,0.0,0.0,0.0,0
12,14500,12,24,0.0,5.0,14.0,1.0,2.0,26000,0.0,0.0,1.0,0
7,20500,12,28,1.0,0.0,3.0,0.0,2.0,41000,0.0,1.0,1.0,0
12,93000,4,40,1.0,0.0,19.0,0.0,0.0,73000,2.0,1.0,1.0,0
3,19500,12,20,0.0,1.0,6.0,0.0,2.0,31000,0.0,2.0,1.0,0
9,15000,10,22,1.0,1.0,3.0,0.0,2.0,26000,0.0,1.0,1.0,0
1,37000,18,62,0.0,5.0,13.0,1.0,0.0,51000,0.0,3.0,0.0,0
11,176000,36,31,1.0,4.0,5.0,0.0,2.0,51000,0.0,0.0,1.0,0
7,54000,12,27,0.0,0.0,6.0,0.0,2.0,51000,0.0,3.0,0.0,0
10,14000,4,27,1.0,0.0,10.0,0.0,1.0,31000,0.0,1.0,1.0,0
7,39500,12,32,1.0,0.0,17.0,1.0,2.0,20000,0.0,1.0,0.0,0
3,22000,6,40,0.0,5.0,3.0,1.0,2.0,20000,0.0,1.0,1.0,0
2,46500,12,54,1.0,0.0,21.0,0.0,0.0,71000,0.0,0.0,1.0,0
1,6500,3,66,1.0,5.0,13.0,1.0,2.0,19000,0.0,2.0,1.0,0
11,19000,12,32,0.0,5.0,13.0,1.0,2.0,26000,1.0,0.0,1.0,0
4,5000,4,36,0.0,5.0,3.0,1.0,2.0,41000,0.0,1.0,1.0,0
4,28000,12,32,0.0,5.0,13.0,0.0,0.0,43000,1.0,2.0,1.0,0
4,5000,6,24,1.0,5.0,3.0,1.0,2.0,11000,0.0,2.0,1.0,0
12,37500,24,67,0.0,0.0,6.0,1.0,2.0,46000,0.0,3.0,0.0,0
12,191000,12,39,1.0,5.0,5.0,1.0,2.0,61000,0.0,1.0,1.0,0
10,36000,12,29,0.0,0.0,5.0,1.0,2.0,51000,2.0,2.0,0.0,0
3,7500,8,22,0.0,5.0,3.0,0.0,2.0,19000,0.0,1.0,1.0,0
4,9000,4,25,1.0,0.0,3.0,1.0,2.0,26000,0.0,2.0,0.0,0
6,41000,12,42,0.0,5.0,11.0,1.0,2.0,26000,1.0,0.0,1.0,0
8,33000,6,26,1.0,5.0,3.0,0.0,2.0,31000,0.0,4.0,1.0,0
10,47000,18,62,1.0,0.0,20.0,0.0,1.0,36000,0.0,0.0,1.0,0
12,11000,4,26,0.0,0.0,3.0,0.0,2.0,26000,1.0,1.0,1.0,0
10,38000,12,30,0.0,5.0,11.0,0.0,2.0,16000,0.0,0.0,0.0,0
10,8500,6,30,0.0,5.0,3.0,1.0,2.0,31000,0.0,0.0,1.0,0
1,35000,12,28,1.0,0.0,3.0,1.0,1.0,34000,0.0,1.0,1.0,0
1,28000,12,23,1.0,0.0,3.0,0.0,0.0,30000,0.0,1.0,1.0,0
7,10500,6,19,1.0,5.0,3.0,0.0,0.0,21000,0.0,0.0,1.0,0
8,13000,3,37,0.0,0.0,13.0,1.0,2.0,36000,0.0,0.0,0.0,0
3,11000,12,29,1.0,4.0,3.0,1.0,2.0,11000,0.0,1.0,1.0,1
8,14500,8,23,0.0,5.0,13.0,1.0,2.0,26000,0.0,2.0,1.0,0
4,26000,12,49,1.0,5.0,11.0,0.0,2.0,18000,1.0,1.0,1.0,1
1,14000,6,24,0.0,1.0,6.0,0.0,0.0,36000,0.0,3.0,1.0,0
4,27500,10,21,1.0,5.0,13.0,1.0,2.0,21000,0.0,0.0,1.0,0
1,8000,6,24,0.0,5.0,3.0,0.0,2.0,16000,1.0,1.0,1.0,0
3,25000,12,25,1.0,1.0,3.0,1.0,1.0,36000,1.0,1.0,0.0,0
8,65000,10,23,1.0,0.0,5.0,0.0,2.0,26000,0.0,1.0,0.0,0
5,14500,12,52,1.0,5.0,13.0,0.0,2.0,31000,0.0,2.0,0.0,0
8,57500,36,29,0.0,0.0,21.0,1.0,2.0,17000,0.0,1.0,1.0,0
2,10500,12,42,0.0,5.0,6.0,1.0,2.0,24000,0.0,0.0,1.0,0
7,12500,12,37,1.0,5.0,3.0,1.0,2.0,16000,0.0,2.0,1.0,0
3,11500,10,32,1.0,5.0,13.0,1.0,2.0,26000,0.0,0.0,0.0,0
1,8000,12,25,0.0,4.0,13.0,0.0,2.0,11000,1.0,3.0,1.0,1
4,16500,6,26,1.0,5.0,13.0,0.0,2.0,26000,0.0,3.0,0.0,0
8,5000,6,38,0.0,5.0,3.0,0.0,2.0,16000,0.0,1.0,0.0,0
10,186500,36,65,1.0,5.0,11.0,0.0,2.0,21000,0.0,0.0,1.0,0
11,19000,12,53,1.0,0.0,13.0,0.0,0.0,56000,0.0,0.0,1.0,0
2,76000,15,26,0.0,0.0,19.0,1.0,2.0,61000,0.0,0.0,0.0,0
3,8000,12,39,0.0,4.0,3.0,0.0,2.0,36000,0.0,3.0,1.0,0
3,7500,12,24,0.0,5.0,3.0,0.0,2.0,21000,0.0,2.0,1.0,0
2,29500,18,27,0.0,0.0,13.0,0.0,2.0,16000,0.0,1.0,1.0,0
8,15500,12,22,0.0,5.0,13.0,0.0,2.0,16000,0.0,0.0,0.0,0
3,14000,6,45,0.0,5.0,3.0,1.0,0.0,46000,0.0,1.0,1.0,1
12,11000,6,44,0.0,5.0,1.0,1.0,2.0,45000,0.0,2.0,0.0,0
1,17000,6,42,1.0,5.0,13.0,0.0,2.0,22000,0.0,1.0,1.0,0
12,6500,5,33,0.0,5.0,13.0,1.0,2.0,19000,0.0,2.0,0.0,0
6,17000,12,19,1.0,4.0,3.0,0.0,2.0,21000,0.0,1.0,1.0,0
6,19000,12,27,1.0,5.0,3.0,1.0,1.0,16000,0.0,2.0,0.0,0
10,21500,3,29,0.0,5.0,13.0,0.0,2.0,36000,0.0,0.0,1.0,0
1,14500,9,20,1.0,1.0,13.0,0.0,2.0,16000,1.0,0.0,1.0,0
5,27000,10,54,1.0,5.0,6.0,0.0,2.0,31000,0.0,1.0,1.0,0
5,7000,9,29,1.0,4.0,6.0,1.0,2.0,21000,0.0,2.0,1.0,0
3,10000,12,25,0.0,5.0,13.0,0.0,2.0,19000,0.0,3.0,1.0,0
11,47000,10,21,0.0,5.0,13.0,0.0,2.0,46000,1.0,1.0,1.0,0
8,39000,12,55,0.0,5.0,6.0,1.0,2.0,41000,0.0,0.0,0.0,0
3,7500,10,25,0.0,5.0,3.0,1.0,2.0,31000,0.0,1.0,1.0,0
12,22500,12,24,0.0,3.0,13.0,1.0,2.0,36000,0.0,2.0,1.0,0
12,29500,10,36,1.0,0.0,13.0,1.0,2.0,36000,0.0,0.0,0.0,0
4,25000,12,35,0.0,5.0,13.0,0.0,2.0,26000,0.0,1.0,0.0,0
12,21000,24,40,1.0,4.0,13.0,0.0,2.0,21000,1.0,0.0,1.0,0
2,33500,12,26,1.0,0.0,13.0,0.0,2.0,41000,1.0,0.0,0.0,0
9,18500,4,47,1.0,0.0,10.0,1.0,2.0,31000,1.0,1.0,0.0,0
6,31000,6,30,1.0,0.0,5.0,0.0,1.0,37000,0.0,1.0,1.0,0
1,15500,10,25,0.0,4.0,13.0,0.0,2.0,19000,0.0,1.0,1.0,1
10,6500,6,20,0.0,5.0,3.0,0.0,2.0,16000,0.0,0.0,1.0,0
12,37500,12,45,1.0,5.0,3.0,1.0,2.0,19000,0.0,1.0,1.0,0
5,38000,12,53,0.0,5.0,13.0,0.0,2.0,41000,1.0,0.0,1.0,0
8,27000,18,24,0.0,5.0,6.0,0.0,2.0,21000,0.0,0.0,0.0,0
9,16000,3,23,1.0,0.0,11.0,0.0,2.0,22000,0.0,3.0,1.0,0
11,22000,10,21,0.0,5.0,6.0,0.0,2.0,26000,1.0,1.0,1.0,0
3,133000,12,57,0.0,4.0,11.0,1.0,2.0,51000,0.0,0.0,1.0,0
11,25000,24,37,0.0,0.0,11.0,1.0,2.0,41000,0.0,1.0,1.0,0
4,14000,12,62,1.0,5.0,13.0,0.0,2.0,27000,0.0,1.0,1.0,0
5,13000,6,25,0.0,5.0,3.0,0.0,2.0,31000,0.0,2.0,1.0,0
2,12500,6,60,1.0,4.0,6.0,1.0,2.0,21000,0.0,1.0,0.0,0
12,98500,24,30,1.0,0.0,8.0,0.0,2.0,31000,0.0,1.0,1.0,1
9,31000,36,62,1.0,5.0,18.0,0.0,2.0,11000,0.0,1.0,0.0,0
7,26000,12,68,1.0,5.0,15.0,1.0,2.0,19000,0.0,1.0,1.0,0
2,14000,6,59,1.0,5.0,11.0,1.0,2.0,12000,0.0,1.0,1.0,0
3,15000,15,45,1.0,0.0,15.0,1.0,2.0,31000,1.0,2.0,0.0,1
3,43500,12,53,1.0,0.0,8.0,0.0,0.0,31000,1.0,0.0,1.0,0
10,26500,6,58,1.0,5.0,5.0,0.0,2.0,19000,0.0,2.0,1.0,0
5,20500,4,34,1.0,5.0,13.0,1.0,2.0,24000,0.0,1.0,1.0,0
5,18500,6,37,1.0,0.0,6.0,1.0,2.0,41000,0.0,1.0,1.0,0
10,32000,8,34,0.0,0.0,13.0,0.0,0.0,51000,0.0,1.0,1.0,0
7,32000,18,57,0.0,0.0,13.0,1.0,0.0,35000,1.0,3.0,1.0,0
6,49500,15,54,1.0,0.0,19.0,1.0,2.0,46000,0.0,1.0,0.0,0
2,35000,8,36,1.0,5.0,13.0,0.0,2.0,61000,0.0,2.0,1.0,0
9,33000,12,33,1.0,0.0,5.0,1.0,2.0,31000,0.0,0.0,0.0,0
12,14000,10,33,0.0,5.0,6.0,1.0,2.0,26000,1.0,1.0,1.0,0
10,19500,12,27,0.0,5.0,14.0,1.0,2.0,46000,2.0,0.0,0.0,0
12,32500,12,26,0.0,5.0,3.0,0.0,2.0,31000,0.0,0.0,1.0,0
1,20500,12,37,0.0,5.0,13.0,1.0,0.0,21000,0.0,0.0,1.0,0
3,39000,24,30,1.0,0.0,13.0,1.0,2.0,31000,0.0,3.0,1.0,0
5,15500,18,73,1.0,4.0,13.0,0.0,2.0,13000,0.0,1.0,1.0,0
4,151000,18,20,1.0,0.0,15.0,0.0,0.0,19000,0.0,2.0,1.0,0
2,28000,12,24,0.0,4.0,3.0,0.0,2.0,51000,2.0,0.0,0.0,0
1,19500,24,23,1.0,0.0,13.0,0.0,2.0,28000,0.0,2.0,1.0,0
10,38000,24,77,1.0,0.0,15.0,1.0,1.0,31000,1.0,0.0,0.0,0
1,11500,4,37,0.0,4.0,13.0,1.0,2.0,20000,0.0,2.0,1.0,0
4,73000,12,33,0.0,0.0,20.0,0.0,0.0,171000,0.0,0.0,0.0,0
9,27500,3,30,0.0,0.0,7.0,1.0,2.0,81000,0.0,2.0,0.0,0
4,18000,12,55,1.0,5.0,6.0,0.0,2.0,21000,0.0,3.0,1.0,0
4,71000,12,48,1.0,5.0,17.0,0.0,2.0,37000,0.0,0.0,0.0,0
5,51000,10,22,1.0,5.0,6.0,0.0,2.0,21000,1.0,2.0,1.0,1
10,13000,6,21,0.0,5.0,3.0,0.0,2.0,26000,1.0,0.0,1.0,1
8,13000,6,51,1.0,0.0,13.0,0.0,0.0,51000,1.0,3.0,1.0,0
1,25000,6,42,0.0,5.0,0.0,0.0,0.0,31000,0.0,1.0,0.0,0
3,6000,6,54,0.0,5.0,3.0,1.0,2.0,16000,0.0,0.0,1.0,1
4,10000,3,37,0.0,5.0,6.0,1.0,2.0,41000,0.0,1.0,0.0,0
7,25000,12,23,1.0,0.0,13.0,0.0,2.0,16000,0.0,2.0,0.0,0
12,7500,3,42,1.0,0.0,3.0,1.0,2.0,19000,0.0,1.0,1.0,0
3,24500,12,29,0.0,0.0,13.0,0.0,2.0,31000,0.0,1.0,0.0,0
5,32000,10,39,0.0,5.0,6.0,1.0,0.0,61000,0.0,0.0,0.0,0
12,19500,6,41,1.0,5.0,3.0,1.0,2.0,46000,0.0,0.0,0.0,0
4,15500,6,26,1.0,1.0,14.0,1.0,0.0,61000,1.0,1.0,1.0,0
2,31000,10,64,1.0,5.0,3.0,0.0,2.0,10000,0.0,1.0,1.0,0
10,28500,6,28,0.0,5.0,14.0,0.0,0.0,41000,0.0,2.0,1.0,0
1,6000,3,31,1.0,5.0,6.0,0.0,2.0,26000,0.0,1.0,0.0,0
8,25000,18,30,0.0,0.0,3.0,0.0,2.0,46000,0.0,2.0,0.0,1
2,32500,24,63,1.0,5.0,13.0,0.0,2.0,13000,0.0,2.0,1.0,0
11,30000,10,42,0.0,0.0,13.0,0.0,2.0,51000,0.0,0.0,1.0,0
4,9500,12,43,1.0,0.0,3.0,1.0,2.0,13000,0.0,2.0,0.0,0
8,38500,24,32,0.0,5.0,8.0,0.0,2.0,31000,1.0,0.0,1.0,0
12,31500,12,29,0.0,5.0,3.0,0.0,2.0,51000,1.0,1.0,1.0,0
10,14000,10,39,0.0,0.0,3.0,1.0,2.0,26000,0.0,2.0,0.0,0
5,24500,6,46,0.0,5.0,1.0,1.0,2.0,26000,1.0,4.0,1.0,0
1,17000,12,39,1.0,5.0,3.0,0.0,2.0,21000,1.0,2.0,1.0,0
9,28500,18,26,0.0,5.0,3.0,0.0,2.0,29000,0.0,0.0,0.0,0
9,30500,12,21,0.0,1.0,13.0,0.0,2.0,41000,0.0,1.0,0.0,0
7,28500,12,30,0.0,0.0,21.0,0.0,2.0,21000,1.0,0.0,1.0,0
8,201000,24,26,0.0,5.0,21.0,0.0,2.0,41000,0.0,4.0,1.0,0
2,25000,6,45,1.0,5.0,13.0,1.0,0.0,36000,0.0,1.0,0.0,0
8,16500,12,74,1.0,5.0,13.0,0.0,2.0,19000,0.0,2.0,0.0,0
5,11500,10,34,1.0,0.0,13.0,0.0,2.0,16000,2.0,1.0,0.0,0
10,13500,6,30,0.0,5.0,6.0,0.0,2.0,21000,0.0,1.0,1.0,0
6,12500,6,42,1.0,0.0,13.0,1.0,2.0,17000,0.0,1.0,1.0,0
12,23000,12,25,0.0,5.0,13.0,1.0,2.0,31000,0.0,1.0,1.0,0
10,91000,24,39,1.0,5.0,8.0,1.0,2.0,51000,1.0,0.0,1.0,0
10,27500,12,24,0.0,5.0,3.0,0.0,2.0,33000,1.0,1.0,0.0,0
1,9000,6,49,0.0,4.0,3.0,0.0,2.0,31000,0.0,0.0,1.0,0
10,6500,3,24,0.0,5.0,13.0,1.0,2.0,26000,0.0,2.0,0.0,0
12,28500,16,34,0.0,5.0,3.0,0.0,2.0,31000,0.0,0.0,0.0,1
4,15000,12,25,0.0,5.0,13.0,1.0,2.0,28000,1.0,0.0,1.0,1
1,53500,18,47,1.0,0.0,15.0,0.0,0.0,21000,0.0,1.0,1.0,0
6,9000,6,44,1.0,5.0,11.0,1.0,2.0,15000,0.0,2.0,1.0,0
11,26500,12,21,0.0,5.0,3.0,0.0,2.0,26000,0.0,0.0,1.0,0
8,42500,24,52,1.0,0.0,8.0,0.0,1.0,40000,0.0,1.0,1.0,0
4,22000,12,28,0.0,1.0,13.0,1.0,2.0,26000,0.0,2.0,0.0,0
5,37500,12,25,0.0,5.0,3.0,0.0,0.0,56000,0.0,1.0,1.0,0
11,24000,10,21,0.0,5.0,10.0,0.0,2.0,31000,0.0,1.0,1.0,0
11,12500,10,29,0.0,4.0,3.0,0.0,1.0,35000,0.0,1.0,0.0,1
12,16000,6,28,1.0,0.0,11.0,0.0,2.0,26000,1.0,2.0,1.0,0
7,9000,12,43,1.0,0.0,3.0,1.0,2.0,41000,0.0,1.0,0.0,0
8,27500,24,35,1.0,5.0,13.0,1.0,2.0,31000,2.0,1.0,0.0,0
11,27000,6,61,0.0,5.0,5.0,0.0,2.0,21000,0.0,0.0,0.0,0
9,6500,6,28,1.0,0.0,13.0,1.0,2.0,29000,1.0,3.0,0.0,0
5,26000,6,21,0.0,5.0,3.0,0.0,2.0,26000,0.0,1.0,1.0,0
5,41500,12,19,1.0,4.0,14.0,0.0,2.0,31000,0.0,0.0,0.0,1
11,31500,18,23,1.0,4.0,0.0,0.0,0.0,19000,0.0,2.0,0.0,0
2,60000,6,27,0.0,0.0,15.0,0.0,2.0,36000,1.0,1.0,0.0,0
10,8500,10,31,0.0,5.0,3.0,1.0,2.0,26000,1.0,0.0,0.0,0
12,17500,6,37,1.0,5.0,3.0,0.0,2.0,36000,0.0,0.0,1.0,0
9,36000,12,62,0.0,4.0,3.0,0.0,0.0,14000,0.0,2.0,1.0,0
4,18000,12,22,0.0,5.0,3.0,0.0,2.0,10000,1.0,4.0,1.0,0
2,11000,6,60,0.0,5.0,21.0,1.0,2.0,21000,0.0,0.0,0.0,0
10,30000,6,34,0.0,5.0,3.0,1.0,2.0,101000,1.0,0.0,1.0,0
10,21500,12,27,0.0,0.0,3.0,1.0,2.0,39000,0.0,1.0,0.0,0
5,144000,4,32,1.0,0.0,19.0,1.0,2.0,51000,0.0,3.0,1.0,0
12,14500,10,25,0.0,5.0,3.0,0.0,2.0,36000,1.0,1.0,1.0,1
2,9000,5,76,1.0,5.0,13.0,0.0,2.0,19000,0.0,0.0,1.0,0
11,91000,24,32,0.0,5.0,5.0,1.0,2.0,36000,0.0,0.0,0.0,1
6,29000,12,31,1.0,4.0,19.0,1.0,2.0,31000,0.0,0.0,0.0,0
7,8500,12,24,0.0,5.0,3.0,0.0,2.0,26000,0.0,1.0,1.0,0
8,13000,12,23,1.0,5.0,13.0,1.0,2.0,16000,1.0,1.0,1.0,1
11,12000,12,35,1.0,0.0,11.0,1.0,2.0,41000,1.0,2.0,0.0,0
1,5000,10,39,0.0,5.0,13.0,1.0,2.0,31000,1.0,1.0,0.0,0
11,9000,8,22,1.0,5.0,13.0,0.0,2.0,24000,1.0,0.0,0.0,0
2,37500,12,22,0.0,5.0,13.0,0.0,0.0,26000,0.0,0.0,0.0,0
4,11000,12,41,0.0,0.0,13.0,1.0,2.0,21000,0.0,1.0,0.0,0
9,13500,10,26,0.0,0.0,3.0,0.0,2.0,31000,0.0,0.0,0.0,0
5,7000,12,45,0.0,0.0,6.0,0.0,2.0,31000,0.0,1.0,0.0,0
6,16000,10,65,1.0,5.0,3.0,0.0,2.0,31000,1.0,0.0,0.0,0
2,24500,12,23,1.0,0.0,3.0,0.0,1.0,27000,0.0,1.0,1.0,0
10,18000,15,31,1.0,5.0,13.0,0.0,2.0,17000,0.0,2.0,1.0,1
5,14500,6,45,0.0,4.0,13.0,0.0,2.0,26000,0.0,2.0,1.0,0
3,44000,12,36,1.0,5.0,8.0,0.0,2.0,26000,1.0,0.0,1.0,1
9,19000,12,19,1.0,5.0,13.0,0.0,2.0,19000,0.0,3.0,1.0,1
6,34500,12,32,0.0,5.0,3.0,0.0,2.0,31000,1.0,0.0,1.0,0
2,14000,12,42,0.0,5.0,3.0,1.0,2.0,21000,0.0,3.0,0.0,0
3,10000,6,22,1.0,5.0,6.0,0.0,1.0,31000,0.0,1.0,0.0,0
6,33000,12,20,1.0,5.0,21.0,0.0,2.0,36000,0.0,1.0,1.0,0
7,9000,3,33,1.0,4.0,13.0,1.0,2.0,38000,0.0,2.0,0.0,0
2,27500,12,26,0.0,4.0,13.0,0.0,2.0,29000,0.0,0.0,1.0,0
12,53000,24,58,1.0,0.0,8.0,0.0,2.0,16000,0.0,2.0,1.0,0
3,109000,24,43,0.0,5.0,13.0,0.0,2.0,36000,0.0,1.0,1.0,0
7,73000,24,47,1.0,0.0,8.0,0.0,1.0,28000,0.0,1.0,1.0,1
1,20000,12,29,0.0,4.0,3.0,1.0,2.0,21000,0.0,0.0,1.0,1
12,44000,6,53,1.0,0.0,11.0,1.0,2.0,26000,0.0,1.0,0.0,0
9,15000,12,31,1.0,5.0,13.0,1.0,2.0,31000,0.0,1.0,1.0,0
10,9500,12,24,0.0,4.0,3.0,0.0,2.0,36000,0.0,1.0,1.0,0
9,111500,10,50,1.0,4.0,11.0,0.0,0.0,81000,1.0,0.0,0.0,0
4,15500,12,61,1.0,4.0,21.0,0.0,2.0,11000,0.0,2.0,1.0,0
2,21000,12,31,1.0,0.0,3.0,0.0,2.0,16000,0.0,0.0,1.0,0
10,47000,11,34,1.0,4.0,10.0,1.0,0.0,36000,0.0,0.0,1.0,0
11,28500,10,25,0.0,5.0,13.0,1.0,2.0,26000,0.0,1.0,1.0,0
1,25000,6,31,0.0,5.0,6.0,1.0,2.0,41000,1.0,0.0,0.0,0
9,30000,10,44,1.0,5.0,13.0,1.0,2.0,20000,1.0,0.0,0.0,0
10,17000,12,65,1.0,0.0,11.0,0.0,2.0,11000,0.0,1.0,0.0,0
6,166000,12,34,1.0,0.0,5.0,1.0,2.0,71000,0.0,1.0,0.0,0
1,152000,36,48,0.0,0.0,21.0,1.0,2.0,56000,0.0,2.0,0.0,0
4,8000,4,29,0.0,0.0,16.0,0.0,2.0,26000,1.0,4.0,1.0,0
7,23500,10,60,1.0,0.0,5.0,1.0,0.0,41000,0.0,0.0,0.0,0
10,18000,18,34,0.0,5.0,13.0,1.0,2.0,21000,0.0,1.0,0.0,0
1,31000,12,34,0.0,0.0,6.0,0.0,0.0,71000,0.0,2.0,1.0,0
1,34500,12,43,0.0,5.0,3.0,1.0,2.0,81000,2.0,1.0,1.0,0
3,9500,12,53,1.0,5.0,11.0,1.0,2.0,16000,0.0,2.0,1.0,0
2,20000,15,27,1.0,0.0,3.0,0.0,2.0,31000,0.0,1.0,1.0,0
6,19000,5,28,0.0,0.0,13.0,0.0,2.0,33000,0.0,0.0,1.0,0
1,22000,10,64,1.0,5.0,13.0,0.0,2.0,31000,1.0,2.0,1.0,0
11,40500,16,39,1.0,5.0,3.0,1.0,1.0,33000,0.0,2.0,0.0,1
7,71500,12,64,1.0,5.0,21.0,1.0,2.0,21000,1.0,1.0,1.0,0
12,23500,6,40,0.0,5.0,13.0,0.0,2.0,31000,0.0,1.0,1.0,0
5,9000,8,29,0.0,5.0,3.0,0.0,1.0,21000,0.0,1.0,1.0,0
1,18000,6,27,1.0,0.0,3.0,0.0,2.0,46000,0.0,0.0,0.0,0
3,15000,12,20,0.0,4.0,3.0,0.0,2.0,21000,0.0,0.0,1.0,1
9,37000,12,50,0.0,5.0,11.0,0.0,2.0,21000,0.0,3.0,1.0,0
11,14000,12,33,0.0,5.0,6.0,1.0,2.0,21000,1.0,3.0,1.0,0
9,74000,18,45,1.0,1.0,13.0,0.0,2.0,56000,1.0,0.0,1.0,1
5,7000,6,21,0.0,5.0,6.0,0.0,2.0,34000,0.0,3.0,1.0,0
11,31000,24,24,0.0,0.0,13.0,0.0,2.0,21000,0.0,4.0,1.0,0
5,41500,24,41,1.0,0.0,13.0,1.0,2.0,26000,0.0,3.0,0.0,0
8,21500,18,29,1.0,0.0,13.0,1.0,2.0,27000,1.0,0.0,0.0,0
11,14000,12,20,1.0,1.0,6.0,0.0,2.0,21000,1.0,0.0,1.0,0
5,6500,6,32,1.0,0.0,3.0,1.0,2.0,31000,0.0,2.0,1.0,0
10,16500,12,31,0.0,4.0,3.0,0.0,2.0,31000,0.0,1.0,1.0,1
6,49000,12,59,0.0,0.0,11.0,1.0,2.0,31000,0.0,1.0,1.0,1
2,37500,12,57,1.0,0.0,11.0,1.0,2.0,13000,0.0,0.0,1.0,0
3,8500,12,26,0.0,5.0,3.0,0.0,2.0,26000,0.0,0.0,1.0,1
10,13500,12,28,1.0,0.0,11.0,0.0,2.0,32000,1.0,2.0,1.0,0
2,7000,12,53,1.0,4.0,6.0,0.0,2.0,18000,0.0,0.0,0.0,0
10,35000,7,58,1.0,0.0,5.0,1.0,2.0,31000,1.0,3.0,1.0,0
10,80500,15,25,1.0,0.0,19.0,0.0,2.0,31000,0.0,0.0,0.0,0
9,27500,12,25,1.0,0.0,3.0,0.0,0.0,61000,0.0,0.0,1.0,0
1,10500,6,39,1.0,0.0,13.0,1.0,2.0,21000,1.0,1.0,1.0,0
11,15000,8,23,1.0,5.0,3.0,0.0,2.0,31000,0.0,2.0,1.0,0
1,37000,18,29,1.0,0.0,8.0,0.0,0.0,71000,1.0,1.0,0.0,0
2,20000,6,40,0.0,5.0,3.0,1.0,2.0,36000,0.0,3.0,1.0,0
9,29500,24,39,0.0,5.0,13.0,1.0,2.0,66000,0.0,0.0,1.0,0
3,30000,10,39,1.0,0.0,13.0,0.0,0.0,56000,0.0,0.0,1.0,0
2,37500,12,43,1.0,4.0,13.0,0.0,2.0,16000,0.0,0.0,0.0,0
8,15000,3,21,0.0,1.0,13.0,0.0,2.0,21000,0.0,3.0,1.0,0
1,30500,24,27,0.0,5.0,13.0,0.0,2.0,26000,0.0,2.0,0.0,0
2,45000,18,48,1.0,4.0,11.0,1.0,1.0,29000,0.0,1.0,0.0,0
7,23000,6,39,1.0,4.0,14.0,1.0,2.0,26000,0.0,2.0,1.0,0
9,9500,6,31,0.0,5.0,3.0,1.0,2.0,18000,0.0,0.0,1.0,0
10,10000,4,30,1.0,5.0,3.0,0.0,2.0,26000,1.0,1.0,1.0,0
12,62000,24,31,0.0,5.0,13.0,1.0,2.0,31000,1.0,0.0,1.0,0
12,44000,4,34,1.0,2.0,19.0,1.0,2.0,61000,0.0,2.0,0.0,0
11,39000,24,22,0.0,1.0,6.0,0.0,2.0,41000,0.0,1.0,0.0,0
5,38000,12,42,0.0,4.0,3.0,0.0,2.0,18000,0.0,1.0,1.0,0
4,37000,4,29,1.0,0.0,11.0,0.0,2.0,41000,0.0,0.0,0.0,0
3,13000,8,21,0.0,5.0,3.0,0.0,1.0,31000,0.0,0.0,0.0,0
7,34500,10,36,1.0,0.0,19.0,1.0,2.0,41000,0.0,0.0,1.0,0
1,66500,12,48,0.0,5.0,3.0,0.0,1.0,111000,0.0,0.0,0.0,0
2,5500,6,55,0.0,5.0,3.0,1.0,2.0,31000,2.0,1.0,0.0,0
3,20000,4,28,0.0,5.0,3.0,1.0,2.0,51000,2.0,4.0,1.0,0
2,10000,12,25,1.0,5.0,5.0,0.0,2.0,36000,0.0,1.0,1.0,0
2,14500,10,22,1.0,5.0,6.0,0.0,2.0,26000,0.0,1.0,0.0,0
6,14500,12,35,1.0,0.0,3.0,0.0,2.0,21000,1.0,1.0,1.0,1
3,5500,4,33,0.0,0.0,3.0,1.0,2.0,26000,0.0,1.0,0.0,0
5,23000,12,19,1.0,4.0,3.0,0.0,2.0,13000,1.0,0.0,1.0,0
1,13500,12,27,0.0,1.0,3.0,0.0,2.0,21000,0.0,1.0,1.0,0
7,20000,24,22,0.0,5.0,13.0,0.0,2.0,16000,0.0,0.0,0.0,0
5,20500,12,28,0.0,4.0,3.0,0.0,2.0,19000,1.0,3.0,1.0,0
10,16000,10,27,1.0,5.0,11.0,0.0,2.0,30000,0.0,1.0,1.0,0
9,8500,3,36,0.0,0.0,10.0,1.0,2.0,81000,0.0,1.0,1.0,0
8,10000,3,46,1.0,0.0,11.0,1.0,2.0,17000,1.0,0.0,0.0,0
3,40000,12,47,0.0,1.0,13.0,0.0,0.0,61000,0.0,0.0,1.0,1
1,30000,12,32,0.0,5.0,13.0,1.0,2.0,18000,0.0,0.0,1.0,0
3,15500,12,31,1.0,1.0,3.0,1.0,2.0,21000,0.0,0.0,1.0,0
7,19000,6,30,0.0,5.0,11.0,0.0,0.0,41000,0.0,0.0,1.0,0
8,6500,3,28,1.0,1.0,11.0,0.0,1.0,26000,1.0,1.0,0.0,0
8,45000,11,27,1.0,0.0,13.0,1.0,2.0,21000,0.0,1.0,1.0,0
11,6000,12,20,0.0,4.0,3.0,0.0,2.0,19000,0.0,0.0,1.0,0
9,16500,6,44,0.0,5.0,21.0,1.0,2.0,48000,0.0,2.0,0.0,0
2,21000,12,24,0.0,5.0,3.0,0.0,2.0,24000,0.0,0.0,1.0,1
7,30000,12,22,0.0,0.0,6.0,0.0,2.0,46000,1.0,3.0,1.0,0
1,17500,12,23,1.0,1.0,3.0,0.0,2.0,16000,0.0,0.0,1.0,0
12,30500,10,25,0.0,1.0,3.0,0.0,2.0,41000,0.0,2.0,1.0,1
2,43500,12,56,1.0,0.0,8.0,0.0,0.0,16000,0.0,1.0,1.0,0
5,15000,12,21,0.0,5.0,6.0,0.0,2.0,16000,0.0,3.0,1.0,0
2,35500,12,23,0.0,0.0,10.0,0.0,0.0,41000,0.0,1.0,1.0,0
12,21000,10,25,1.0,0.0,3.0,0.0,2.0,26000,0.0,1.0,0.0,0
2,20500,5,29,1.0,5.0,13.0,0.0,2.0,26000,0.0,1.0,0.0,0
11,12000,4,51,1.0,5.0,13.0,0.0,0.0,31000,0.0,0.0,0.0,0
2,12500,15,52,0.0,0.0,3.0,1.0,2.0,18000,0.0,0.0,1.0,0
3,20000,6,31,1.0,5.0,13.0,0.0,2.0,26000,0.0,0.0,0.0,0
9,7500,6,23,1.0,1.0,6.0,0.0,2.0,18000,0.0,2.0,1.0,0
4,51000,18,30,0.0,4.0,13.0,0.0,2.0,39000,0.0,3.0,0.0,0
4,23000,12,21,1.0,4.0,6.0,0.0,2.0,19000,0.0,1.0,1.0,1
1,28500,12,22,0.0,0.0,13.0,0.0,0.0,36000,0.0,2.0,1.0,0
2,12500,6,32,1.0,0.0,14.0,1.0,2.0,23000,0.0,2.0,0.0,0
11,12500,4,22,0.0,0.0,3.0,0.0,2.0,24000,1.0,2.0,1.0,1
10,15000,4,25,1.0,5.0,1.0,0.0,2.0,26000,0.0,2.0,0.0,0
5,12500,10,27,0.0,5.0,13.0,1.0,2.0,31000,0.0,2.0,1.0,0
2,19500,15,42,0.0,0.0,3.0,1.0,2.0,21000,0.0,2.0,1.0,0
11,47000,24,27,0.0,5.0,2.0,0.0,2.0,21000,1.0,0.0,0.0,0
12,10500,12,26,1.0,0.0,14.0,1.0,2.0,21000,0.0,1.0,0.0,0
3,21000,6,29,0.0,0.0,11.0,0.0,1.0,31000,0.0,1.0,0.0,0
3,51500,18,31,0.0,0.0,6.0,0.0,0.0,101000,1.0,1.0,0.0,0
5,24000,6,23,0.0,5.0,6.0,0.0,2.0,18000,0.0,0.0,1.0,0
1,31000,12,25,1.0,0.0,3.0,0.0,0.0,36000,1.0,3.0,1.0,0
7,77000,18,47,1.0,0.0,20.0,0.0,0.0,66000,1.0,0.0,0.0,0
7,14500,10,39,1.0,0.0,13.0,0.0,2.0,26000,0.0,1.0,1.0,0
1,20500,12,26,0.0,5.0,13.0,0.0,2.0,26000,0.0,2.0,1.0,0
12,56000,24,59,1.0,0.0,13.0,0.0,2.0,26000,0.0,2.0,1.0,0
9,51000,6,26,0.0,5.0,21.0,1.0,2.0,46000,0.0,2.0,1.0,0
4,25000,12,64,0.0,5.0,13.0,1.0,2.0,21000,0.0,0.0,1.0,0
7,29000,11,26,1.0,0.0,10.0,0.0,2.0,51000,2.0,0.0,1.0,0
12,19500,10,22,0.0,0.0,13.0,0.0,2.0,31000,0.0,3.0,0.0,0
9,14000,12,49,1.0,4.0,10.0,0.0,2.0,11000,0.0,2.0,1.0,0
11,15500,12,41,0.0,0.0,3.0,1.0,0.0,46000,0.0,4.0,0.0,0
9,16500,6,38,0.0,5.0,13.0,0.0,2.0,19000,0.0,1.0,1.0,0
6,5500,3,30,0.0,0.0,13.0,1.0,2.0,26000,0.0,3.0,0.0,0
3,24000,12,27,0.0,0.0,3.0,0.0,2.0,27000,0.0,3.0,0.0,0
1,20000,10,25,0.0,0.0,13.0,0.0,0.0,33000,1.0,2.0,1.0,0
3,27500,12,27,0.0,0.0,3.0,0.0,2.0,20000,1.0,0.0,1.0,0
10,22000,6,33,0.0,0.0,6.0,1.0,0.0,101000,0.0,1.0,1.0,0
10,69500,6,51,1.0,0.0,5.0,1.0,0.0,26000,0.0,1.0,0.0,0
12,35000,30,43,0.0,5.0,11.0,1.0,2.0,52000,0.0,3.0,1.0,1
9,7500,6,49,1.0,5.0,21.0,0.0,2.0,16000,0.0,0.0,1.0,0
3,22500,24,38,1.0,0.0,11.0,0.0,2.0,20000,0.0,0.0,1.0,0
12,29000,12,31,1.0,0.0,11.0,0.0,2.0,26000,0.0,2.0,1.0,0
2,11000,6,29,0.0,5.0,6.0,0.0,2.0,24000,0.0,1.0,1.0,0
4,22000,12,48,0.0,5.0,3.0,1.0,1.0,46000,2.0,3.0,0.0,0
6,41000,12,25,1.0,5.0,5.0,1.0,2.0,31000,0.0,1.0,0.0,0
2,148000,18,35,0.0,5.0,11.0,1.0,2.0,31000,0.0,3.0,0.0,0
10,39000,18,32,1.0,0.0,13.0,1.0,2.0,36000,0.0,0.0,1.0,0
3,7000,6,33,0.0,4.0,3.0,0.0,0.0,46000,0.0,2.0,1.0,0
12,7500,10,36,1.0,4.0,3.0,1.0,2.0,19000,0.0,1.0,1.0,0
8,30000,7,59,1.0,0.0,5.0,0.0,2.0,24000,0.0,2.0,1.0,0
9,13000,6,39,1.0,5.0,13.0,1.0,2.0,41000,0.0,3.0,0.0,0
12,30000,18,39,1.0,0.0,14.0,1.0,2.0,21000,0.0,1.0,0.0,0
5,27500,36,39,1.0,5.0,13.0,0.0,2.0,31000,0.0,3.0,1.0,0
1,13000,6,20,1.0,0.0,13.0,0.0,2.0,19000,1.0,1.0,1.0,0
7,12000,6,31,1.0,5.0,13.0,1.0,2.0,31000,0.0,3.0,0.0,0
9,21000,12,54,0.0,0.0,13.0,0.0,2.0,26000,0.0,3.0,0.0,0
9,6000,6,33,1.0,5.0,13.0,1.0,2.0,19000,0.0,0.0,0.0,0
6,22500,12,20,0.0,5.0,6.0,0.0,2.0,21000,0.0,0.0,1.0,0
4,16000,10,32,1.0,5.0,3.0,0.0,2.0,26000,0.0,0.0,0.0,0
9,56500,12,49,0.0,1.0,11.0,0.0,2.0,34000,0.0,1.0,0.0,0
3,25000,10,23,0.0,5.0,13.0,1.0,2.0,46000,1.0,1.0,0.0,0
12,20000,6,34,1.0,5.0,13.0,1.0,2.0,26000,0.0,0.0,1.0,0
11,45000,9,25,1.0,0.0,13.0,0.0,2.0,31000,0.0,1.0,1.0,0
6,6500,6,23,0.0,5.0,3.0,0.0,2.0,28000,1.0,1.0,1.0,0
8,9000,6,48,0.0,5.0,13.0,1.0,2.0,31000,1.0,0.0,0.0,0
2,12500,6,53,1.0,4.0,13.0,1.0,2.0,13000,0.0,3.0,1.0,0
2,8500,6,53,0.0,5.0,3.0,0.0,2.0,36000,1.0,2.0,0.0,0
8,18500,6,45,0.0,4.0,3.0,0.0,2.0,16000,1.0,1.0,0.0,1
5,32000,12,29,0.0,4.0,3.0,0.0,2.0,25000,1.0,2.0,1.0,1
3,28000,12,27,0.0,5.0,3.0,1.0,2.0,27000,0.0,1.0,1.0,1
5,31000,10,30,0.0,0.0,3.0,0.0,0.0,33000,2.0,1.0,1.0,0
8,30000,18,19,1.0,4.0,3.0,0.0,2.0,25000,0.0,1.0,1.0,1
12,30500,4,33,0.0,5.0,13.0,0.0,2.0,101000,0.0,1.0,0.0,0
1,15000,6,24,1.0,1.0,3.0,1.0,2.0,36000,0.0,2.0,0.0,0
4,38500,11,22,1.0,1.0,10.0,0.0,0.0,31000,0.0,1.0,0.0,0
3,34000,12,19,0.0,4.0,13.0,0.0,2.0,16000,1.0,0.0,1.0,1
3,5000,12,38,0.0,5.0,3.0,1.0,2.0,31000,0.0,2.0,0.0,0
8,72000,24,42,0.0,5.0,13.0,0.0,0.0,71000,2.0,2.0,1.0,1
3,17500,10,21,1.0,1.0,6.0,0.0,2.0,21000,0.0,2.0,0.0,0
1,43000,18,27,1.0,5.0,13.0,1.0,2.0,19000,0.0,0.0,0.0,0
3,17500,12,34,0.0,5.0,3.0,1.0,2.0,28000,0.0,2.0,1.0,0
12,10500,12,51,1.0,0.0,5.0,1.0,2.0,28000,1.0,2.0,1.0,0
2,18000,6,25,0.0,0.0,13.0,1.0,0.0,61000,0.0,0.0,0.0,0
10,28000,24,53,0.0,5.0,13.0,0.0,2.0,36000,1.0,0.0,1.0,0
11,44000,6,37,0.0,0.0,11.0,0.0,2.0,43000,0.0,0.0,1.0,0
8,5000,5,27,0.0,4.0,3.0,0.0,2.0,27000,0.0,0.0,1.0,1
12,28500,6,35,0.0,0.0,3.0,0.0,2.0,61000,1.0,1.0,1.0,0
2,22500,12,33,1.0,5.0,3.0,1.0,2.0,7000,0.0,1.0,1.0,0
7,36000,18,25,0.0,0.0,3.0,0.0,2.0,31000,0.0,2.0,1.0,1
8,34000,16,28,0.0,5.0,3.0,0.0,2.0,41000,0.0,1.0,1.0,1
3,24500,12,56,1.0,4.0,3.0,0.0,2.0,36000,1.0,1.0,0.0,1
4,31000,12,50,1.0,5.0,3.0,1.0,0.0,48000,0.0,1.0,1.0,1
2,14500,12,33,0.0,5.0,13.0,1.0,2.0,26000,0.0,0.0,0.0,0
8,30000,12,21,0.0,5.0,3.0,0.0,2.0,41000,2.0,0.0,1.0,0
6,28000,24,31,0.0,0.0,13.0,0.0,1.0,101000,1.0,2.0,0.0,0
9,20500,12,28,1.0,5.0,13.0,1.0,2.0,26000,1.0,0.0,0.0,0
3,6500,6,57,1.0,5.0,3.0,1.0,2.0,10000,0.0,1.0,0.0,1
12,8500,12,30,0.0,5.0,3.0,0.0,2.0,31000,0.0,1.0,1.0,0
1,36000,10,35,1.0,0.0,11.0,1.0,2.0,31000,1.0,1.0,0.0,0
4,21000,3,31,1.0,0.0,11.0,1.0,2.0,26000,0.0,1.0,0.0,0
8,14000,12,24,0.0,5.0,6.0,0.0,2.0,26000,1.0,0.0,0.0,0
2,8000,18,23,0.0,5.0,3.0,0.0,2.0,14000,1.0,1.0,1.0,1
6,40000,12,23,1.0,5.0,11.0,0.0,2.0,31000,1.0,1.0,0.0,0
9,23500,10,38,0.0,0.0,13.0,0.0,0.0,41000,0.0,1.0,1.0,0
4,22500,10,35,1.0,5.0,3.0,0.0,2.0,16000,0.0,2.0,1.0,0
11,17000,8,59,0.0,0.0,13.0,0.0,2.0,26000,1.0,1.0,0.0,0
3,15000,12,20,1.0,5.0,6.0,0.0,2.0,13000,0.0,0.0,1.0,0
8,19000,12,23,0.0,5.0,3.0,0.0,2.0,41000,1.0,0.0,1.0,1
11,72500,8,37,1.0,0.0,13.0,0.0,1.0,86000,1.0,2.0,0.0,0
6,39500,24,36,1.0,0.0,13.0,1.0,2.0,30000,1.0,1.0,1.0,1
5,10000,6,23,0.0,5.0,13.0,1.0,2.0,76000,0.0,0.0,1.0,0
7,8500,12,24,0.0,5.0,3.0,0.0,2.0,25000,2.0,0.0,1.0,0
3,31500,12,29,0.0,5.0,6.0,1.0,2.0,31000,0.0,0.0,0.0,0
7,12000,3,29,0.0,5.0,3.0,0.0,2.0,36000,0.0,1.0,1.0,0
6,131000,24,31,0.0,5.0,7.0,0.0,2.0,39000,0.0,3.0,1.0,0
12,18000,14,37,0.0,4.0,3.0,1.0,2.0,19000,0.0,1.0,0.0,1
1,18500,6,38,1.0,0.0,5.0,1.0,2.0,36000,0.0,0.0,1.0,0
9,96500,36,21,1.0,1.0,8.0,0.0,0.0,56000,1.0,0.0,1.0,0
10,9000,10,34,0.0,5.0,3.0,1.0,2.0,26000,0.0,2.0,0.0,0
5,14500,9,31,0.0,5.0,3.0,1.0,2.0,16000,0.0,1.0,0.0,1
12,14000,12,23,0.0,0.0,3.0,0.0,0.0,51000,0.0,2.0,0.0,0
1,9500,10,38,0.0,5.0,3.0,1.0,2.0,26000,0.0,1.0,1.0,0
11,19000,10,43,1.0,5.0,11.0,1.0,2.0,29000,1.0,3.0,0.0,0
11,53000,6,55,0.0,0.0,13.0,1.0,1.0,81000,1.0,1.0,1.0,0
9,8500,4,62,1.0,4.0,7.0,1.0,2.0,8000,0.0,0.0,1.0,0
12,8000,5,50,0.0,5.0,3.0,1.0,0.0,18000,0.0,1.0,1.0,0
5,14000,12,63,1.0,5.0,15.0,0.0,2.0,16000,1.0,0.0,1.0,0
2,10500,12,32,1.0,5.0,3.0,0.0,2.0,31000,1.0,0.0,1.0,0
11,145000,36,26,0.0,0.0,19.0,0.0,2.0,46000,1.0,0.0,0.0,0
7,11500,6,49,1.0,4.0,3.0,0.0,2.0,41000,0.0,4.0,1.0,0
2,14500,4,62,1.0,5.0,21.0,1.0,2.0,16000,0.0,0.0,1.0,0
9,22000,12,41,0.0,4.0,13.0,1.0,2.0,21000,0.0,1.0,1.0,0
7,68000,24,34,0.0,5.0,2.0,1.0,2.0,51000,0.0,2.0,1.0,0
3,13000,10,45,0.0,4.0,3.0,1.0,2.0,26000,1.0,2.0,0.0,0
10,61500,12,33,1.0,5.0,5.0,1.0,2.0,31000,0.0,2.0,1.0,0
12,16000,12,25,0.0,5.0,3.0,0.0,2.0,31000,1.0,1.0,0.0,0
1,18000,12,22,1.0,4.0,3.0,1.0,2.0,19000,0.0,0.0,1.0,1
11,39000,12,30,0.0,5.0,3.0,0.0,0.0,41000,1.0,1.0,0.0,1
11,8000,3,38,1.0,0.0,11.0,1.0,2.0,30000,1.0,1.0,0.0,0
10,37000,10,41,0.0,0.0,3.0,0.0,2.0,61000,0.0,1.0,1.0,0
1,24000,6,49,1.0,0.0,5.0,0.0,2.0,31000,1.0,3.0,1.0,0
4,21500,12,56,1.0,5.0,7.0,0.0,2.0,27000,0.0,0.0,0.0,0
4,17500,10,30,0.0,5.0,3.0,1.0,2.0,31000,1.0,1.0,1.0,0
11,52500,10,38,1.0,0.0,14.0,1.0,2.0,41000,0.0,3.0,0.0,0
6,78000,12,37,0.0,0.0,6.0,0.0,0.0,71000,0.0,0.0,1.0,0
5,6500,6,35,0.0,5.0,3.0,1.0,2.0,26000,0.0,3.0,1.0,0
11,16000,6,59,0.0,4.0,3.0,1.0,2.0,21000,0.0,1.0,0.0,1
7,37000,9,31,0.0,5.0,13.0,1.0,0.0,46000,0.0,2.0,0.0,0
12,19000,10,24,0.0,5.0,13.0,0.0,2.0,31000,0.0,0.0,0.0,0
5,13500,12,28,0.0,5.0,3.0,0.0,2.0,27000,0.0,0.0,1.0,0
6,35500,24,25,1.0,0.0,8.0,0.0,2.0,31000,1.0,0.0,0.0,0
2,34000,6,41,0.0,5.0,3.0,1.0,2.0,26000,1.0,1.0,1.0,1
5,15000,12,63,0.0,4.0,7.0,1.0,2.0,16000,0.0,1.0,1.0,0
2,69000,15,64,0.0,0.0,19.0,0.0,2.0,26000,0.0,1.0,0.0,0
2,16000,10,67,1.0,0.0,8.0,0.0,2.0,35000,1.0,1.0,0.0,0
2,22500,18,40,1.0,5.0,13.0,0.0,2.0,25000,1.0,0.0,1.0,0
7,8000,6,20,1.0,2.0,3.0,0.0,2.0,21000,0.0,1.0,0.0,0
3,22000,12,21,1.0,5.0,11.0,0.0,2.0,20000,0.0,1.0,1.0,1
9,7000,3,27,1.0,3.0,5.0,0.0,2.0,31000,0.0,1.0,0.0,0
4,30000,24,41,0.0,0.0,13.0,1.0,2.0,81000,0.0,2.0,0.0,0
3,11000,15,36,1.0,5.0,13.0,1.0,2.0,11000,1.0,1.0,0.0,0
6,22500,4,27,1.0,0.0,5.0,1.0,2.0,81000,0.0,2.0,1.0,0
11,11500,12,24,0.0,1.0,6.0,0.0,2.0,18000,2.0,0.0,0.0,0
11,15000,24,26,0.0,4.0,13.0,0.0,2.0,26000,0.0,2.0,1.0,0
11,19500,10,41,0.0,5.0,3.0,1.0,2.0,36000,1.0,1.0,0.0,0
10,16000,4,25,0.0,5.0,11.0,0.0,2.0,16000,0.0,0.0,1.0,0
12,6500,6,24,1.0,5.0,3.0,0.0,2.0,18000,0.0,0.0,1.0,0
11,15000,12,29,1.0,0.0,6.0,0.0,0.0,41000,0.0,3.0,0.0,0
4,49000,18,27,0.0,0.0,10.0,0.0,0.0,151000,0.0,1.0,0.0,0
10,14000,3,61,1.0,0.0,11.0,0.0,2.0,26000,1.0,2.0,1.0,0
10,30000,10,52,1.0,4.0,6.0,0.0,2.0,26000,0.0,2.0,0.0,0
5,11500,12,62,1.0,5.0,14.0,1.0,2.0,13000,0.0,2.0,1.0,0
6,36000,30,29,1.0,0.0,8.0,1.0,2.0,21000,2.0,0.0,1.0,0
7,13000,6,34,1.0,5.0,11.0,1.0,2.0,25000,0.0,0.0,0.0,0
12,68500,6,48,1.0,0.0,5.0,0.0,0.0,51000,0.0,1.0,0.0,0
10,13000,10,30,1.0,5.0,3.0,0.0,2.0,36000,0.0,1.0,0.0,0
3,13500,8,37,1.0,4.0,13.0,1.0,0.0,31000,0.0,2.0,0.0,0
4,21000,12,23,0.0,5.0,3.0,0.0,0.0,81000,1.0,1.0,1.0,0
12,91000,36,32,1.0,0.0,5.0,0.0,2.0,41000,0.0,1.0,0.0,0
3,8500,6,40,1.0,5.0,14.0,1.0,2.0,26000,0.0,3.0,0.0,0
6,21000,6,29,0.0,5.0,13.0,0.0,0.0,41000,0.0,1.0,1.0,0
11,19500,12,44,1.0,5.0,3.0,1.0,2.0,16000,0.0,1.0,1.0,0
2,52500,15,64,1.0,0.0,5.0,0.0,0.0,43000,0.0,3.0,1.0,0
7,25000,24,65,0.0,5.0,13.0,0.0,2.0,18000,1.0,1.0,0.0,0
1,41000,15,40,1.0,0.0,19.0,1.0,2.0,26000,1.0,0.0,1.0,0
8,41500,12,49,1.0,0.0,11.0,0.0,2.0,19000,1.0,1.0,0.0,0
6,15000,6,43,0.0,5.0,13.0,1.0,2.0,44000,0.0,1.0,1.0,0
8,18000,6,47,1.0,5.0,13.0,1.0,2.0,10000,0.0,1.0,1.0,0
7,26000,6,27,0.0,0.0,3.0,0.0,2.0,56000,0.0,1.0,1.0,0
11,19000,24,24,0.0,5.0,6.0,0.0,2.0,31000,0.0,0.0,1.0,0
7,85000,36,41,1.0,0.0,13.0,0.0,2.0,31000,1.0,1.0,0.0,0
5,7500,12,35,1.0,0.0,3.0,1.0,2.0,23000,1.0,2.0,1.0,0
1,28000,18,36,1.0,5.0,3.0,1.0,2.0,16000,0.0,2.0,0.0,1
8,12000,6,25,0.0,5.0,3.0,0.0,2.0,13000,0.0,0.0,1.0,0
12,7000,3,40,0.0,4.0,3.0,0.0,2.0,60000,0.0,2.0,1.0,0
8,15000,12,37,1.0,1.0,13.0,1.0,2.0,16000,0.0,0.0,0.0,0
11,19500,12,33,1.0,5.0,13.0,0.0,2.0,26000,0.0,3.0,0.0,0
12,30000,12,30,1.0,5.0,6.0,1.0,2.0,21000,0.0,4.0,1.0,0
8,9500,6,25,0.0,5.0,11.0,0.0,2.0,16000,0.0,2.0,1.0,0
3,22000,6,32,1.0,4.0,13.0,1.0,2.0,26000,0.0,2.0,0.0,0
2,12000,6,44,1.0,5.0,11.0,0.0,2.0,29000,0.0,1.0,1.0,0
12,18500,6,32,1.0,0.0,3.0,1.0,2.0,46000,0.0,1.0,1.0,0
5,137000,18,37,1.0,0.0,13.0,0.0,2.0,71000,0.0,1.0,0.0,0
12,46500,24,26,1.0,0.0,8.0,0.0,2.0,51000,0.0,2.0,1.0,0
8,9000,12,27,1.0,0.0,13.0,0.0,2.0,21000,0.0,0.0,0.0,0
3,18000,6,34,1.0,5.0,11.0,1.0,2.0,21000,0.0,0.0,0.0,0
12,5500,12,21,1.0,1.0,3.0,0.0,2.0,15000,0.0,1.0,1.0,0
3,14500,12,40,0.0,5.0,3.0,0.0,2.0,46000,1.0,1.0,1.0,1
7,7500,3,31,0.0,5.0,11.0,1.0,2.0,20000,0.0,1.0,1.0,0
11,15000,3,61,0.0,4.0,5.0,0.0,0.0,26000,0.0,3.0,1.0,0
11,67000,24,39,0.0,0.0,8.0,0.0,0.0,101000,0.0,3.0,0.0,0
2,35500,10,57,0.0,5.0,11.0,1.0,2.0,21000,2.0,1.0,1.0,0
6,7000,3,53,1.0,0.0,13.0,0.0,2.0,36000,0.0,1.0,1.0,0
7,28000,12,23,0.0,4.0,3.0,0.0,2.0,31000,0.0,1.0,0.0,0
8,13500,10,40,1.0,5.0,3.0,1.0,2.0,21000,0.0,0.0,1.0,0
9,17000,12,24,1.0,0.0,19.0,0.0,2.0,31000,0.0,3.0,1.0,1
3,31000,6,32,0.0,5.0,3.0,0.0,2.0,31000,0.0,0.0,1.0,1
10,6500,6,31,0.0,5.0,3.0,0.0,2.0,31000,0.0,2.0,0.0,0
4,29000,12,23,0.0,5.0,6.0,0.0,2.0,41000,2.0,1.0,1.0,0
4,31000,12,29,1.0,0.0,13.0,0.0,0.0,41000,1.0,3.0,1.0,1
1,35500,12,30,1.0,0.0,3.0,0.0,0.0,51000,0.0,2.0,1.0,0
12,10500,6,60,1.0,5.0,13.0,0.0,2.0,23000,0.0,3.0,0.0,0
2,19500,10,50,1.0,0.0,3.0,1.0,2.0,21000,0.0,2.0,1.0,0
4,103000,12,61,1.0,5.0,13.0,0.0,2.0,18000,0.0,1.0,1.0,0
9,30000,12,51,0.0,5.0,3.0,0.0,2.0,46000,1.0,1.0,1.0,1
3,14000,8,33,0.0,5.0,3.0,0.0,2.0,26000,0.0,2.0,1.0,1
11,48500,15,23,1.0,1.0,6.0,0.0,2.0,34000,0.0,1.0,1.0,0
9,9000,10,35,0.0,1.0,13.0,1.0,2.0,51000,0.0,0.0,0.0,0
5,72500,24,27,1.0,5.0,13.0,1.0,2.0,26000,0.0,0.0,1.0,0
3,73000,24,48,1.0,0.0,8.0,0.0,0.0,93000,2.0,0.0,1.0,0
9,10000,6,28,1.0,5.0,13.0,1.0,0.0,28000,0.0,3.0,1.0,0
4,13000,6,50,1.0,5.0,6.0,1.0,2.0,19000,0.0,3.0,0.0,0
8,9000,12,34,1.0,5.0,3.0,0.0,2.0,19000,1.0,2.0,1.0,1
6,18000,18,39,1.0,5.0,3.0,1.0,2.0,18000,0.0,2.0,0.0,0
3,20500,6,30,0.0,5.0,13.0,0.0,2.0,41000,0.0,2.0,0.0,0
4,9000,10,25,1.0,5.0,11.0,0.0,2.0,36000,0.0,2.0,0.0,0
5,9500,12,43,0.0,5.0,3.0,1.0,0.0,51000,0.0,1.0,0.0,0
5,17000,12,22,0.0,5.0,3.0,0.0,0.0,38000,1.0,0.0,1.0,1
5,9500,6,20,1.0,5.0,3.0,0.0,1.0,21000,0.0,1.0,1.0,0
10,26000,12,35,0.0,5.0,3.0,0.0,2.0,41000,0.0,0.0,0.0,1
5,23000,12,23,0.0,5.0,3.0,0.0,2.0,21000,0.0,4.0,1.0,0
2,14500,4,29,1.0,5.0,6.0,1.0,2.0,9000,1.0,1.0,0.0,0
1,15000,24,25,0.0,5.0,13.0,1.0,2.0,26000,0.0,3.0,0.0,0
6,10500,6,54,1.0,0.0,1.0,0.0,2.0,33000,1.0,1.0,1.0,0
4,28500,15,30,0.0,5.0,13.0,1.0,2.0,41000,2.0,1.0,0.0,0
11,30500,12,22,0.0,1.0,3.0,0.0,0.0,46000,1.0,2.0,1.0,0
9,66500,24,38,1.0,0.0,13.0,1.0,2.0,121000,0.0,1.0,0.0,0
3,15000,6,46,0.0,5.0,3.0,1.0,2.0,31000,0.0,1.0,0.0,0
3,19000,10,29,1.0,0.0,5.0,1.0,1.0,31000,0.0,3.0,0.0,0
10,10500,12,39,0.0,5.0,3.0,0.0,2.0,37000,1.0,1.0,0.0,0
5,11500,6,22,0.0,4.0,0.0,1.0,2.0,21000,1.0,0.0,0.0,0
10,11000,6,21,1.0,0.0,6.0,0.0,2.0,31000,0.0,0.0,0.0,0
1,7000,12,39,1.0,5.0,3.0,0.0,2.0,21000,0.0,0.0,0.0,0
5,8000,3,62,0.0,4.0,13.0,0.0,2.0,21000,1.0,2.0,1.0,0
7,82000,36,90,1.0,0.0,21.0,0.0,0.0,46000,0.0,1.0,1.0,0
11,35000,18,52,1.0,0.0,3.0,0.0,2.0,24000,1.0,2.0,1.0,1
6,16000,6,61,1.0,4.0,11.0,0.0,2.0,21000,0.0,3.0,1.0,0
8,11000,12,22,0.0,1.0,3.0,0.0,2.0,29000,0.0,2.0,1.0,0
3,10500,6,31,0.0,0.0,3.0,1.0,2.0,51000,0.0,1.0,1.0,0
11,23500,18,31,0.0,4.0,13.0,1.0,2.0,28000,0.0,1.0,1.0,0
11,83000,36,58,1.0,0.0,8.0,0.0,2.0,24000,0.0,0.0,1.0,0
4,9000,6,31,0.0,0.0,6.0,0.0,2.0,19000,0.0,0.0,0.0,0
11,18500,10,22,1.0,0.0,14.0,0.0,1.0,34000,0.0,3.0,1.0,1
4,8000,3,31,1.0,0.0,3.0,1.0,2.0,29000,0.0,1.0,1.0,0
9,22000,11,40,1.0,0.0,6.0,0.0,2.0,21000,0.0,1.0,0.0,0
8,20000,12,35,0.0,5.0,13.0,1.0,2.0,41000,0.0,4.0,1.0,0
10,38000,24,49,1.0,5.0,15.0,1.0,2.0,21000,0.0,2.0,1.0,0
3,21000,6,31,1.0,0.0,13.0,1.0,0.0,31000,0.0,3.0,1.0,0
3,22000,12,40,1.0,0.0,11.0,1.0,2.0,41000,0.0,1.0,1.0,0
10,32500,12,38,0.0,5.0,3.0,0.0,2.0,28000,0.0,1.0,1.0,1
12,15000,12,44,0.0,4.0,3.0,1.0,2.0,46000,0.0,0.0,0.0,0
8,5000,3,47,0.0,5.0,13.0,0.0,2.0,51000,0.0,2.0,0.0,0
9,15000,6,55,1.0,0.0,6.0,1.0,2.0,41000,0.0,0.0,0.0,0
3,11500,12,39,0.0,5.0,6.0,0.0,2.0,21000,2.0,1.0,1.0,0
10,51000,18,20,0.0,1.0,13.0,0.0,0.0,36000,1.0,2.0,1.0,0
5,14500,24,38,1.0,5.0,13.0,1.0,2.0,11000,0.0,0.0,0.0,0
10,52500,6,64,1.0,0.0,11.0,0.0,2.0,51000,0.0,0.0,0.0,0
8,25000,24,35,0.0,5.0,1.0,1.0,2.0,36000,0.0,1.0,1.0,0
10,7000,6,37,1.0,5.0,18.0,1.0,2.0,11000,0.0,0.0,1.0,0
5,13000,7,29,1.0,5.0,13.0,0.0,2.0,16000,0.0,2.0,1.0,0
5,17500,12,24,1.0,4.0,3.0,0.0,2.0,21000,0.0,3.0,0.0,1
12,26000,8,50,1.0,0.0,13.0,0.0,2.0,29000,0.0,2.0,1.0,0
7,8000,6,39,1.0,5.0,3.0,1.0,2.0,14000,1.0,0.0,1.0,0
4,119000,8,28,1.0,0.0,11.0,0.0,0.0,69000,0.0,2.0,0.0,0
2,15500,6,35,1.0,0.0,11.0,1.0,2.0,26000,1.0,2.0,1.0,0
10,21500,12,39,0.0,0.0,6.0,1.0,2.0,66000,0.0,1.0,0.0,1
11,103000,15,68,1.0,5.0,11.0,0.0,2.0,33000,1.0,0.0,1.0,0
12,93000,3,31,1.0,0.0,5.0,1.0,2.0,151000,0.0,3.0,1.0,0
8,54500,12,29,0.0,5.0,7.0,0.0,2.0,56000,0.0,0.0,0.0,1
3,43000,12,30,1.0,0.0,11.0,1.0,2.0,21000,0.0,3.0,1.0,0
5,11000,12,26,1.0,4.0,3.0,1.0,0.0,36000,0.0,3.0,1.0,0
5,28000,12,59,1.0,5.0,7.0,1.0,2.0,16000,0.0,1.0,0.0,0
10,27000,10,27,1.0,1.0,11.0,0.0,0.0,61000,0.0,0.0,0.0,0
12,66500,18,35,0.0,0.0,11.0,1.0,2.0,26000,0.0,2.0,1.0,0
9,15000,3,32,0.0,0.0,11.0,1.0,2.0,21000,0.0,4.0,1.0,0
4,20000,6,23,0.0,5.0,3.0,0.0,2.0,36000,1.0,1.0,1.0,1
8,13000,10,32,0.0,5.0,13.0,1.0,2.0,36000,0.0,0.0,1.0,0
12,22500,10,24,1.0,5.0,3.0,0.0,1.0,26000,0.0,1.0,0.0,0
3,71000,18,25,0.0,5.0,5.0,0.0,2.0,26000,0.0,0.0,1.0,0
6,80000,36,45,1.0,5.0,21.0,1.0,0.0,21000,0.0,0.0,1.0,0
3,16000,12,36,1.0,5.0,3.0,0.0,0.0,31000,0.0,1.0,0.0,0
3,50000,18,26,0.0,0.0,0.0,0.0,1.0,71000,1.0,2.0,1.0,0
9,9500,10,31,1.0,0.0,3.0,1.0,2.0,22000,2.0,1.0,0.0,0
3,27500,12,28,0.0,0.0,3.0,0.0,2.0,41000,0.0,0.0,1.0,0
2,199000,36,52,1.0,0.0,8.0,0.0,2.0,61000,0.0,1.0,1.0,0
6,13000,3,21,1.0,1.0,13.0,0.0,0.0,43000,0.0,1.0,1.0,0
6,26000,15,35,1.0,0.0,3.0,1.0,2.0,26000,0.0,2.0,1.0,0
11,27000,12,24,0.0,4.0,11.0,0.0,2.0,21000,0.0,1.0,1.0,0
6,23000,12,20,1.0,5.0,3.0,0.0,2.0,26000,0.0,1.0,1.0,0
10,21000,12,21,0.0,5.0,3.0,0.0,2.0,16000,0.0,0.0,1.0,0
3,19000,6,34,1.0,5.0,6.0,1.0,2.0,27000,0.0,1.0,0.0,0
6,53500,12,37,1.0,0.0,20.0,1.0,0.0,26000,0.0,0.0,1.0,0
8,5500,3,36,0.0,5.0,7.0,1.0,2.0,21000,0.0,1.0,1.0,0
12,34000,8,62,1.0,4.0,5.0,0.0,2.0,26000,0.0,1.0,1.0,0
6,19000,12,23,0.0,5.0,3.0,0.0,2.0,26000,1.0,1.0,1.0,0
10,42500,12,79,1.0,0.0,5.0,0.0,2.0,19000,1.0,1.0,1.0,0
6,12000,18,23,0.0,5.0,13.0,0.0,2.0,22000,1.0,0.0,0.0,0
12,56500,6,76,1.0,0.0,11.0,1.0,2.0,15000,0.0,1.0,1.0,0
11,37000,12,50,1.0,5.0,11.0,0.0,2.0,51000,0.0,0.0,0.0,0
12,23500,12,42,0.0,5.0,3.0,1.0,2.0,56000,1.0,0.0,0.0,1
12,37000,6,29,0.0,0.0,13.0,0.0,2.0,33000,0.0,1.0,0.0,0
10,25000,10,55,0.0,0.0,3.0,0.0,2.0,51000,1.0,2.0,1.0,0
4,16500,6,20,0.0,5.0,6.0,0.0,2.0,31000,1.0,0.0,0.0,0
9,36000,12,33,0.0,5.0,13.0,0.0,2.0,51000,0.0,0.0,0.0,0
1,31000,12,20,1.0,1.0,13.0,0.0,2.0,26000,0.0,0.0,1.0,0
9,53500,24,35,0.0,0.0,13.0,1.0,2.0,71000,0.0,1.0,0.0,0
8,16500,12,31,1.0,5.0,13.0,1.0,2.0,15000,1.0,1.0,0.0,0
9,18000,12,43,1.0,0.0,21.0,1.0,2.0,26000,0.0,0.0,0.0,0
2,36000,24,41,1.0,5.0,5.0,1.0,2.0,21000,0.0,1.0,0.0,0
4,15000,6,24,1.0,0.0,2.0,0.0,2.0,31000,0.0,1.0,1.0,0
3,30000,24,22,0.0,5.0,13.0,0.0,2.0,13000,0.0,2.0,1.0,0
5,5000,6,23,0.0,5.0,3.0,1.0,2.0,31000,0.0,2.0,1.0,0
2,31500,12,26,0.0,4.0,3.0,0.0,2.0,31000,0.0,2.0,1.0,1
7,11000,12,26,1.0,0.0,3.0,1.0,2.0,37000,1.0,0.0,1.0,0
11,5500,6,24,0.0,0.0,5.0,1.0,2.0,36000,0.0,1.0,1.0,0
12,10000,3,56,0.0,5.0,13.0,1.0,2.0,11000,0.0,0.0,1.0,0
1,26500,24,58,0.0,0.0,13.0,1.0,0.0,26000,0.0,1.0,0.0,0
9,12500,5,22,0.0,5.0,13.0,0.0,2.0,31000,0.0,3.0,1.0,0
1,8000,6,27,1.0,4.0,3.0,0.0,1.0,21000,1.0,0.0,1.0,0
9,28500,18,23,0.0,5.0,13.0,0.0,2.0,44000,2.0,2.0,1.0,0
11,18500,10,26,0.0,1.0,3.0,0.0,2.0,36000,0.0,1.0,0.0,0
12,34500,10,30,0.0,0.0,6.0,0.0,1.0,39000,0.0,1.0,0.0,0
5,12000,6,25,0.0,5.0,3.0,0.0,2.0,12000,0.0,0.0,1.0,1
1,15000,6,21,0.0,5.0,3.0,0.0,2.0,16000,0.0,0.0,1.0,0
9,26000,12,34,1.0,0.0,6.0,1.0,2.0,56000,1.0,2.0,0.0,0
1,62000,12,62,1.0,0.0,5.0,0.0,0.0,41000,0.0,3.0,1.0,0
4,11000,6,43,1.0,5.0,3.0,1.0,2.0,26000,0.0,1.0,1.0,0
5,28500,12,54,1.0,5.0,6.0,0.0,2.0,25000,1.0,2.0,1.0,0
9,12000,6,25,0.0,5.0,13.0,0.0,2.0,41000,0.0,1.0,1.0,0
1,29500,12,26,1.0,0.0,13.0,0.0,2.0,16000,0.0,0.0,1.0,0
6,19500,12,32,1.0,5.0,3.0,1.0,2.0,26000,1.0,2.0,0.0,0
12,15500,12,45,1.0,5.0,3.0,1.0,2.0,20000,0.0,2.0,1.0,0
6,32500,18,53,0.0,5.0,3.0,1.0,2.0,38000,0.0,0.0,0.0,1
6,11000,12,30,1.0,0.0,11.0,0.0,2.0,21000,1.0,2.0,1.0,0
4,8500,6,30,0.0,4.0,6.0,0.0,2.0,26000,0.0,0.0,1.0,0
9,42000,8,26,0.0,4.0,21.0,0.0,2.0,26000,0.0,2.0,1.0,0
10,15000,10,48,1.0,5.0,13.0,0.0,0.0,36000,0.0,1.0,0.0,0
11,18500,6,42,0.0,5.0,6.0,0.0,2.0,46000,1.0,1.0,0.0,0
9,9000,12,52,0.0,5.0,3.0,0.0,2.0,51000,0.0,0.0,1.0,0
4,9500,3,32,1.0,0.0,13.0,1.0,2.0,36000,0.0,0.0,1.0,0
3,24000,12,23,1.0,5.0,3.0,0.0,2.0,26000,1.0,0.0,1.0,0
2,40000,12,24,0.0,5.0,3.0,0.0,2.0,41000,0.0,1.0,1.0,0
11,36500,12,35,1.0,4.0,3.0,0.0,2.0,19000,0.0,1.0,1.0,1
7,29500,6,24,0.0,0.0,3.0,0.0,2.0,26000,0.0,0.0,1.0,0
11,21500,9,22,0.0,5.0,13.0,0.0,2.0,36000,0.0,0.0,1.0,1
11,34000,12,39,0.0,0.0,13.0,0.0,0.0,36000,1.0,1.0,1.0,0
3,201000,12,37,1.0,0.0,5.0,0.0,0.0,61000,1.0,1.0,1.0,1
3,20500,10,43,1.0,5.0,6.0,1.0,2.0,21000,0.0,3.0,1.0,0
1,9500,4,27,0.0,5.0,3.0,0.0,2.0,31000,1.0,1.0,0.0,0
5,27000,12,22,1.0,1.0,13.0,0.0,2.0,26000,0.0,1.0,1.0,0
4,20500,12,54,1.0,5.0,3.0,0.0,2.0,41000,0.0,0.0,1.0,0
5,23000,12,26,1.0,0.0,3.0,0.0,2.0,31000,0.0,3.0,1.0,0
6,13500,6,25,0.0,5.0,4.0,0.0,2.0,19000,0.0,1.0,1.0,0
11,14000,10,38,1.0,0.0,14.0,1.0,2.0,31000,0.0,1.0,0.0,0
1,29500,18,21,1.0,5.0,3.0,0.0,2.0,23000,0.0,1.0,0.0,1
3,6000,3,25,1.0,5.0,14.0,1.0,2.0,23000,1.0,3.0,1.0,0
11,23000,12,25,0.0,4.0,6.0,0.0,2.0,31000,0.0,1.0,1.0,0
12,10000,12,30,0.0,4.0,3.0,0.0,2.0,26000,1.0,3.0,1.0,0
12,80000,36,44,0.0,5.0,13.0,1.0,2.0,54000,0.0,0.0,1.0,0
11,18000,10,33,1.0,4.0,6.0,1.0,2.0,16000,0.0,2.0,0.0,0
9,30500,12,20,1.0,5.0,13.0,0.0,2.0,33000,1.0,2.0,0.0,0
12,24500,9,38,0.0,1.0,13.0,1.0,2.0,31000,0.0,0.0,1.0,0
6,6000,3,63,1.0,5.0,6.0,1.0,2.0,14000,2.0,2.0,0.0,0
7,20500,12,30,0.0,0.0,6.0,1.0,2.0,26000,0.0,0.0,0.0,0
12,14500,6,20,1.0,5.0,13.0,0.0,2.0,20000,1.0,3.0,1.0,0
1,23500,11,54,1.0,0.0,10.0,0.0,2.0,31000,0.0,1.0,1.0,0
10,15000,12,25,0.0,0.0,6.0,0.0,2.0,31000,0.0,2.0,0.0,0
8,16500,12,78,1.0,5.0,21.0,1.0,0.0,21000,2.0,0.0,1.0,0
7,15000,6,37,1.0,5.0,13.0,0.0,2.0,21000,0.0,1.0,0.0,0
4,24000,18,22,1.0,0.0,3.0,0.0,2.0,18000,0.0,1.0,0.0,0
8,28000,18,54,0.0,4.0,13.0,1.0,2.0,16000,0.0,1.0,1.0,0
3,25000,18,40,0.0,5.0,13.0,1.0,2.0,46000,0.0,0.0,0.0,0
2,164000,12,57,1.0,0.0,5.0,1.0,2.0,81000,0.0,0.0,1.0,0
2,23500,12,49,0.0,5.0,3.0,1.0,0.0,65000,1.0,0.0,0.0,0
4,8500,4,56,1.0,5.0,3.0,0.0,2.0,2000,0.0,1.0,0.0,0
8,36000,15,21,1.0,0.0,11.0,0.0,2.0,21000,1.0,0.0,0.0,0
2,29000,12,31,1.0,4.0,3.0,0.0,1.0,31000,1.0,1.0,0.0,0
5,13000,6,27,0.0,5.0,13.0,0.0,0.0,31000,0.0,3.0,0.0,0
12,7500,3,55,1.0,4.0,13.0,0.0,0.0,31000,0.0,0.0,1.0,1
11,5500,6,43,0.0,5.0,3.0,0.0,2.0,23000,0.0,1.0,0.0,0
12,78500,24,38,1.0,5.0,6.0,1.0,2.0,81000,0.0,2.0,0.0,0
4,12500,6,43,1.0,5.0,3.0,0.0,2.0,21000,0.0,1.0,1.0,0
4,7000,4,28,0.0,1.0,14.0,1.0,2.0,24000,0.0,1.0,1.0,0
8,39500,30,49,1.0,0.0,8.0,0.0,2.0,13000,1.0,1.0,1.0,0
3,13000,15,30,1.0,5.0,3.0,1.0,2.0,16000,0.0,4.0,0.0,0
3,5500,4,41,1.0,5.0,7.0,0.0,2.0,19000,0.0,0.0,0.0,0
9,8000,10,22,0.0,5.0,3.0,0.0,2.0,16000,2.0,3.0,0.0,0
7,19500,12,62,1.0,5.0,7.0,1.0,2.0,11000,0.0,2.0,1.0,0
4,10000,4,48,1.0,5.0,7.0,1.0,2.0,14000,1.0,2.0,0.0,0
7,15000,6,29,0.0,1.0,6.0,0.0,1.0,36000,0.0,2.0,1.0,0
3,95500,36,45,1.0,5.0,5.0,1.0,2.0,26000,1.0,3.0,1.0,0
9,7500,3,63,1.0,4.0,7.0,0.0,2.0,12000,0.0,2.0,0.0,0
7,21000,3,38,1.0,5.0,13.0,1.0,2.0,101000,1.0,0.0,0.0,0
11,99500,18,27,0.0,0.0,13.0,0.0,2.0,51000,0.0,0.0,1.0,1
10,28500,12,61,1.0,5.0,5.0,1.0,2.0,16000,0.0,2.0,0.0,0
11,35000,10,31,1.0,0.0,3.0,0.0,0.0,121000,0.0,0.0,0.0,0
1,14500,12,25,0.0,0.0,3.0,0.0,2.0,26000,1.0,0.0,1.0,0
8,34500,10,27,0.0,0.0,3.0,0.0,2.0,31000,0.0,2.0,0.0,0
11,8000,3,22,0.0,0.0,1.0,0.0,2.0,41000,0.0,1.0,1.0,0
12,100500,15,49,1.0,0.0,5.0,0.0,2.0,46000,0.0,2.0,0.0,0
10,63000,24,28,1.0,5.0,5.0,0.0,2.0,26000,1.0,3.0,0.0,0
7,103000,24,59,1.0,0.0,8.0,1.0,2.0,36000,0.0,1.0,1.0,0
9,58500,12,59,1.0,4.0,21.0,1.0,2.0,38000,0.0,1.0,0.0,0
1,29000,12,29,0.0,0.0,13.0,0.0,2.0,46000,0.0,1.0,1.0,0
7,16500,6,30,0.0,1.0,18.0,1.0,2.0,26000,0.0,2.0,0.0,0
7,19500,10,19,1.0,5.0,3.0,0.0,2.0,20000,0.0,3.0,0.0,0
11,58500,34,53,1.0,0.0,8.0,0.0,2.0,29000,0.0,4.0,1.0,0
9,31500,8,31,0.0,0.0,3.0,0.0,0.0,53000,1.0,1.0,1.0,1
4,16000,12,46,1.0,5.0,11.0,1.0,2.0,20000,0.0,1.0,0.0,0
1,37000,10,64,1.0,0.0,5.0,0.0,0.0,51000,0.0,1.0,1.0,0
8,35000,6,36,1.0,0.0,0.0,1.0,2.0,29000,0.0,2.0,1.0,0
8,41000,18,50,1.0,5.0,8.0,1.0,0.0,31000,0.0,1.0,1.0,0
7,7000,4,53,0.0,5.0,3.0,0.0,0.0,16000,1.0,1.0,1.0,0
5,10000,12,22,1.0,5.0,3.0,0.0,2.0,21000,0.0,1.0,1.0,0
7,73000,24,62,1.0,5.0,8.0,0.0,0.0,21000,1.0,0.0,1.0,0
3,34000,10,51,1.0,5.0,7.0,0.0,2.0,51000,0.0,0.0,0.0,0
1,17500,6,35,0.0,0.0,3.0,0.0,2.0,39000,0.0,2.0,1.0,0
11,20000,6,34,1.0,1.0,3.0,0.0,0.0,46000,0.0,0.0,0.0,0
8,87500,18,55,1.0,5.0,8.0,0.0,0.0,36000,0.0,1.0,0.0,0
5,27500,12,25,1.0,5.0,14.0,0.0,2.0,21000,0.0,1.0,1.0,1
12,43000,24,28,1.0,0.0,8.0,0.0,2.0,46000,1.0,2.0,1.0,0
12,19000,12,21,0.0,5.0,3.0,0.0,2.0,18000,0.0,0.0,0.0,0
11,10500,6,33,0.0,4.0,6.0,0.0,2.0,21000,0.0,1.0,1.0,0
11,19500,18,44,0.0,5.0,13.0,0.0,2.0,11000,0.0,1.0,1.0,0
6,35500,24,56,1.0,0.0,8.0,0.0,2.0,26000,1.0,1.0,1.0,0
2,16000,6,21,0.0,5.0,3.0,0.0,2.0,21000,1.0,1.0,0.0,0
11,112000,12,29,0.0,0.0,11.0,1.0,0.0,71000,0.0,0.0,1.0,0
11,27500,16,52,0.0,5.0,3.0,0.0,2.0,30000,0.0,1.0,1.0,1
3,17500,18,44,1.0,5.0,13.0,0.0,2.0,23000,0.0,0.0,0.0,0
11,99000,24,44,1.0,0.0,11.0,0.0,2.0,71000,1.0,3.0,0.0,0
6,17500,13,47,0.0,0.0,13.0,1.0,2.0,21000,0.0,0.0,0.0,0
10,34500,24,32,0.0,0.0,8.0,1.0,2.0,51000,0.0,1.0,1.0,0
12,25000,6,41,1.0,0.0,11.0,1.0,2.0,31000,0.0,3.0,0.0,0
11,46000,10,40,0.0,0.0,5.0,0.0,2.0,71000,0.0,0.0,1.0,0
10,13500,6,40,0.0,5.0,3.0,1.0,2.0,29000,1.0,0.0,1.0,1
6,60500,36,39,1.0,4.0,21.0,1.0,2.0,14000,0.0,1.0,1.0,0
3,27000,24,27,1.0,0.0,6.0,0.0,0.0,41000,0.0,0.0,0.0,0
11,6500,6,36,0.0,5.0,3.0,0.0,2.0,21000,0.0,1.0,0.0,1
4,13500,12,34,1.0,0.0,13.0,1.0,2.0,61000,0.0,1.0,1.0,0
2,28000,12,21,0.0,5.0,3.0,0.0,2.0,71000,0.0,0.0,1.0,0
5,29500,3,22,1.0,5.0,3.0,1.0,2.0,16000,0.0,0.0,1.0,0
3,6000,6,46,0.0,5.0,3.0,1.0,2.0,31000,0.0,3.0,0.0,0
12,81000,36,31,0.0,0.0,17.0,0.0,2.0,31000,2.0,3.0,1.0,1
5,13000,10,23,0.0,5.0,3.0,0.0,2.0,26000,0.0,1.0,0.0,0
12,29500,6,30,0.0,4.0,3.0,1.0,0.0,71000,0.0,1.0,1.0,0
10,10000,6,34,0.0,0.0,1.0,1.0,2.0,21000,0.0,0.0,0.0,0
6,13000,10,40,1.0,0.0,19.0,0.0,2.0,26000,1.0,2.0,0.0,0
9,21500,12,29,0.0,5.0,3.0,0.0,2.0,26000,0.0,2.0,0.0,0
3,23000,10,23,0.0,5.0,3.0,0.0,2.0,51000,1.0,1.0,1.0,0
11,12000,3,27,0.0,0.0,3.0,1.0,2.0,34000,0.0,1.0,0.0,0
6,28500,6,21,0.0,4.0,13.0,0.0,2.0,41000,1.0,2.0,1.0,0
6,15500,12,25,1.0,5.0,13.0,1.0,2.0,18000,0.0,3.0,0.0,0
7,15000,6,27,0.0,0.0,13.0,0.0,2.0,33000,0.0,1.0,0.0,0
12,21500,10,28,1.0,5.0,13.0,1.0,0.0,46000,0.0,3.0,0.0,0
4,25000,36,20,1.0,1.0,5.0,0.0,2.0,36000,0.0,3.0,0.0,0
12,18500,10,28,1.0,5.0,3.0,0.0,2.0,18000,0.0,1.0,1.0,0
3,51000,12,29,0.0,0.0,13.0,0.0,2.0,41000,0.0,2.0,0.0,0
10,35000,11,25,1.0,0.0,10.0,0.0,0.0,61000,0.0,0.0,1.0,0
12,33000,12,25,0.0,5.0,3.0,0.0,2.0,81000,0.0,0.0,1.0,0
12,7000,12,39,1.0,5.0,3.0,1.0,2.0,10000,1.0,1.0,0.0,1
3,24500,12,37,0.0,0.0,13.0,1.0,2.0,61000,0.0,2.0,0.0,0
7,106000,15,32,0.0,0.0,19.0,0.0,2.0,49000,0.0,1.0,1.0,0
2,29500,6,47,1.0,5.0,13.0,0.0,2.0,26000,0.0,1.0,0.0,0
11,23500,10,39,0.0,5.0,13.0,0.0,0.0,39000,0.0,0.0,1.0,0
6,40000,12,64,1.0,5.0,11.0,0.0,2.0,18000,2.0,1.0,0.0,0
9,15500,6,35,0.0,5.0,3.0,1.0,2.0,31000,1.0,0.0,1.0,1
9,24500,12,20,1.0,5.0,13.0,0.0,2.0,26000,0.0,1.0,1.0,0
11,7000,10,38,0.0,5.0,3.0,1.0,2.0,36000,0.0,0.0,1.0,0
4,21500,12,68,1.0,0.0,15.0,1.0,2.0,14000,0.0,2.0,0.0,0
4,15000,6,23,0.0,5.0,5.0,0.0,2.0,28000,0.0,1.0,1.0,0
6,18000,6,28,1.0,5.0,11.0,1.0,2.0,23000,0.0,0.0,1.0,0
8,11500,6,73,1.0,5.0,13.0,0.0,2.0,13000,1.0,3.0,0.0,0
3,8000,3,30,0.0,0.0,6.0,0.0,2.0,26000,1.0,0.0,1.0,0
2,15000,6,28,1.0,0.0,13.0,0.0,2.0,26000,1.0,1.0,0.0,0
11,59000,7,50,1.0,0.0,5.0,0.0,2.0,36000,0.0,0.0,1.0,0
7,8500,7,22,0.0,0.0,13.0,0.0,2.0,18000,0.0,0.0,1.0,0
12,8000,12,32,0.0,5.0,3.0,0.0,0.0,31000,0.0,0.0,1.0,0
5,42000,6,71,1.0,4.0,21.0,0.0,2.0,16000,0.0,1.0,1.0,0
12,32000,10,24,0.0,0.0,3.0,0.0,1.0,31000,1.0,0.0,0.0,0
1,30000,12,24,0.0,5.0,6.0,1.0,2.0,31000,1.0,0.0,0.0,0
3,34000,12,18,1.0,4.0,3.0,0.0,2.0,26000,0.0,4.0,1.0,1
2,28000,12,43,0.0,1.0,6.0,1.0,2.0,16000,1.0,1.0,1.0,0
11,58000,12,31,1.0,0.0,11.0,1.0,2.0,31000,1.0,1.0,0.0,0
9,11000,6,53,1.0,5.0,11.0,1.0,2.0,26000,0.0,3.0,0.0,0
9,20500,10,31,0.0,5.0,3.0,0.0,2.0,17000,0.0,1.0,1.0,0
1,13000,12,28,1.0,0.0,13.0,1.0,2.0,19000,2.0,1.0,1.0,0
8,24000,6,49,0.0,5.0,13.0,0.0,2.0,26000,0.0,3.0,1.0,0
10,14000,4,47,0.0,5.0,11.0,1.0,1.0,36000,1.0,0.0,1.0,0
8,8500,3,65,1.0,5.0,3.0,1.0,2.0,10000,1.0,0.0,1.0,0
7,20000,12,24,1.0,5.0,3.0,1.0,2.0,21000,1.0,1.0,1.0,0
6,11500,6,26,0.0,5.0,6.0,0.0,2.0,32000,0.0,2.0,0.0,0
6,9000,3,29,1.0,5.0,3.0,1.0,2.0,15000,0.0,2.0,0.0,0
4,39000,18,29,1.0,0.0,8.0,1.0,2.0,41000,0.0,0.0,1.0,0
6,31500,18,24,0.0,5.0,3.0,1.0,2.0,36000,0.0,3.0,1.0,1
7,52500,3,30,0.0,4.0,1.0,1.0,2.0,56000,1.0,2.0,0.0,0
2,57000,24,23,1.0,0.0,13.0,0.0,2.0,46000,1.0,2.0,1.0,0
11,21000,18,21,1.0,5.0,13.0,0.0,2.0,19000,0.0,1.0,1.0,0
12,9500,6,30,1.0,0.0,5.0,0.0,2.0,31000,0.0,1.0,1.0,0
4,14000,12,40,1.0,5.0,13.0,0.0,2.0,18000,0.0,4.0,0.0,0
3,54000,18,55,1.0,0.0,5.0,1.0,0.0,12000,0.0,1.0,0.0,0
4,21000,10,28,1.0,0.0,3.0,0.0,0.0,21000,0.0,2.0,1.0,0
3,32000,24,47,1.0,5.0,13.0,1.0,2.0,33000,2.0,0.0,1.0,0
4,12000,6,23,1.0,0.0,13.0,0.0,2.0,31000,0.0,2.0,0.0,0
12,23500,12,58,1.0,4.0,13.0,0.0,2.0,8000,0.0,2.0,1.0,0
11,57500,18,76,0.0,4.0,13.0,1.0,2.0,1000,0.0,0.0,1.0,0
11,21000,6,25,0.0,5.0,11.0,0.0,2.0,101000,0.0,2.0,1.0,0
4,10500,10,56,0.0,5.0,3.0,1.0,2.0,10000,0.0,1.0,1.0,0
10,46000,24,53,1.0,5.0,7.0,1.0,2.0,21000,1.0,2.0,1.0,1
11,19000,12,30,0.0,5.0,6.0,1.0,2.0,41000,0.0,0.0,1.0,0
1,24000,12,37,1.0,0.0,13.0,0.0,1.0,41000,0.0,1.0,0.0,0
3,9500,9,22,0.0,5.0,6.0,0.0,2.0,19000,1.0,1.0,1.0,1
11,28500,12,28,0.0,4.0,13.0,1.0,2.0,36000,0.0,3.0,1.0,0
4,22500,6,55,0.0,5.0,6.0,1.0,2.0,71000,1.0,1.0,0.0,0
8,16000,12,42,1.0,5.0,1.0,0.0,2.0,24000,1.0,1.0,0.0,0
6,24500,12,23,1.0,0.0,6.0,0.0,2.0,24000,0.0,0.0,0.0,0
11,63500,10,37,1.0,5.0,11.0,1.0,2.0,36000,1.0,0.0,1.0,1
12,49000,36,43,0.0,5.0,2.0,0.0,2.0,26000,0.0,3.0,1.0,1
8,7000,6,33,1.0,5.0,3.0,1.0,2.0,13000,1.0,2.0,0.0,0
6,18500,6,26,0.0,5.0,3.0,0.0,2.0,25000,0.0,3.0,0.0,0
4,17000,10,30,1.0,5.0,14.0,1.0,1.0,26000,1.0,1.0,1.0,0
4,14000,12,46,0.0,0.0,3.0,1.0,2.0,26000,0.0,2.0,1.0,0
7,19000,10,60,1.0,5.0,13.0,1.0,2.0,21000,2.0,1.0,0.0,0
4,85000,18,66,1.0,5.0,11.0,1.0,2.0,19000,0.0,2.0,1.0,0
3,14000,6,20,0.0,5.0,3.0,0.0,2.0,21000,0.0,2.0,1.0,0
12,10500,10,21,0.0,5.0,3.0,0.0,2.0,21000,0.0,2.0,0.0,0
12,54000,24,38,1.0,5.0,11.0,1.0,2.0,21000,0.0,3.0,1.0,0
5,13500,12,43,1.0,5.0,15.0,1.0,2.0,31000,1.0,2.0,1.0,0
12,116000,24,34,1.0,0.0,5.0,1.0,2.0,41000,0.0,2.0,0.0,0
10,20000,12,20,0.0,4.0,1.0,1.0,2.0,29000,0.0,1.0,1.0,0
7,20500,24,36,1.0,0.0,6.0,1.0,2.0,31000,0.0,2.0,0.0,0
1,8000,3,23,1.0,0.0,6.0,0.0,2.0,21000,0.0,0.0,1.0,0
9,5500,5,47,1.0,5.0,5.0,0.0,2.0,16000,2.0,1.0,0.0,0
12,37500,24,27,1.0,0.0,19.0,0.0,2.0,26000,1.0,1.0,1.0,0
12,23500,10,53,1.0,0.0,13.0,1.0,2.0,21000,0.0,1.0,1.0,0
5,14000,6,46,0.0,4.0,6.0,0.0,2.0,46000,1.0,2.0,1.0,0
8,19500,12,22,1.0,5.0,3.0,0.0,2.0,19000,0.0,3.0,1.0,1
12,29500,12,20,1.0,5.0,19.0,0.0,2.0,26000,0.0,3.0,1.0,0
7,6500,12,34,0.0,5.0,13.0,0.0,2.0,16000,1.0,0.0,1.0,0
6,30500,6,40,0.0,0.0,13.0,1.0,2.0,51000,0.0,0.0,0.0,0
10,55500,10,49,1.0,0.0,13.0,0.0,2.0,41000,0.0,1.0,0.0,0
6,11000,12,22,0.0,5.0,3.0,0.0,2.0,21000,0.0,1.0,0.0,0
10,20500,6,33,0.0,5.0,3.0,1.0,2.0,46000,1.0,3.0,1.0,0
12,30500,18,28,0.0,5.0,13.0,1.0,2.0,31000,1.0,1.0,1.0,0
8,7500,3,36,0.0,4.0,13.0,0.0,2.0,31000,0.0,2.0,0.0,0
3,22500,6,33,1.0,0.0,20.0,1.0,2.0,31000,1.0,1.0,0.0,0
10,42500,24,35,1.0,0.0,8.0,0.0,2.0,36000,0.0,0.0,0.0,0
10,13000,6,48,1.0,0.0,3.0,0.0,2.0,19000,1.0,0.0,1.0,0
7,6000,12,38,1.0,4.0,21.0,1.0,2.0,13000,0.0,1.0,1.0,1
6,9000,6,20,0.0,1.0,13.0,0.0,2.0,23000,0.0,0.0,1.0,0
8,14000,12,33,0.0,5.0,14.0,0.0,2.0,51000,0.0,0.0,0.0,0
3,15500,10,32,0.0,0.0,3.0,0.0,2.0,51000,0.0,2.0,1.0,0
9,16000,16,19,0.0,5.0,3.0,0.0,2.0,26000,1.0,1.0,1.0,0
10,101000,36,55,1.0,5.0,2.0,1.0,2.0,36000,0.0,0.0,0.0,0
3,25000,12,42,0.0,5.0,3.0,0.0,0.0,21000,0.0,1.0,0.0,1
1,10500,10,22,0.0,5.0,6.0,0.0,2.0,21000,0.0,2.0,1.0,0
1,23500,18,31,1.0,5.0,13.0,1.0,2.0,19000,0.0,1.0,0.0,0
6,22500,6,24,0.0,0.0,13.0,0.0,2.0,21000,1.0,2.0,1.0,0
2,6500,6,31,1.0,5.0,3.0,1.0,2.0,26000,0.0,1.0,1.0,1
1,10000,24,23,1.0,1.0,6.0,0.0,2.0,21000,1.0,1.0,0.0,1
6,8500,6,78,1.0,0.0,13.0,0.0,2.0,16000,0.0,0.0,1.0,0
1,9000,6,31,1.0,5.0,3.0,1.0,2.0,36000,1.0,0.0,1.0,0
11,10000,5,43,1.0,5.0,6.0,1.0,2.0,21000,1.0,1.0,1.0,0
9,29500,12,78,0.0,0.0,2.0,0.0,2.0,13000,0.0,0.0,1.0,0
11,23000,6,21,0.0,5.0,13.0,0.0,2.0,41000,0.0,0.0,0.0,0
12,20000,12,22,0.0,5.0,13.0,0.0,2.0,28000,0.0,0.0,1.0,1
8,26500,18,26,1.0,0.0,3.0,0.0,0.0,56000,0.0,1.0,0.0,0
12,14500,10,39,1.0,4.0,21.0,1.0,2.0,18000,0.0,0.0,0.0,0
7,14000,6,28,1.0,4.0,11.0,1.0,2.0,21000,0.0,2.0,1.0,0
10,11500,10,30,0.0,1.0,3.0,1.0,1.0,26000,2.0,0.0,0.0,0
9,27500,12,38,1.0,5.0,6.0,1.0,2.0,19000,0.0,2.0,0.0,0
11,30500,6,29,1.0,0.0,10.0,0.0,0.0,61000,0.0,3.0,0.0,0
7,35500,12,24,1.0,0.0,13.0,0.0,0.0,26000,1.0,3.0,0.0,0
4,12000,12,26,0.0,4.0,3.0,0.0,2.0,14000,1.0,2.0,1.0,0
10,19500,24,29,0.0,5.0,13.0,1.0,2.0,41000,1.0,1.0,1.0,0
1,25500,12,28,1.0,0.0,6.0,0.0,2.0,26000,0.0,0.0,0.0,0
12,17000,12,24,0.0,5.0,3.0,0.0,2.0,21000,0.0,1.0,1.0,0
2,10000,12,39,1.0,0.0,13.0,1.0,2.0,21000,1.0,0.0,1.0,0
2,30500,18,28,1.0,0.0,11.0,1.0,2.0,21000,1.0,2.0,1.0,0
4,58500,24,54,1.0,5.0,6.0,0.0,2.0,26000,0.0,1.0,0.0,0
11,7000,6,34,0.0,0.0,1.0,1.0,2.0,39000,0.0,3.0,1.0,0
2,12500,18,32,0.0,4.0,3.0,1.0,2.0,11000,1.0,1.0,0.0,0
3,9500,6,58,1.0,5.0,3.0,0.0,2.0,21000,1.0,1.0,0.0,0
10,14000,10,49,0.0,5.0,3.0,1.0,0.0,31000,2.0,0.0,1.0,1
2,22000,24,32,0.0,0.0,13.0,1.0,2.0,23000,0.0,1.0,0.0,0
9,31000,12,21,0.0,5.0,3.0,0.0,2.0,36000,1.0,1.0,1.0,1
1,116000,18,33,0.0,0.0,5.0,1.0,2.0,36000,1.0,3.0,1.0,0
7,78000,36,33,0.0,5.0,1.0,1.0,2.0,28000,0.0,4.0,1.0,0
4,15000,12,41,1.0,0.0,6.0,1.0,2.0,18000,0.0,1.0,1.0,0
10,10000,12,27,0.0,0.0,13.0,1.0,2.0,31000,1.0,0.0,1.0,0
11,81500,15,24,1.0,0.0,19.0,0.0,0.0,61000,1.0,0.0,0.0,0
11,9500,12,23,1.0,4.0,3.0,0.0,2.0,20000,1.0,0.0,1.0,0
6,29000,18,23,1.0,5.0,3.0,1.0,2.0,31000,0.0,1.0,1.0,0
9,33000,12,29,0.0,0.0,6.0,1.0,0.0,36000,0.0,2.0,0.0,0
7,6500,4,33,1.0,0.0,3.0,0.0,2.0,26000,0.0,0.0,1.0,0
4,27500,10,21,0.0,5.0,3.0,0.0,2.0,22000,2.0,3.0,1.0,0
4,56000,16,28,1.0,5.0,13.0,0.0,2.0,31000,0.0,1.0,1.0,1
8,31500,18,61,0.0,0.0,3.0,1.0,2.0,37000,0.0,2.0,1.0,0
10,66000,10,32,1.0,0.0,5.0,1.0,2.0,61000,1.0,2.0,0.0,0
6,157500,18,53,1.0,4.0,13.0,0.0,0.0,66000,0.0,0.0,0.0,0
5,13000,12,74,1.0,4.0,13.0,0.0,2.0,13000,1.0,1.0,1.0,0
6,55000,12,36,0.0,5.0,13.0,0.0,2.0,44000,0.0,1.0,1.0,0
8,21000,15,29,1.0,5.0,13.0,0.0,2.0,36000,0.0,2.0,1.0,0
4,12500,10,24,0.0,5.0,3.0,0.0,0.0,26000,0.0,0.0,1.0,1
12,29000,5,40,1.0,0.0,6.0,1.0,2.0,46000,1.0,1.0,0.0,0
2,165000,12,48,0.0,5.0,11.0,0.0,2.0,51000,0.0,3.0,1.0,0
6,31000,12,48,1.0,5.0,3.0,0.0,0.0,43000,0.0,1.0,0.0,1
4,17500,6,21,1.0,5.0,13.0,0.0,2.0,16000,0.0,0.0,1.0,0
5,35500,18,37,0.0,4.0,12.0,1.0,2.0,16000,0.0,0.0,1.0,0
9,28500,12,30,0.0,5.0,13.0,0.0,2.0,24000,0.0,0.0,1.0,0
4,12500,10,52,0.0,5.0,3.0,1.0,0.0,21000,0.0,0.0,0.0,0
7,58000,12,41,1.0,5.0,2.0,1.0,0.0,41000,0.0,1.0,1.0,0
3,20000,12,22,0.0,1.0,3.0,0.0,2.0,21000,0.0,1.0,1.0,0
4,9500,4,29,1.0,0.0,3.0,1.0,2.0,26000,0.0,0.0,1.0,0
9,28000,12,31,1.0,1.0,13.0,1.0,0.0,31000,0.0,1.0,1.0,0
6,13500,10,23,0.0,0.0,3.0,0.0,2.0,31000,0.0,2.0,1.0,0
11,24000,12,64,0.0,5.0,13.0,0.0,2.0,16000,1.0,1.0,0.0,1
2,22500,10,42,0.0,0.0,12.0,1.0,2.0,21000,1.0,2.0,1.0,0
9,12000,12,57,1.0,5.0,11.0,1.0,2.0,16000,1.0,0.0,1.0,0
1,18500,6,32,0.0,5.0,13.0,1.0,2.0,31000,0.0,1.0,1.0,0
6,25000,12,23,0.0,5.0,3.0,0.0,2.0,24000,0.0,1.0,1.0,1
7,41000,10,29,1.0,0.0,11.0,1.0,2.0,26000,2.0,3.0,0.0,0
10,14000,12,22,0.0,5.0,6.0,0.0,2.0,26000,0.0,0.0,1.0,0
7,25000,12,22,1.0,5.0,3.0,0.0,2.0,24000,0.0,1.0,0.0,1
6,18000,12,23,0.0,0.0,11.0,0.0,0.0,41000,1.0,0.0,1.0,0
1,29500,12,35,0.0,4.0,3.0,0.0,2.0,26000,0.0,0.0,1.0,0
7,25500,12,72,1.0,0.0,14.0,1.0,2.0,19000,1.0,2.0,1.0,0
5,57000,15,33,0.0,0.0,19.0,1.0,2.0,41000,0.0,0.0,1.0,0
10,8000,6,31,0.0,5.0,6.0,1.0,2.0,26000,0.0,3.0,0.0,0
12,30000,7,42,1.0,5.0,5.0,0.0,2.0,23000,0.0,0.0,1.0,0
12,11000,6,38,0.0,5.0,13.0,1.0,2.0,16000,0.0,2.0,1.0,0
4,9500,12,22,1.0,5.0,3.0,0.0,2.0,19000,0.0,1.0,0.0,0
11,69000,24,36,1.0,5.0,13.0,1.0,2.0,17000,0.0,2.0,1.0,0
8,51500,12,58,1.0,4.0,13.0,0.0,2.0,11000,1.0,1.0,1.0,0
1,16000,8,27,0.0,5.0,13.0,0.0,2.0,26000,2.0,1.0,1.0,0
1,15500,12,21,0.0,5.0,3.0,0.0,2.0,51000,0.0,0.0,0.0,0
10,301000,36,32,1.0,0.0,7.0,0.0,2.0,121000,0.0,1.0,1.0,0
12,73500,10,52,1.0,4.0,13.0,0.0,0.0,46000,0.0,2.0,0.0,0
3,31500,10,53,0.0,5.0,3.0,0.0,2.0,36000,1.0,2.0,1.0,0
10,38500,12,41,1.0,5.0,13.0,1.0,2.0,31000,1.0,2.0,0.0,0
9,6500,5,51,1.0,5.0,13.0,0.0,2.0,16000,0.0,2.0,0.0,0
2,87000,10,40,1.0,5.0,11.0,1.0,2.0,26000,0.0,3.0,1.0,0
11,8500,12,20,1.0,5.0,3.0,0.0,2.0,13000,1.0,1.0,1.0,1
5,25000,9,57,1.0,0.0,10.0,0.0,2.0,51000,1.0,3.0,1.0,0
8,29000,12,48,0.0,4.0,6.0,1.0,2.0,41000,0.0,1.0,0.0,0
11,14500,12,35,0.0,5.0,3.0,0.0,2.0,19000,2.0,1.0,1.0,0
1,21000,18,28,1.0,0.0,11.0,1.0,2.0,21000,0.0,0.0,1.0,0
9,6000,12,30,1.0,5.0,3.0,0.0,2.0,11000,0.0,1.0,1.0,0
11,10000,6,24,0.0,5.0,5.0,0.0,2.0,26000,1.0,0.0,0.0,0
6,66000,15,26,0.0,5.0,19.0,0.0,2.0,78000,0.0,1.0,0.0,0
1,7000,6,37,1.0,5.0,13.0,1.0,2.0,16000,0.0,0.0,0.0,0
3,22500,10,30,1.0,1.0,11.0,1.0,2.0,16000,1.0,1.0,0.0,0
7,47500,18,48,1.0,0.0,8.0,0.0,1.0,39000,0.0,1.0,1.0,0
6,19000,8,24,0.0,5.0,13.0,0.0,2.0,26000,0.0,0.0,1.0,0
3,27000,12,55,1.0,5.0,13.0,0.0,2.0,33000,0.0,1.0,1.0,0
9,34500,12,31,0.0,0.0,6.0,1.0,2.0,11000,0.0,1.0,0.0,0
3,10500,24,22,1.0,5.0,13.0,1.0,2.0,26000,1.0,0.0,1.0,0
4,163000,24,60,1.0,5.0,7.0,0.0,2.0,43000,0.0,1.0,1.0,1
5,11000,10,29,0.0,5.0,3.0,1.0,2.0,41000,0.0,0.0,1.0,0
10,21500,10,23,1.0,5.0,13.0,1.0,2.0,21000,1.0,1.0,0.0,0
2,16500,12,35,1.0,0.0,6.0,1.0,2.0,22000,1.0,0.0,0.0,0
9,55000,15,25,1.0,0.0,20.0,0.0,0.0,41000,0.0,0.0,1.0,0
12,23500,10,35,0.0,0.0,11.0,1.0,2.0,16000,0.0,0.0,1.0,0
10,15500,12,24,1.0,0.0,3.0,1.0,2.0,16000,0.0,3.0,1.0,1
1,17500,12,20,1.0,5.0,3.0,0.0,2.0,16000,0.0,0.0,1.0,0
8,44000,12,54,1.0,0.0,8.0,0.0,2.0,36000,0.0,1.0,1.0,0
3,176000,36,87,1.0,0.0,4.0,0.0,2.0,26000,2.0,0.0,1.0,0
11,36500,10,46,1.0,0.0,13.0,0.0,2.0,61000,1.0,3.0,1.0,0
8,28500,10,45,1.0,0.0,3.0,1.0,2.0,66000,2.0,2.0,0.0,0
2,15500,4,58,0.0,4.0,3.0,0.0,0.0,26000,1.0,0.0,1.0,0
2,22500,12,21,1.0,5.0,6.0,1.0,2.0,26000,0.0,0.0,1.0,0
12,15500,12,42,0.0,4.0,6.0,0.0,2.0,36000,0.0,1.0,1.0,0
11,5000,4,32,1.0,4.0,3.0,1.0,2.0,19000,0.0,1.0,1.0,0
6,22500,18,43,0.0,5.0,13.0,1.0,2.0,36000,0.0,1.0,0.0,0
8,30000,12,33,0.0,0.0,13.0,0.0,2.0,36000,1.0,0.0,1.0,1
11,8000,4,24,1.0,5.0,3.0,1.0,2.0,26000,0.0,1.0,0.0,0
3,14000,6,21,0.0,5.0,13.0,0.0,2.0,21000,0.0,2.0,1.0,0
11,25500,12,36,1.0,0.0,11.0,1.0,2.0,31000,0.0,2.0,0.0,0
2,32000,10,57,1.0,0.0,13.0,1.0,0.0,15000,0.0,2.0,1.0,0
3,17000,10,35,0.0,5.0,13.0,1.0,2.0,21000,1.0,2.0,1.0,0
6,13000,4,27,1.0,0.0,6.0,0.0,2.0,41000,1.0,1.0,1.0,0
11,144500,15,31,1.0,0.0,11.0,0.0,0.0,51000,0.0,1.0,1.0,0
8,27000,12,23,1.0,5.0,6.0,0.0,2.0,23000,0.0,0.0,1.0,0
8,25000,12,54,1.0,0.0,13.0,0.0,2.0,19000,0.0,3.0,0.0,0
12,35500,6,27,0.0,0.0,6.0,0.0,0.0,51000,1.0,2.0,1.0,0
6,50500,18,75,1.0,5.0,21.0,0.0,2.0,16000,1.0,1.0,1.0,0
12,16000,10,25,1.0,0.0,3.0,0.0,2.0,41000,1.0,1.0,1.0,0
3,221000,36,48,0.0,0.0,5.0,0.0,2.0,56000,1.0,0.0,1.0,0
6,20500,6,30,1.0,5.0,11.0,1.0,2.0,16000,0.0,1.0,1.0,0
1,12000,10,58,1.0,5.0,13.0,0.0,2.0,21000,1.0,2.0,0.0,0
3,18500,6,27,0.0,1.0,5.0,1.0,2.0,81000,0.0,2.0,0.0,0
8,15000,12,49,0.0,0.0,11.0,0.0,2.0,36000,0.0,0.0,1.0,0
3,30500,4,28,0.0,0.0,10.0,1.0,2.0,61000,0.0,1.0,0.0,0
10,24500,6,30,0.0,0.0,6.0,0.0,1.0,41000,0.0,0.0,1.0,0
10,5500,12,37,0.0,0.0,3.0,1.0,2.0,36000,0.0,0.0,0.0,0
6,23000,12,28,1.0,0.0,3.0,1.0,0.0,51000,1.0,3.0,0.0,1
1,8000,3,53,1.0,0.0,6.0,0.0,2.0,19000,0.0,3.0,1.0,0
8,7000,6,37,1.0,5.0,6.0,1.0,2.0,25000,1.0,2.0,0.0,0
8,9500,6,22,0.0,5.0,3.0,0.0,2.0,18000,0.0,2.0,1.0,0
3,11500,6,24,1.0,1.0,13.0,1.0,2.0,31000,0.0,1.0,0.0,0
3,27000,6,42,1.0,5.0,11.0,1.0,2.0,16000,0.0,1.0,1.0,0
1,29000,12,23,0.0,5.0,13.0,0.0,2.0,31000,0.0,2.0,0.0,0
10,16000,8,34,0.0,5.0,15.0,1.0,2.0,31000,1.0,1.0,0.0,0
1,28500,12,23,1.0,5.0,13.0,1.0,2.0,18000,1.0,1.0,1.0,0
4,5500,3,27,1.0,5.0,6.0,1.0,2.0,17000,0.0,1.0,1.0,0
12,8000,10,64,1.0,0.0,3.0,0.0,2.0,21000,0.0,0.0,0.0,0
5,68500,24,52,1.0,0.0,8.0,0.0,0.0,31000,0.0,0.0,1.0,0
6,13500,18,60,1.0,5.0,13.0,0.0,2.0,13000,0.0,1.0,1.0,0
10,16500,4,30,0.0,4.0,3.0,0.0,0.0,26000,0.0,1.0,0.0,1
12,7500,6,42,0.0,4.0,3.0,1.0,2.0,33000,0.0,1.0,1.0,0
12,46000,24,46,1.0,0.0,8.0,1.0,2.0,41000,0.0,0.0,0.0,1
1,10000,12,30,1.0,5.0,3.0,1.0,2.0,31000,2.0,3.0,1.0,0
3,23500,6,53,1.0,0.0,11.0,0.0,2.0,26000,0.0,0.0,1.0,0
2,7500,6,32,1.0,4.0,21.0,1.0,2.0,13000,0.0,0.0,1.0,0
1,30500,12,38,1.0,5.0,3.0,1.0,2.0,21000,1.0,1.0,1.0,0
6,31500,6,40,1.0,0.0,13.0,1.0,0.0,71000,0.0,0.0,1.0,0
9,15500,6,29,0.0,5.0,13.0,0.0,2.0,21000,0.0,1.0,1.0,0
12,51500,10,32,0.0,0.0,13.0,0.0,0.0,56000,1.0,1.0,0.0,0
9,36500,24,25,0.0,5.0,13.0,0.0,2.0,32000,0.0,0.0,1.0,1
8,44000,18,27,1.0,0.0,13.0,1.0,2.0,31000,1.0,0.0,1.0,0
5,36000,18,33,0.0,5.0,3.0,1.0,2.0,21000,1.0,3.0,1.0,0
1,11000,6,47,0.0,5.0,14.0,1.0,2.0,31000,0.0,1.0,1.0,1
4,24500,12,32,1.0,0.0,11.0,1.0,2.0,26000,0.0,3.0,0.0,0
8,84000,36,26,1.0,5.0,7.0,1.0,2.0,27000,0.0,1.0,1.0,0
1,23500,10,69,1.0,0.0,15.0,0.0,1.0,16000,0.0,0.0,1.0,0
9,11000,4,39,1.0,0.0,13.0,1.0,2.0,19000,1.0,0.0,1.0,0
12,11000,12,41,0.0,4.0,3.0,0.0,2.0,16000,0.0,0.0,1.0,0
11,10500,12,23,1.0,5.0,13.0,1.0,2.0,18000,0.0,4.0,1.0,0
9,26500,15,50,1.0,0.0,3.0,1.0,2.0,16000,1.0,1.0,1.0,0
12,25500,6,69,0.0,0.0,13.0,1.0,1.0,61000,0.0,0.0,1.0,0
6,34500,3,20,0.0,5.0,19.0,0.0,0.0,31000,1.0,1.0,1.0,1
10,11000,6,21,1.0,5.0,5.0,0.0,2.0,24000,0.0,1.0,1.0,0
5,23000,12,30,0.0,5.0,6.0,0.0,2.0,34000,0.0,1.0,1.0,0
9,14500,12,51,1.0,5.0,21.0,1.0,2.0,19000,0.0,1.0,1.0,0
10,16000,3,53,1.0,5.0,5.0,0.0,2.0,16000,0.0,3.0,1.0,1
12,292500,6,34,1.0,0.0,11.0,1.0,0.0,241000,0.0,1.0,1.0,0
9,17000,11,23,0.0,5.0,13.0,1.0,2.0,31000,0.0,1.0,1.0,0
2,48000,36,34,1.0,5.0,11.0,1.0,2.0,18000,2.0,0.0,1.0,1
7,20500,12,48,0.0,2.0,3.0,0.0,2.0,11000,0.0,3.0,1.0,0
7,15500,6,23,0.0,5.0,3.0,0.0,1.0,26000,1.0,0.0,1.0,0
11,18000,10,49,1.0,0.0,11.0,0.0,2.0,21000,1.0,0.0,0.0,0
7,60500,15,44,1.0,1.0,19.0,0.0,2.0,41000,2.0,0.0,0.0,0
12,6500,6,19,1.0,5.0,13.0,0.0,2.0,16000,2.0,1.0,0.0,0
4,15000,12,30,0.0,0.0,3.0,0.0,0.0,81000,0.0,0.0,0.0,0
12,38000,6,27,1.0,4.0,13.0,1.0,2.0,16000,1.0,2.0,1.0,1
7,7500,6,21,1.0,1.0,3.0,0.0,2.0,17000,0.0,1.0,0.0,0
11,46500,12,27,1.0,0.0,8.0,0.0,0.0,41000,1.0,1.0,1.0,0
5,36000,12,28,0.0,5.0,1.0,0.0,2.0,51000,0.0,0.0,1.0,0
3,97000,24,35,1.0,0.0,13.0,1.0,2.0,29000,0.0,1.0,1.0,0
7,14500,6,33,1.0,5.0,6.0,0.0,2.0,19000,2.0,0.0,0.0,0
8,13500,10,25,0.0,5.0,13.0,1.0,2.0,26000,0.0,0.0,1.0,0
3,15000,12,26,1.0,0.0,6.0,1.0,2.0,21000,1.0,0.0,0.0,0
10,53000,12,55,0.0,4.0,7.0,1.0,2.0,21000,0.0,1.0,1.0,0
3,14500,12,23,0.0,5.0,3.0,0.0,2.0,21000,0.0,0.0,1.0,0
8,10500,6,31,1.0,0.0,3.0,1.0,2.0,22000,0.0,0.0,1.0,0
8,15000,12,22,0.0,0.0,0.0,0.0,2.0,41000,0.0,2.0,0.0,0
9,27000,15,33,1.0,0.0,19.0,0.0,2.0,31000,2.0,0.0,0.0,0
4,141500,36,55,1.0,5.0,15.0,1.0,2.0,46000,0.0,1.0,1.0,0
8,26000,6,53,1.0,5.0,5.0,1.0,2.0,16000,2.0,1.0,1.0,0
5,18000,12,53,1.0,5.0,11.0,1.0,0.0,31000,0.0,4.0,1.0,0
6,10000,3,56,1.0,5.0,13.0,0.0,2.0,29000,0.0,1.0,1.0,0
7,38000,18,44,1.0,0.0,8.0,1.0,2.0,36000,0.0,0.0,1.0,0
9,15000,10,23,1.0,5.0,6.0,0.0,2.0,18000,0.0,2.0,1.0,0
3,59000,24,40,0.0,0.0,6.0,1.0,2.0,81000,2.0,3.0,0.0,0
9,28500,12,30,0.0,5.0,6.0,0.0,1.0,31000,1.0,1.0,1.0,0
5,101000,18,27,0.0,5.0,11.0,0.0,2.0,48000,0.0,3.0,1.0,0
3,74000,24,57,1.0,0.0,8.0,0.0,2.0,28000,0.0,0.0,1.0,0
2,8000,10,29,1.0,5.0,3.0,1.0,2.0,31000,1.0,1.0,0.0,0
7,28000,12,24,1.0,0.0,3.0,0.0,2.0,31000,1.0,1.0,1.0,0
10,28000,12,30,1.0,0.0,13.0,1.0,0.0,31000,0.0,2.0,0.0,0
3,39000,18,50,0.0,5.0,2.0,0.0,2.0,33000,0.0,1.0,0.0,0
5,18000,12,31,0.0,5.0,13.0,0.0,2.0,21000,0.0,1.0,1.0,0
8,118500,11,37,0.0,2.0,11.0,1.0,1.0,111000,0.0,1.0,1.0,0
7,33000,12,22,1.0,0.0,20.0,0.0,0.0,36000,0.0,1.0,0.0,0
7,27000,12,39,1.0,5.0,5.0,1.0,2.0,17000,0.0,1.0,0.0,0
1,25000,6,30,0.0,0.0,3.0,1.0,2.0,41000,0.0,1.0,0.0,0
1,32500,24,47,0.0,5.0,11.0,0.0,2.0,26000,1.0,0.0,1.0,0
8,38000,36,51,1.0,5.0,19.0,1.0,2.0,18000,0.0,0.0,0.0,0
9,12000,8,52,1.0,5.0,13.0,0.0,2.0,26000,0.0,3.0,0.0,0
5,8000,12,34,0.0,5.0,3.0,1.0,2.0,21000,0.0,1.0,0.0,0
1,29000,18,29,0.0,5.0,13.0,0.0,2.0,31000,0.0,0.0,1.0,1
12,21000,12,21,0.0,5.0,13.0,0.0,2.0,21000,1.0,2.0,1.0,0
12,40500,24,28,0.0,5.0,13.0,0.0,2.0,45000,1.0,2.0,1.0,0
10,27000,12,35,1.0,0.0,6.0,0.0,2.0,41000,0.0,1.0,0.0,0
5,59000,6,47,0.0,0.0,11.0,0.0,0.0,31000,0.0,1.0,1.0,0
2,29000,12,32,0.0,5.0,13.0,0.0,2.0,31000,1.0,1.0,1.0,0
8,22500,12,23,1.0,0.0,6.0,0.0,2.0,26000,0.0,0.0,0.0,0
10,10500,6,44,1.0,5.0,13.0,1.0,0.0,26000,2.0,2.0,0.0,0
7,29500,6,51,1.0,0.0,13.0,0.0,0.0,51000,0.0,1.0,0.0,0
6,29000,10,48,1.0,4.0,11.0,1.0,2.0,16000,1.0,1.0,0.0,0
3,10500,9,45,0.0,5.0,13.0,1.0,2.0,36000,0.0,0.0,0.0,0
5,7500,10,39,1.0,5.0,3.0,1.0,2.0,39000,1.0,1.0,1.0,0
11,23500,10,21,1.0,5.0,13.0,0.0,2.0,36000,1.0,4.0,0.0,0
11,31000,6,62,1.0,5.0,13.0,0.0,2.0,46000,1.0,0.0,1.0,0
8,9500,10,31,1.0,5.0,13.0,1.0,2.0,16000,0.0,0.0,0.0,0
2,32500,6,47,1.0,0.0,21.0,1.0,0.0,51000,0.0,3.0,1.0,0
11,36000,8,22,1.0,5.0,3.0,0.0,0.0,51000,1.0,0.0,1.0,0
7,21000,6,28,0.0,4.0,3.0,0.0,2.0,41000,1.0,0.0,0.0,0
7,11500,12,28,0.0,3.0,3.0,1.0,2.0,21000,0.0,1.0,0.0,0
10,7000,4,51,1.0,0.0,5.0,1.0,2.0,14000,0.0,0.0,0.0,0
11,9000,6,23,0.0,0.0,3.0,0.0,2.0,26000,1.0,1.0,0.0,0
1,43000,6,22,1.0,1.0,5.0,0.0,0.0,31000,0.0,3.0,1.0,0
11,25000,12,26,1.0,0.0,13.0,1.0,2.0,23000,0.0,0.0,1.0,0
3,17000,18,53,0.0,5.0,13.0,1.0,2.0,16000,0.0,0.0,1.0,0
1,50000,18,20,1.0,5.0,14.0,0.0,2.0,21000,0.0,0.0,1.0,1
2,21000,12,26,0.0,4.0,3.0,0.0,2.0,21000,0.0,2.0,1.0,1
6,13500,12,24,0.0,5.0,6.0,0.0,2.0,31000,0.0,1.0,1.0,0
10,8000,3,31,1.0,5.0,14.0,1.0,2.0,21000,0.0,1.0,1.0,0
2,41000,5,20,0.0,1.0,1.0,0.0,1.0,61000,1.0,1.0,1.0,0
9,30500,12,19,1.0,5.0,3.0,0.0,2.0,31000,1.0,2.0,1.0,0
10,38000,6,31,1.0,0.0,5.0,1.0,2.0,26000,1.0,1.0,1.0,0
9,52000,15,49,0.0,0.0,20.0,1.0,0.0,51000,0.0,1.0,1.0,0
8,26500,12,24,1.0,0.0,11.0,0.0,2.0,41000,1.0,1.0,0.0,0
2,15000,12,32,1.0,5.0,13.0,1.0,2.0,21000,0.0,3.0,1.0,0
4,76500,24,33,1.0,5.0,11.0,1.0,0.0,61000,0.0,0.0,1.0,0
5,59000,15,31,0.0,0.0,19.0,0.0,2.0,61000,0.0,0.0,0.0,0
3,23000,10,31,0.0,5.0,13.0,0.0,2.0,29000,0.0,2.0,0.0,0
10,35000,10,24,1.0,5.0,3.0,0.0,2.0,31000,0.0,0.0,0.0,0
8,27500,6,42,1.0,5.0,13.0,1.0,2.0,31000,2.0,3.0,1.0,0
4,7000,6,21,1.0,1.0,3.0,0.0,0.0,38000,1.0,1.0,1.0,0
10,9000,6,24,0.0,0.0,6.0,1.0,0.0,61000,0.0,1.0,1.0,0
10,16000,6,38,1.0,0.0,3.0,1.0,2.0,17000,0.0,0.0,0.0,0
8,61000,24,73,1.0,4.0,11.0,1.0,2.0,16000,0.0,0.0,1.0,0
6,14500,12,22,1.0,5.0,3.0,1.0,2.0,21000,0.0,0.0,1.0,1
7,32000,12,23,0.0,4.0,7.0,0.0,2.0,31000,1.0,0.0,1.0,0
11,87000,24,45,1.0,0.0,8.0,0.0,1.0,36000,0.0,0.0,0.0,0
4,20500,6,27,0.0,5.0,13.0,1.0,2.0,33000,0.0,1.0,0.0,0
3,11000,18,23,0.0,5.0,14.0,0.0,2.0,24000,2.0,2.0,1.0,0
7,10000,4,40,0.0,5.0,3.0,1.0,2.0,28000,0.0,2.0,0.0,0
10,27500,10,26,1.0,5.0,3.0,0.0,2.0,21000,2.0,1.0,1.0,1
9,116000,24,39,1.0,5.0,8.0,1.0,0.0,71000,0.0,1.0,1.0,0
4,21500,18,42,1.0,5.0,3.0,1.0,2.0,21000,1.0,1.0,1.0,0
4,35500,12,27,0.0,1.0,3.0,0.0,2.0,56000,0.0,1.0,1.0,0
2,23500,10,41,1.0,5.0,13.0,1.0,2.0,46000,0.0,1.0,0.0,0
4,29500,12,57,1.0,5.0,18.0,0.0,2.0,26000,1.0,1.0,1.0,0
10,47000,3,54,1.0,0.0,5.0,1.0,2.0,56000,1.0,0.0,1.0,0
5,25000,18,42,0.0,4.0,3.0,1.0,2.0,26000,1.0,1.0,1.0,0
9,6500,6,24,1.0,4.0,3.0,0.0,2.0,21000,0.0,0.0,1.0,0
8,11000,10,39,0.0,4.0,13.0,1.0,0.0,71000,0.0,0.0,0.0,0
1,36000,18,32,1.0,0.0,5.0,0.0,2.0,36000,0.0,0.0,1.0,1
2,6500,4,31,0.0,5.0,3.0,1.0,2.0,21000,0.0,3.0,0.0,0
1,26000,12,26,0.0,5.0,6.0,0.0,2.0,16000,1.0,2.0,1.0,0
11,9000,12,63,0.0,5.0,13.0,0.0,2.0,31000,0.0,0.0,0.0,0
6,12500,5,23,0.0,5.0,3.0,0.0,2.0,34000,0.0,2.0,1.0,0
6,10000,3,29,1.0,5.0,3.0,1.0,2.0,23000,1.0,0.0,1.0,0
9,34500,12,45,1.0,0.0,11.0,1.0,2.0,16000,0.0,1.0,1.0,0
9,14000,10,36,1.0,5.0,11.0,1.0,2.0,26000,0.0,2.0,0.0,0
7,13000,4,26,1.0,0.0,3.0,1.0,2.0,26000,1.0,1.0,0.0,0
2,25500,10,20,1.0,1.0,3.0,0.0,2.0,23000,2.0,1.0,1.0,0
11,15000,6,54,1.0,0.0,10.0,1.0,2.0,26000,0.0,1.0,0.0,0
2,16000,12,32,1.0,5.0,15.0,1.0,2.0,31000,1.0,3.0,0.0,0
8,60000,24,30,1.0,0.0,13.0,1.0,2.0,22000,0.0,0.0,1.0,0
12,43500,12,35,1.0,0.0,15.0,0.0,2.0,86000,2.0,3.0,0.0,0
4,26500,10,25,0.0,5.0,3.0,0.0,2.0,26000,0.0,1.0,1.0,0
6,17000,12,26,0.0,0.0,0.0,0.0,2.0,26000,1.0,3.0,1.0,0
7,23500,8,24,0.0,5.0,18.0,0.0,2.0,36000,1.0,2.0,0.0,0
1,40500,9,45,1.0,5.0,8.0,1.0,0.0,31000,1.0,2.0,1.0,0
8,27500,9,38,0.0,0.0,6.0,1.0,0.0,81000,0.0,0.0,1.0,0
5,31000,12,30,1.0,0.0,3.0,0.0,1.0,21000,0.0,3.0,1.0,0
3,14500,10,23,0.0,5.0,3.0,0.0,2.0,16000,0.0,3.0,1.0,0
9,22500,15,23,1.0,5.0,13.0,0.0,2.0,25000,0.0,1.0,1.0,0
9,9500,12,55,0.0,5.0,13.0,1.0,2.0,11000,0.0,1.0,1.0,0
1,51000,6,56,1.0,5.0,13.0,0.0,2.0,21000,0.0,1.0,1.0,0
12,52500,6,26,1.0,0.0,6.0,0.0,0.0,101000,0.0,0.0,0.0,0
11,66500,10,28,0.0,0.0,13.0,0.0,0.0,43000,0.0,2.0,1.0,0
6,17500,5,27,1.0,4.0,3.0,1.0,2.0,31000,0.0,1.0,1.0,0
11,11500,12,32,1.0,0.0,10.0,1.0,2.0,31000,0.0,2.0,1.0,0
4,9500,3,75,1.0,4.0,11.0,0.0,2.0,23000,0.0,3.0,1.0,0
7,49000,12,28,0.0,5.0,13.0,0.0,0.0,66000,0.0,1.0,0.0,0
4,44500,12,22,1.0,1.0,6.0,0.0,2.0,21000,0.0,2.0,0.0,0
10,21500,4,39,0.0,0.0,6.0,1.0,2.0,151000,0.0,0.0,0.0,0
10,78500,34,27,1.0,0.0,8.0,0.0,1.0,39000,2.0,0.0,0.0,0
12,14000,12,29,0.0,5.0,3.0,1.0,2.0,31000,0.0,1.0,1.0,1
5,20000,6,52,0.0,5.0,12.0,1.0,2.0,41000,1.0,0.0,1.0,0
10,86000,12,56,1.0,0.0,5.0,1.0,2.0,41000,0.0,1.0,1.0,0
9,45000,18,31,1.0,0.0,8.0,0.0,0.0,51000,0.0,1.0,0.0,0
5,24000,12,26,0.0,4.0,13.0,0.0,2.0,18000,0.0,1.0,0.0,1
9,10500,6,28,1.0,5.0,6.0,0.0,2.0,21000,0.0,1.0,0.0,0
4,24500,18,30,0.0,5.0,13.0,0.0,2.0,38000,0.0,4.0,0.0,1
2,144500,15,46,0.0,0.0,7.0,0.0,2.0,81000,0.0,1.0,0.0,0
2,9500,6,31,0.0,4.0,3.0,1.0,2.0,14000,0.0,0.0,1.0,0
10,26000,6,28,0.0,0.0,13.0,0.0,2.0,46000,0.0,0.0,0.0,0
7,9500,12,49,1.0,5.0,3.0,0.0,2.0,11000,0.0,0.0,1.0,1
4,93000,24,31,1.0,0.0,13.0,0.0,2.0,36000,0.0,2.0,0.0,0
7,19000,3,72,1.0,5.0,11.0,0.0,2.0,36000,0.0,1.0,1.0,0
8,7000,6,58,0.0,5.0,6.0,1.0,2.0,21000,1.0,3.0,0.0,0
3,11000,6,27,0.0,0.0,13.0,0.0,0.0,46000,2.0,1.0,0.0,0
11,37500,5,37,1.0,0.0,20.0,1.0,0.0,71000,0.0,1.0,0.0,0
12,44500,24,41,0.0,0.0,6.0,0.0,2.0,26000,1.0,3.0,1.0,0
2,20000,3,39,1.0,0.0,15.0,1.0,2.0,26000,1.0,0.0,1.0,0
12,23000,12,38,0.0,5.0,6.0,1.0,2.0,21000,0.0,1.0,0.0,0
11,13500,6,58,1.0,5.0,21.0,0.0,2.0,16000,1.0,0.0,1.0,0
3,14000,12,24,1.0,5.0,3.0,1.0,2.0,16000,1.0,1.0,0.0,0
8,9500,10,24,0.0,5.0,3.0,0.0,2.0,26000,0.0,2.0,1.0,0
5,65500,15,30,1.0,0.0,21.0,1.0,2.0,31000,0.0,0.0,1.0,0
10,33000,8,26,1.0,0.0,5.0,1.0,0.0,61000,1.0,1.0,0.0,0
6,17000,10,49,1.0,5.0,13.0,0.0,2.0,23000,2.0,0.0,1.0,0
1,84500,18,40,1.0,5.0,19.0,1.0,2.0,61000,1.0,1.0,0.0,0
11,46000,10,24,1.0,0.0,13.0,0.0,0.0,46000,0.0,0.0,1.0,0
3,40000,10,22,1.0,5.0,6.0,0.0,2.0,61000,0.0,1.0,0.0,0
1,27000,6,28,1.0,5.0,3.0,0.0,0.0,31000,1.0,0.0,1.0,0
7,14500,12,34,0.0,5.0,14.0,0.0,2.0,31000,1.0,0.0,0.0,0
1,31500,18,22,1.0,4.0,13.0,1.0,2.0,26000,1.0,1.0,1.0,0
10,25000,12,27,1.0,5.0,6.0,1.0,2.0,32000,1.0,0.0,0.0,0
6,42000,6,44,1.0,5.0,13.0,0.0,2.0,36000,1.0,1.0,0.0,0
9,109000,36,44,1.0,0.0,11.0,0.0,2.0,26000,0.0,2.0,1.0,0
2,8000,6,29,0.0,0.0,13.0,0.0,0.0,31000,0.0,1.0,0.0,0
8,73000,9,56,1.0,5.0,13.0,0.0,2.0,25000,0.0,2.0,1.0,0
12,5500,6,23,0.0,4.0,14.0,0.0,2.0,26000,0.0,0.0,0.0,0
11,100000,15,32,1.0,1.0,19.0,1.0,2.0,41000,1.0,1.0,1.0,0
1,79000,15,23,1.0,5.0,19.0,0.0,2.0,46000,1.0,2.0,1.0,0
4,37500,4,37,1.0,5.0,13.0,0.0,2.0,34000,0.0,3.0,1.0,0
4,73000,18,37,1.0,0.0,8.0,0.0,1.0,41000,0.0,1.0,1.0,0
8,7500,6,60,1.0,5.0,13.0,0.0,2.0,13000,1.0,0.0,0.0,0
9,15500,6,28,0.0,5.0,13.0,1.0,0.0,51000,1.0,2.0,1.0,0
10,34000,6,43,1.0,0.0,5.0,0.0,2.0,41000,0.0,1.0,1.0,0
7,27500,12,27,1.0,1.0,6.0,0.0,2.0,26000,0.0,2.0,1.0,0
4,26000,6,34,0.0,5.0,1.0,0.0,2.0,36000,2.0,2.0,1.0,1
10,14500,6,49,1.0,4.0,13.0,0.0,2.0,21000,0.0,0.0,1.0,0
1,14000,10,25,0.0,5.0,3.0,0.0,2.0,24000,0.0,1.0,1.0,1
10,26500,10,26,0.0,4.0,3.0,0.0,0.0,31000,0.0,0.0,0.0,1
9,6000,3,29,0.0,0.0,13.0,0.0,2.0,401000,0.0,3.0,0.0,0
11,10500,12,21,1.0,1.0,6.0,0.0,2.0,21000,2.0,0.0,1.0,0
10,8500,6,36,1.0,5.0,3.0,1.0,2.0,26000,0.0,1.0,1.0,0
8,45000,10,48,1.0,0.0,15.0,1.0,0.0,51000,0.0,2.0,0.0,0
7,33000,6,26,1.0,1.0,3.0,0.0,2.0,36000,1.0,1.0,0.0,0
11,157000,36,24,0.0,0.0,2.0,0.0,2.0,39000,0.0,2.0,1.0,0
11,52000,18,33,1.0,0.0,13.0,1.0,0.0,51000,0.0,0.0,0.0,0
10,7500,6,29,0.0,0.0,6.0,1.0,2.0,33000,1.0,1.0,0.0,0
8,17500,12,33,0.0,0.0,13.0,1.0,0.0,31000,0.0,3.0,1.0,0
9,39000,3,60,1.0,5.0,21.0,0.0,0.0,15000,0.0,2.0,0.0,0
12,31500,18,20,0.0,5.0,3.0,0.0,2.0,21000,1.0,1.0,1.0,0
2,13500,6,64,1.0,5.0,7.0,1.0,2.0,13000,0.0,1.0,1.0,0
10,25000,14,23,1.0,0.0,3.0,0.0,0.0,36000,0.0,1.0,0.0,0
6,44000,12,40,1.0,0.0,8.0,0.0,0.0,41000,0.0,1.0,0.0,0
12,23000,15,45,1.0,5.0,6.0,0.0,2.0,36000,1.0,2.0,1.0,0
3,18000,6,27,0.0,5.0,3.0,0.0,2.0,36000,0.0,2.0,0.0,0
10,11000,6,73,1.0,0.0,5.0,0.0,2.0,19000,0.0,1.0,1.0,0
7,22500,10,35,1.0,4.0,11.0,1.0,0.0,61000,0.0,0.0,0.0,0
7,12000,6,60,1.0,0.0,11.0,0.0,2.0,26000,0.0,0.0,1.0,0
3,38500,24,21,0.0,0.0,6.0,0.0,2.0,26000,1.0,0.0,1.0,0
10,40000,3,46,0.0,0.0,21.0,1.0,0.0,51000,0.0,1.0,1.0,0
8,44000,12,37,1.0,0.0,8.0,0.0,0.0,26000,0.0,1.0,1.0,0
10,11500,12,23,1.0,0.0,6.0,0.0,2.0,19000,0.0,2.0,1.0,0
7,15000,6,25,1.0,0.0,19.0,0.0,0.0,66000,1.0,3.0,0.0,0
12,23500,12,39,0.0,5.0,21.0,1.0,2.0,26000,0.0,2.0,1.0,1
9,12000,3,39,1.0,4.0,13.0,1.0,2.0,21000,1.0,1.0,1.0,0
10,48500,10,25,0.0,0.0,5.0,0.0,0.0,39000,0.0,2.0,1.0,0
10,23000,12,33,1.0,4.0,6.0,0.0,2.0,22000,0.0,2.0,1.0,0
1,43000,15,25,1.0,5.0,19.0,0.0,2.0,29000,0.0,2.0,1.0,0
6,9500,6,23,0.0,5.0,3.0,0.0,2.0,13000,0.0,1.0,1.0,0
6,51000,12,48,1.0,0.0,11.0,0.0,2.0,32000,0.0,1.0,1.0,0
12,33500,18,24,0.0,0.0,13.0,0.0,2.0,36000,0.0,1.0,1.0,0
3,6000,4,48,0.0,0.0,3.0,1.0,2.0,29000,1.0,0.0,0.0,0
7,7000,12,20,1.0,5.0,3.0,0.0,2.0,6000,1.0,2.0,1.0,0
4,21000,24,30,1.0,0.0,13.0,1.0,2.0,25000,1.0,2.0,1.0,0
8,16500,10,53,1.0,4.0,13.0,0.0,2.0,21000,0.0,0.0,0.0,0
6,11000,12,28,1.0,1.0,13.0,1.0,2.0,24000,0.0,1.0,1.0,0
9,19500,12,35,1.0,5.0,13.0,0.0,2.0,21000,0.0,1.0,1.0,0
12,16000,12,23,0.0,4.0,6.0,0.0,2.0,21000,0.0,2.0,1.0,1
8,101000,12,46,1.0,5.0,11.0,1.0,0.0,33000,0.0,3.0,0.0,0
11,8500,12,29,0.0,0.0,6.0,1.0,2.0,24000,0.0,0.0,1.0,0
6,30000,6,29,0.0,0.0,6.0,0.0,0.0,66000,0.0,1.0,0.0,0
1,26500,3,40,0.0,5.0,13.0,1.0,2.0,51000,0.0,0.0,1.0,0
9,26500,4,31,0.0,0.0,3.0,0.0,0.0,97000,0.0,2.0,1.0,0
12,30000,18,30,1.0,0.0,13.0,0.0,0.0,101000,1.0,1.0,0.0,0
6,31500,18,30,0.0,5.0,3.0,0.0,2.0,26000,0.0,0.0,0.0,1
8,29500,6,21,0.0,1.0,3.0,0.0,2.0,33000,2.0,0.0,1.0,0
1,26500,14,23,1.0,0.0,13.0,0.0,2.0,29000,0.0,1.0,0.0,1
9,7500,6,58,1.0,5.0,5.0,1.0,2.0,19000,0.0,3.0,1.0,0
6,35500,6,22,1.0,0.0,3.0,0.0,0.0,26000,0.0,3.0,1.0,0
5,16500,12,30,0.0,5.0,6.0,0.0,2.0,26000,0.0,0.0,1.0,0
9,57000,18,44,1.0,0.0,8.0,1.0,2.0,36000,0.0,0.0,1.0,1
7,40500,18,36,1.0,0.0,13.0,1.0,2.0,21000,0.0,1.0,1.0,1
7,89000,30,23,0.0,5.0,2.0,0.0,0.0,41000,0.0,0.0,0.0,0
6,13000,12,68,1.0,5.0,13.0,1.0,2.0,16000,1.0,0.0,1.0,0
8,54500,12,27,1.0,0.0,19.0,0.0,2.0,46000,0.0,2.0,1.0,0
11,10500,12,33,0.0,5.0,1.0,1.0,2.0,21000,0.0,1.0,0.0,1
2,21500,6,52,1.0,5.0,3.0,1.0,2.0,10000,0.0,1.0,0.0,0
2,34000,12,36,1.0,0.0,3.0,1.0,2.0,24000,0.0,1.0,1.0,1
11,53500,12,30,0.0,5.0,13.0,0.0,2.0,36000,2.0,1.0,0.0,0
9,8000,12,29,0.0,4.0,13.0,1.0,2.0,18000,0.0,0.0,1.0,1
9,116000,24,36,1.0,0.0,8.0,0.0,0.0,49000,0.0,0.0,1.0,0
5,12000,6,53,1.0,5.0,13.0,0.0,2.0,13000,0.0,3.0,1.0,0
8,52500,24,63,0.0,0.0,19.0,0.0,2.0,1000,0.0,3.0,1.0,0
3,9500,6,45,1.0,5.0,3.0,0.0,2.0,16000,0.0,1.0,1.0,0
10,17000,6,25,0.0,5.0,3.0,0.0,2.0,28000,1.0,1.0,0.0,0
9,12000,24,28,0.0,5.0,13.0,0.0,2.0,26000,1.0,0.0,0.0,0
1,17500,10,36,0.0,5.0,3.0,1.0,2.0,31000,0.0,0.0,0.0,1
9,6000,4,25,0.0,5.0,14.0,0.0,2.0,21000,0.0,3.0,1.0,1
7,48500,18,41,1.0,5.0,8.0,1.0,2.0,26000,1.0,0.0,1.0,0
12,17500,12,46,1.0,0.0,6.0,1.0,2.0,51000,0.0,1.0,0.0,0
8,27000,24,21,1.0,1.0,13.0,1.0,2.0,21000,0.0,2.0,1.0,0
5,7000,4,44,0.0,4.0,7.0,1.0,2.0,21000,0.0,0.0,0.0,0
3,16500,15,56,1.0,5.0,13.0,1.0,2.0,11000,0.0,0.0,1.0,0
5,18500,9,22,0.0,1.0,13.0,0.0,2.0,21000,1.0,0.0,1.0,0
10,44000,36,61,1.0,0.0,5.0,1.0,2.0,36000,0.0,0.0,1.0,0
11,17000,6,48,0.0,5.0,13.0,1.0,2.0,19000,0.0,0.0,0.0,0
5,7500,6,37,1.0,5.0,5.0,1.0,2.0,21000,0.0,0.0,0.0,0
4,5000,3,55,0.0,5.0,18.0,1.0,2.0,22000,0.0,1.0,1.0,0
5,58500,10,48,1.0,5.0,1.0,1.0,2.0,30000,1.0,0.0,1.0,1
12,11500,3,56,1.0,4.0,13.0,0.0,2.0,13000,1.0,0.0,1.0,0
10,22500,12,19,1.0,4.0,3.0,0.0,2.0,21000,0.0,1.0,1.0,0
12,21000,3,76,1.0,0.0,11.0,1.0,0.0,36000,1.0,1.0,1.0,0
10,10500,12,58,1.0,5.0,21.0,1.0,2.0,7000,2.0,1.0,0.0,0
4,57000,15,41,0.0,0.0,19.0,1.0,2.0,56000,2.0,0.0,1.0,0
1,13500,12,64,1.0,0.0,21.0,0.0,2.0,26000,0.0,1.0,1.0,0
7,8000,6,35,1.0,5.0,3.0,1.0,2.0,19000,2.0,1.0,1.0,0
11,16000,12,36,0.0,5.0,3.0,1.0,2.0,31000,0.0,1.0,1.0,0
7,11500,12,24,0.0,5.0,11.0,0.0,2.0,16000,0.0,3.0,1.0,1
8,25500,20,30,1.0,5.0,5.0,1.0,2.0,28000,0.0,2.0,1.0,0
9,18000,12,43,1.0,0.0,11.0,0.0,2.0,8000,0.0,1.0,1.0,0
8,16500,6,32,0.0,5.0,13.0,1.0,2.0,24000,1.0,2.0,0.0,0
10,18000,12,24,1.0,4.0,3.0,1.0,2.0,18000,0.0,0.0,1.0,0
9,10500,3,23,0.0,5.0,3.0,0.0,2.0,31000,1.0,3.0,1.0,0
7,29000,10,42,1.0,0.0,14.0,0.0,0.0,31000,2.0,1.0,0.0,0
8,21500,10,70,0.0,5.0,7.0,0.0,2.0,22000,0.0,1.0,1.0,0
2,38500,12,33,0.0,0.0,11.0,0.0,2.0,79000,1.0,0.0,1.0,0
4,21000,6,28,0.0,1.0,3.0,0.0,0.0,51000,1.0,0.0,0.0,0
1,41000,18,46,1.0,5.0,8.0,0.0,0.0,41000,0.0,3.0,1.0,0
8,15000,12,35,1.0,4.0,13.0,1.0,2.0,21000,1.0,2.0,1.0,0
10,40500,12,22,1.0,4.0,3.0,0.0,2.0,23000,1.0,1.0,1.0,0
8,40500,12,25,1.0,5.0,3.0,1.0,2.0,26000,1.0,1.0,1.0,1
10,30500,10,26,0.0,0.0,3.0,0.0,2.0,31000,1.0,2.0,1.0,0
8,7500,6,25,1.0,0.0,3.0,0.0,2.0,19000,0.0,1.0,1.0,0
12,30000,14,33,0.0,5.0,3.0,1.0,2.0,39000,0.0,0.0,1.0,1
7,29500,3,40,1.0,0.0,11.0,0.0,0.0,74000,1.0,2.0,0.0,0
1,8500,6,75,1.0,4.0,13.0,1.0,2.0,19000,1.0,1.0,1.0,0
6,29000,12,32,0.0,5.0,6.0,1.0,2.0,36000,0.0,0.0,1.0,0
5,9500,6,45,1.0,5.0,11.0,1.0,2.0,14000,1.0,0.0,1.0,0
10,5500,6,22,1.0,5.0,3.0,1.0,2.0,16000,0.0,4.0,0.0,0
10,21500,6,41,0.0,4.0,11.0,1.0,2.0,56000,1.0,1.0,0.0,0
11,18500,18,43,0.0,4.0,13.0,0.0,1.0,41000,0.0,0.0,1.0,0
5,12000,10,32,1.0,0.0,3.0,1.0,2.0,18000,1.0,1.0,1.0,1
8,13000,3,42,1.0,0.0,13.0,0.0,0.0,41000,0.0,1.0,1.0,0
7,24000,3,21,0.0,5.0,6.0,0.0,0.0,71000,0.0,1.0,1.0,0
7,31500,12,27,0.0,0.0,3.0,0.0,0.0,61000,0.0,0.0,1.0,0
8,26500,6,41,0.0,4.0,13.0,0.0,2.0,36000,1.0,1.0,0.0,0
4,23000,12,24,1.0,5.0,13.0,0.0,2.0,71000,0.0,2.0,1.0,0
2,21000,24,27,1.0,5.0,13.0,1.0,2.0,16000,0.0,1.0,0.0,0
1,26000,6,21,0.0,5.0,3.0,0.0,0.0,31000,0.0,2.0,1.0,0
11,12000,4,58,0.0,4.0,21.0,0.0,2.0,12000,0.0,1.0,1.0,0
8,9500,4,34,0.0,4.0,13.0,0.0,2.0,31000,0.0,0.0,0.0,0
8,36000,6,39,1.0,0.0,6.0,1.0,2.0,55000,1.0,0.0,0.0,0
8,13000,6,30,1.0,0.0,5.0,1.0,2.0,26000,2.0,1.0,0.0,0
5,20500,12,20,1.0,5.0,7.0,0.0,2.0,12000,0.0,3.0,1.0,0
10,26000,10,21,1.0,5.0,3.0,0.0,2.0,26000,0.0,2.0,1.0,0
4,12500,3,63,1.0,5.0,5.0,1.0,2.0,18000,1.0,0.0,1.0,0
2,11000,6,64,1.0,1.0,11.0,1.0,2.0,20000,1.0,1.0,1.0,0
7,10000,10,43,0.0,5.0,13.0,1.0,2.0,16000,1.0,1.0,0.0,0
6,36500,6,54,1.0,5.0,21.0,1.0,2.0,26000,0.0,1.0,0.0,0
11,41500,10,23,1.0,5.0,13.0,0.0,2.0,19000,0.0,0.0,1.0,0
9,27500,12,23,1.0,5.0,13.0,0.0,1.0,28000,1.0,1.0,1.0,0
4,101000,12,52,0.0,0.0,19.0,1.0,2.0,61000,0.0,0.0,1.0,0
10,23500,18,38,0.0,5.0,13.0,1.0,2.0,41000,0.0,3.0,0.0,0
12,7500,8,33,0.0,5.0,3.0,0.0,2.0,21000,0.0,1.0,1.0,0
11,11000,12,21,0.0,5.0,14.0,0.0,2.0,31000,0.0,1.0,0.0,0
4,28500,12,38,1.0,0.0,13.0,1.0,0.0,36000,0.0,1.0,0.0,0
1,22500,18,42,1.0,5.0,11.0,0.0,2.0,13000,0.0,1.0,1.0,0
11,5500,4,59,1.0,0.0,10.0,0.0,2.0,27000,0.0,1.0,0.0,0
8,44500,12,28,1.0,0.0,5.0,0.0,0.0,81000,0.0,3.0,0.0,0
11,14500,10,39,0.0,5.0,13.0,1.0,2.0,36000,1.0,1.0,0.0,0
10,27500,3,39,1.0,0.0,5.0,1.0,2.0,61000,0.0,1.0,1.0,0
8,28500,12,21,0.0,5.0,3.0,0.0,2.0,26000,0.0,1.0,1.0,1
8,13500,6,68,0.0,4.0,11.0,1.0,2.0,14000,0.0,1.0,1.0,0
3,12000,12,30,0.0,5.0,3.0,1.0,2.0,41000,0.0,0.0,0.0,0
10,17500,4,24,1.0,1.0,11.0,0.0,2.0,17000,0.0,1.0,0.0,0
1,35000,12,42,1.0,0.0,11.0,1.0,2.0,11000,1.0,0.0,1.0,0
9,8000,6,44,1.0,5.0,3.0,0.0,2.0,26000,0.0,0.0,1.0,0
2,37000,10,33,1.0,0.0,5.0,1.0,0.0,101000,0.0,1.0,0.0,0
6,129000,8,39,0.0,0.0,11.0,0.0,0.0,101000,0.0,0.0,0.0,0
6,38000,15,28,0.0,0.0,19.0,0.0,2.0,39000,0.0,1.0,1.0,0
7,8500,12,44,0.0,4.0,3.0,1.0,2.0,21000,0.0,1.0,0.0,0
7,31500,18,29,1.0,5.0,13.0,1.0,2.0,19000,0.0,2.0,0.0,0
2,14000,12,40,0.0,0.0,13.0,1.0,2.0,51000,0.0,2.0,0.0,0
11,41000,12,40,1.0,4.0,15.0,1.0,2.0,30000,1.0,0.0,1.0,0
3,7000,12,23,0.0,5.0,3.0,1.0,2.0,16000,2.0,0.0,1.0,0
11,67000,36,36,1.0,0.0,8.0,1.0,2.0,21000,0.0,0.0,0.0,0
9,6000,3,32,1.0,5.0,13.0,0.0,2.0,19000,1.0,0.0,0.0,0
4,39500,12,22,0.0,5.0,3.0,0.0,2.0,26000,0.0,0.0,1.0,0
7,31500,6,28,0.0,0.0,6.0,0.0,2.0,76000,0.0,1.0,0.0,0
11,28000,10,38,1.0,0.0,11.0,1.0,2.0,22000,2.0,1.0,1.0,0
11,19000,10,45,1.0,0.0,13.0,1.0,2.0,21000,1.0,1.0,1.0,0
2,20000,12,21,1.0,4.0,11.0,0.0,2.0,15000,1.0,3.0,1.0,0
4,9000,6,24,0.0,5.0,3.0,1.0,2.0,16000,1.0,1.0,1.0,0
2,190500,6,31,0.0,5.0,2.0,0.0,2.0,171000,0.0,1.0,0.0,0
4,41000,15,54,1.0,4.0,21.0,0.0,2.0,15000,0.0,0.0,0.0,0
5,16000,10,28,1.0,5.0,3.0,0.0,2.0,29000,0.0,0.0,1.0,0
2,18500,6,29,1.0,5.0,11.0,1.0,2.0,27000,0.0,1.0,0.0,0
10,13000,12,44,0.0,5.0,13.0,0.0,2.0,28000,0.0,2.0,1.0,0
1,19000,6,20,1.0,5.0,13.0,1.0,2.0,17000,0.0,3.0,1.0,0
2,11000,6,48,0.0,4.0,13.0,1.0,2.0,46000,0.0,1.0,1.0,0
7,36000,12,26,0.0,5.0,13.0,1.0,2.0,40000,0.0,1.0,0.0,0
2,22000,10,24,0.0,5.0,3.0,0.0,2.0,24000,0.0,1.0,0.0,0
6,123500,24,26,1.0,5.0,1.0,0.0,2.0,26000,1.0,0.0,0.0,0
7,31000,12,54,0.0,5.0,3.0,0.0,2.0,28000,0.0,0.0,1.0,1
4,25500,20,76,1.0,0.0,15.0,0.0,2.0,14000,0.0,0.0,1.0,0
2,5000,6,32,1.0,5.0,13.0,1.0,2.0,26000,0.0,1.0,0.0,0
8,7500,3,26,0.0,5.0,6.0,0.0,2.0,26000,0.0,1.0,1.0,0
11,28500,18,42,0.0,1.0,3.0,1.0,2.0,61000,1.0,1.0,1.0,1
11,13500,12,23,0.0,5.0,6.0,1.0,2.0,31000,1.0,1.0,1.0,0
1,22000,9,19,1.0,1.0,3.0,0.0,0.0,21000,0.0,1.0,1.0,0
5,31000,6,57,0.0,5.0,3.0,0.0,2.0,10000,0.0,0.0,0.0,0
7,54500,18,46,0.0,0.0,6.0,1.0,0.0,66000,0.0,1.0,0.0,0
11,22000,10,30,0.0,0.0,3.0,1.0,2.0,71000,0.0,3.0,1.0,0
5,38500,12,39,0.0,5.0,3.0,1.0,0.0,46000,2.0,1.0,1.0,1
5,34000,12,29,0.0,4.0,3.0,0.0,2.0,31000,1.0,2.0,1.0,1
1,17000,12,25,1.0,5.0,10.0,0.0,2.0,26000,0.0,0.0,1.0,0
8,71500,12,26,1.0,1.0,15.0,0.0,2.0,51000,0.0,0.0,1.0,0
8,28500,12,46,1.0,5.0,5.0,1.0,2.0,16000,0.0,1.0,0.0,0
3,51000,24,31,0.0,0.0,7.0,1.0,2.0,31000,0.0,0.0,0.0,0
12,28000,10,73,1.0,5.0,13.0,0.0,2.0,28000,0.0,0.0,0.0,0
11,44500,24,21,0.0,4.0,13.0,0.0,2.0,31000,0.0,2.0,1.0,0
11,37500,12,25,1.0,5.0,6.0,1.0,2.0,21000,0.0,0.0,1.0,1
10,9000,6,35,1.0,5.0,5.0,1.0,2.0,16000,0.0,1.0,1.0,0
7,41500,3,43,1.0,0.0,5.0,1.0,2.0,44000,0.0,1.0,0.0,0
6,20000,3,80,1.0,4.0,11.0,1.0,2.0,16000,0.0,1.0,1.0,0
3,30000,12,21,0.0,5.0,13.0,0.0,2.0,21000,0.0,0.0,1.0,0
5,34000,12,25,0.0,1.0,3.0,0.0,0.0,40000,1.0,0.0,1.0,0
7,101000,18,35,0.0,0.0,11.0,0.0,1.0,96000,0.0,1.0,0.0,0
7,57500,18,38,1.0,4.0,11.0,1.0,2.0,36000,0.0,1.0,0.0,0
2,33000,12,35,1.0,4.0,3.0,1.0,2.0,26000,1.0,1.0,0.0,1
6,28000,11,25,1.0,0.0,10.0,0.0,2.0,26000,0.0,1.0,0.0,0
3,29000,17,31,0.0,5.0,13.0,0.0,1.0,51000,0.0,0.0,1.0,0
11,57500,15,49,1.0,0.0,19.0,1.0,2.0,46000,0.0,1.0,1.0,0
7,7500,6,40,0.0,5.0,3.0,1.0,2.0,26000,1.0,1.0,0.0,0
2,11000,6,40,1.0,0.0,11.0,1.0,2.0,26000,0.0,1.0,1.0,0
12,47500,24,33,0.0,5.0,13.0,0.0,2.0,36000,0.0,0.0,0.0,0
10,14000,6,41,0.0,5.0,3.0,0.0,1.0,26000,0.0,0.0,1.0,0
1,34500,15,39,1.0,0.0,13.0,1.0,2.0,46000,1.0,0.0,0.0,0
7,28000,12,23,0.0,5.0,13.0,0.0,0.0,31000,0.0,1.0,1.0,0
6,20000,3,24,0.0,5.0,11.0,1.0,2.0,14000,0.0,2.0,1.0,0
8,9500,3,51,1.0,5.0,13.0,0.0,2.0,16000,0.0,1.0,0.0,0
6,30500,6,33,0.0,0.0,6.0,1.0,2.0,42000,0.0,2.0,1.0,0
10,12500,12,51,0.0,5.0,21.0,0.0,2.0,16000,0.0,1.0,0.0,0
5,21000,12,22,0.0,4.0,3.0,0.0,2.0,61000,0.0,1.0,1.0,0
3,21000,12,21,0.0,5.0,10.0,0.0,2.0,21000,2.0,0.0,1.0,0
12,52000,15,50,0.0,0.0,11.0,1.0,0.0,61000,1.0,3.0,1.0,0
3,19500,12,24,0.0,5.0,3.0,1.0,2.0,27000,0.0,2.0,0.0,0
7,19500,12,62,1.0,5.0,11.0,1.0,2.0,21000,0.0,1.0,0.0,0
6,25500,24,56,1.0,5.0,11.0,0.0,2.0,27000,0.0,1.0,0.0,0
7,41000,10,23,1.0,1.0,13.0,1.0,2.0,21000,1.0,1.0,0.0,0
12,32000,18,34,0.0,4.0,3.0,0.0,2.0,33000,1.0,0.0,1.0,1
4,30500,6,36,1.0,0.0,11.0,0.0,0.0,101000,1.0,0.0,0.0,0
3,26500,12,21,1.0,5.0,3.0,0.0,2.0,21000,1.0,0.0,0.0,0
9,13000,3,30,1.0,5.0,6.0,1.0,2.0,13000,1.0,0.0,1.0,0
8,121000,12,48,1.0,0.0,15.0,1.0,0.0,21000,0.0,2.0,1.0,0
3,52000,18,21,1.0,1.0,11.0,0.0,2.0,26000,0.0,1.0,0.0,0
12,78500,18,81,1.0,0.0,15.0,1.0,0.0,26000,0.0,3.0,0.0,0
9,11500,6,51,1.0,0.0,6.0,0.0,2.0,36000,0.0,0.0,1.0,0
2,30000,6,42,1.0,4.0,6.0,0.0,2.0,31000,0.0,1.0,1.0,0
5,45000,12,60,1.0,0.0,13.0,0.0,2.0,13000,0.0,2.0,1.0,0
8,18000,12,62,0.0,5.0,13.0,1.0,2.0,9000,0.0,1.0,1.0,0
5,17000,5,47,1.0,5.0,21.0,1.0,2.0,13000,0.0,2.0,1.0,0
12,28000,12,63,1.0,4.0,6.0,0.0,2.0,19000,2.0,0.0,0.0,0
4,12500,12,24,1.0,1.0,13.0,0.0,2.0,22000,0.0,2.0,0.0,0
7,12500,12,72,1.0,4.0,13.0,0.0,2.0,21000,1.0,2.0,0.0,0
12,6500,6,25,0.0,5.0,13.0,1.0,2.0,21000,0.0,3.0,1.0,1
7,11500,12,33,0.0,0.0,6.0,1.0,2.0,46000,0.0,0.0,0.0,0
12,63500,24,40,0.0,5.0,13.0,0.0,2.0,21000,1.0,1.0,0.0,0
7,5000,12,24,1.0,5.0,13.0,0.0,2.0,31000,1.0,1.0,0.0,0
9,44500,24,56,1.0,0.0,15.0,0.0,0.0,26000,1.0,2.0,0.0,0
8,19000,12,22,0.0,1.0,3.0,0.0,1.0,30000,0.0,1.0,1.0,0
6,9500,10,24,0.0,0.0,3.0,0.0,2.0,51000,2.0,0.0,0.0,1
8,50500,27,28,0.0,4.0,13.0,0.0,2.0,34000,0.0,1.0,1.0,1
5,45000,15,28,0.0,0.0,10.0,0.0,0.0,91000,0.0,3.0,0.0,0
1,31000,12,28,1.0,5.0,13.0,0.0,2.0,21000,0.0,1.0,1.0,1
7,11000,3,58,1.0,5.0,11.0,0.0,2.0,26000,1.0,1.0,1.0,0
8,15500,3,21,1.0,0.0,13.0,0.0,2.0,46000,0.0,0.0,1.0,0
12,24000,6,43,1.0,5.0,11.0,0.0,2.0,26000,0.0,0.0,0.0,0
8,17000,10,20,1.0,4.0,3.0,0.0,2.0,17000,0.0,3.0,1.0,0
4,20000,6,40,0.0,0.0,10.0,1.0,2.0,36000,0.0,1.0,0.0,0
8,14500,6,25,0.0,5.0,6.0,1.0,2.0,26000,0.0,2.0,0.0,0
1,21000,18,34,1.0,0.0,3.0,0.0,2.0,26000,1.0,1.0,0.0,0
7,32000,12,33,1.0,5.0,13.0,1.0,2.0,31000,0.0,0.0,0.0,0
5,17000,18,32,0.0,0.0,3.0,1.0,2.0,21000,0.0,1.0,0.0,0
11,26000,24,21,1.0,5.0,13.0,0.0,2.0,16000,0.0,1.0,1.0,0
10,60500,10,29,0.0,1.0,5.0,1.0,0.0,51000,0.0,2.0,0.0,0
10,13500,10,23,0.0,4.0,3.0,0.0,1.0,46000,0.0,1.0,1.0,0
8,14000,12,20,1.0,4.0,3.0,0.0,2.0,21000,1.0,1.0,1.0,1
10,29000,18,27,0.0,5.0,13.0,0.0,2.0,26000,0.0,0.0,1.0,1
6,90000,18,46,0.0,5.0,13.0,1.0,2.0,131000,0.0,0.0,1.0,1
2,13000,6,25,1.0,5.0,13.0,0.0,0.0,31000,0.0,3.0,0.0,0
1,50000,18,23,0.0,5.0,13.0,0.0,2.0,21000,0.0,0.0,1.0,1
10,12500,10,43,0.0,5.0,3.0,0.0,2.0,21000,1.0,2.0,1.0,0
11,86500,24,49,1.0,0.0,8.0,0.0,1.0,29000,1.0,0.0,0.0,0
10,29000,12,33,1.0,5.0,13.0,1.0,2.0,21000,0.0,0.0,1.0,0
7,8000,12,26,1.0,0.0,3.0,0.0,2.0,14000,0.0,1.0,1.0,0
5,35000,12,26,0.0,0.0,3.0,0.0,2.0,28000,0.0,0.0,1.0,0
12,11500,10,24,0.0,5.0,3.0,0.0,2.0,36000,0.0,1.0,0.0,1
10,45000,24,21,0.0,5.0,6.0,0.0,2.0,22000,0.0,0.0,0.0,1
2,32500,24,42,1.0,0.0,13.0,1.0,2.0,23000,1.0,1.0,0.0,0
12,31000,10,29,0.0,0.0,3.0,0.0,0.0,38000,0.0,1.0,1.0,0
1,24500,12,28,1.0,0.0,3.0,1.0,1.0,26000,2.0,0.0,1.0,0
6,21000,5,32,1.0,4.0,11.0,1.0,2.0,41000,1.0,1.0,0.0,0
9,41500,15,26,1.0,4.0,21.0,1.0,2.0,16000,0.0,3.0,1.0,0
3,16500,8,65,1.0,5.0,13.0,1.0,2.0,16000,0.0,1.0,1.0,0
12,10500,12,35,0.0,5.0,3.0,0.0,2.0,28000,0.0,0.0,1.0,1
8,48000,6,61,1.0,0.0,7.0,0.0,2.0,22000,0.0,0.0,1.0,0
11,14000,12,29,0.0,4.0,6.0,1.0,1.0,46000,0.0,0.0,0.0,0
4,24000,10,24,0.0,5.0,6.0,0.0,2.0,26000,0.0,2.0,1.0,0
10,14000,4,40,0.0,2.0,0.0,1.0,2.0,16000,1.0,1.0,0.0,0
11,27500,12,31,0.0,5.0,3.0,1.0,2.0,41000,0.0,4.0,0.0,0
7,25000,4,22,0.0,0.0,15.0,1.0,2.0,31000,0.0,0.0,0.0,0
11,44500,12,20,1.0,0.0,13.0,0.0,0.0,41000,0.0,2.0,0.0,0
2,22500,12,26,0.0,5.0,3.0,0.0,2.0,22000,0.0,0.0,1.0,1
1,8500,6,28,1.0,5.0,3.0,0.0,2.0,19000,2.0,3.0,0.0,1
4,39000,12,35,1.0,0.0,11.0,1.0,2.0,41000,1.0,0.0,1.0,0
11,8500,6,31,1.0,4.0,3.0,1.0,2.0,26000,0.0,0.0,1.0,1
7,37000,12,34,1.0,0.0,9.0,1.0,2.0,31000,0.0,0.0,0.0,0
3,16000,15,38,0.0,0.0,1.0,1.0,2.0,51000,0.0,0.0,0.0,0
11,18000,10,33,0.0,5.0,11.0,1.0,2.0,36000,1.0,1.0,1.0,0
