Cement,BlastFurnaceSlag,FlyAsh,Water,Superplasticizer,CoarseAggregate,FineAggregate,Age,__target__
393.0,0.0,0.0,192.0,0.0,940.6,785.6,28,39.604880392
313.0,145.0,0.0,127.0,8.0,1000.0,822.0,28,44.51946532
331.0,0.0,0.0,192.0,0.0,1025.0,821.0,28,31.74347504
182.04,45.21,121.97,170.21,8.19,1059.4,780.65,14,21.50475644
222.36,0.0,96.67,189.29,4.46,967.08,870.32,56,29.44751996
286.3,200.9,0.0,144.7,11.2,1004.6,803.7,3,24.40055564
250.0,0.0,0.0,182.0,0.0,1100.0,820.0,28,20.87043852
366.0,187.0,0.0,191.0,7.0,824.0,757.0,28,65.90701084
491.0,26.0,123.0,210.0,3.93,882.0,699.0,28,55.55108132
380.0,0.0,0.0,228.0,0.0,932.0,670.0,90,52.908319812
385.0,0.0,0.0,186.0,0.0,966.0,763.0,1,6.26733684
160.2,188.0,146.4,203.2,11.3,828.7,709.7,28,35.314271244
304.0,76.0,0.0,228.0,0.0,932.0,670.0,365,55.260122448
304.8,0.0,99.6,196.0,9.8,959.4,705.2,28,30.12320644
213.76,98.06,24.52,181.74,6.65,1066.0,785.52,3,13.18278112
213.5,0.0,174.24,154.61,11.66,1052.3,775.48,3,17.36790044
229.68,0.0,118.16,195.23,6.13,1028.1,757.63,14,22.31833812
380.0,95.0,0.0,228.0,0.0,932.0,594.0,270,41.15137506
144.0,0.0,175.0,158.0,18.0,943.0,844.0,28,15.41668336
183.9,122.6,0.0,203.5,0.0,959.2,800.0,90,32.53292506
425.0,106.3,0.0,153.5,16.5,852.1,887.1,56,64.30053176
212.0,0.0,124.78,159.0,7.84,1085.4,799.54,3,19.51906556
359.0,19.0,141.0,154.0,10.91,942.0,801.0,3,23.63917714581204
362.6,189.0,0.0,164.9,11.6,944.7,755.8,56,77.29715436
238.1,0.0,0.0,185.7,0.0,1118.8,789.3,28,17.576122192
167.95,42.08,163.83,121.75,5.72,1058.7,780.11,56,32.8535314
318.8,212.5,0.0,155.7,14.3,852.1,880.4,28,55.49592324
286.3,200.9,0.0,144.7,11.2,1004.6,803.7,56,72.99482412
284.0,15.0,141.0,179.0,5.46,842.0,801.0,56,44.520450284729314
388.6,97.1,0.0,157.9,12.1,852.1,925.7,28,50.69717028
290.35,0.0,96.18,168.08,9.41,961.18,865.0,14,34.67374804
108.3,162.4,0.0,203.5,0.0,938.2,849.0,28,20.593958644
339.0,0.0,0.0,185.0,0.0,1069.0,754.0,28,31.84000168
362.6,189.0,0.0,164.9,11.6,944.7,755.8,56,77.29715436
272.8,105.1,81.8,209.7,9.0,904.0,679.7,28,37.171030112
252.5,0.0,0.0,185.7,0.0,1111.6,784.3,28,19.765208492
236.0,157.0,0.0,192.0,0.0,972.6,749.1,28,32.88455782
158.8,238.2,0.0,185.7,0.0,1040.6,734.3,28,21.066249704
203.5,135.7,0.0,185.7,0.0,1076.2,759.3,28,22.629981272
339.0,0.0,0.0,197.0,0.0,968.0,781.0,365,38.89334116
337.9,189.0,0.0,174.9,9.5,944.7,755.8,7,35.10122316
154.8,0.0,142.8,193.3,9.1,877.2,867.7,28,9.738159024
313.0,0.0,0.0,178.0,8.0,1000.0,822.0,28,25.0969264
350.0,0.0,0.0,186.0,0.0,1050.0,770.0,7,20.27748916
252.0,97.0,76.0,194.0,8.0,835.0,821.0,28,33.39821744
156.0,243.0,0.0,180.0,11.0,1022.0,698.0,28,37.36270444
218.23,54.64,123.78,140.75,11.91,1075.7,792.67,100,63.52831864
149.0,118.0,92.0,183.0,7.0,953.0,780.0,28,23.51802636
500.0,0.0,0.0,200.0,0.0,1125.0,613.0,180,51.04190828
183.9,122.6,0.0,203.5,0.0,959.2,800.0,3,4.9035533120000006
122.6,183.9,0.0,203.5,0.0,958.2,800.1,28,24.290928956
102.0,153.0,0.0,192.0,0.0,887.0,942.0,28,17.275510655999998
231.75,0.0,121.62,173.96,6.72,1056.4,778.45,14,26.77235308
218.85,0.0,124.13,158.49,11.33,1078.7,794.91,3,15.340841
148.5,139.4,108.6,192.7,6.1,892.4,780.0,28,23.696600644
289.0,0.0,0.0,192.0,0.0,913.2,895.3,3,11.654902304
333.0,0.0,0.0,192.0,0.0,931.2,842.6,7,23.404952296
213.72,98.05,24.51,181.71,6.86,1065.8,785.38,100,53.90323368
451.0,0.0,0.0,165.0,11.25,1030.0,745.0,28,78.80021203999999
194.68,0.0,100.52,170.17,7.48,998.0,901.8,28,37.2661778
401.8,94.7,0.0,147.4,11.4,946.8,852.1,28,68.4994406
528.0,0.0,0.0,185.0,6.86,920.0,720.0,28,56.83350668
178.03,129.8,118.6,179.94,3.57,1007.3,746.8,56,48.58737372
212.0,0.0,124.78,159.0,7.84,1085.4,799.54,14,31.35047372
194.68,0.0,100.52,165.62,7.48,1006.4,905.9,3,12.45193656
136.4,161.6,125.8,171.6,10.4,922.6,764.4,28,29.073134492
500.0,0.0,0.0,200.0,0.0,1125.0,613.0,3,26.0621928
331.0,0.0,0.0,192.0,0.0,1025.0,821.0,7,17.43684804
190.34,0.0,125.18,161.85,9.88,1088.1,802.59,100,40.38950408
200.0,133.0,0.0,192.0,0.0,965.4,806.2,90,43.25082948
212.52,0.0,100.37,159.32,8.71,1007.8,903.59,56,42.54756396
491.0,26.0,123.0,210.0,3.93,882.0,699.0,56,59.59042571527068
362.6,189.0,0.0,164.9,11.6,944.7,755.8,91,79.29663476
525.0,0.0,0.0,189.0,0.0,1125.0,613.0,28,55.94408264
279.8,128.9,100.4,172.4,9.5,825.1,804.9,28,52.826961644
246.83,0.0,125.08,143.3,11.99,1086.8,800.89,28,52.5035974
405.0,0.0,0.0,175.0,0.0,1120.0,695.0,28,52.30364936
151.6,0.0,111.9,184.4,7.9,992.0,815.9,28,12.180972492
310.0,142.8,0.0,167.9,10.0,914.3,804.0,28,45.304778484
505.0,0.0,60.0,195.0,0.0,1030.0,630.0,28,64.0178466
166.8,250.2,0.0,203.5,0.0,975.6,692.6,3,6.902344236
287.0,121.0,94.0,188.0,9.0,904.0,696.0,28,41.94082508
339.2,0.0,0.0,185.7,0.0,1069.2,754.3,7,21.179323768
153.0,102.0,0.0,192.0,0.0,888.0,943.1,28,17.96429718
362.6,189.0,0.0,164.9,11.6,944.7,755.8,3,35.3011712
142.0,167.0,130.0,174.0,11.0,883.0,785.0,28,44.6090972
480.0,0.0,0.0,192.0,0.0,936.2,712.2,3,24.404692496
298.1,0.0,107.5,163.6,12.8,953.2,784.0,28,35.86585204399999
168.88,42.22,124.25,158.33,10.83,1080.8,796.15,28,31.11605188
168.88,42.22,124.25,158.33,10.83,1080.8,796.15,3,7.398077479999999
166.8,250.2,0.0,203.5,0.0,975.6,692.6,7,15.748321315999998
152.0,178.0,139.0,168.0,18.0,944.0,695.0,28,36.34917472
170.3,155.5,0.0,185.7,0.0,1026.6,724.3,28,25.726417988
337.9,189.0,0.0,174.9,9.5,944.7,755.8,28,49.89737812
304.0,76.0,0.0,228.0,0.0,932.0,670.0,180,50.94882902
425.0,106.3,0.0,151.4,18.6,936.0,803.7,7,46.80163088
366.0,187.0,0.0,191.3,6.6,824.3,756.9,28,65.909079268
158.8,238.2,0.0,185.7,0.0,1040.6,734.3,7,9.617500724
251.81,0.0,99.94,146.14,12.35,1006.0,899.76,56,44.14025352
225.0,0.0,0.0,181.0,0.0,1113.0,833.0,28,17.3403214
239.6,359.4,0.0,185.7,0.0,941.6,664.3,28,39.435269296
480.0,0.0,0.0,192.0,0.0,936.0,721.0,90,54.27555072
297.16,0.0,117.54,174.8,9.52,1022.8,753.45,56,51.95891136
184.0,86.0,190.0,213.0,6.0,923.0,623.0,28,22.93197176
446.0,24.0,79.0,162.0,11.61,967.0,712.0,7,52.00717468
212.57,0.0,100.39,159.35,10.37,1003.8,903.79,100,47.73931824
333.0,0.0,0.0,192.0,0.0,931.2,842.6,3,15.615941924
446.0,24.0,79.0,162.0,11.61,967.0,712.0,3,35.36322404
260.0,101.0,78.0,171.0,10.0,936.0,763.0,28,49.77327244
284.0,15.0,141.0,179.0,5.46,842.0,801.0,3,13.39553371527068
252.1,97.1,75.6,193.8,8.3,835.5,821.4,28,33.399596392
475.0,0.0,0.0,228.0,0.0,932.0,594.0,28,39.28978986
152.0,0.0,112.0,184.0,8.0,992.0,816.0,28,12.17614616
146.5,114.6,89.3,201.9,8.8,860.0,829.5,28,19.98790924
173.81,93.37,159.9,172.34,9.73,1007.2,746.6,14,29.55094136
427.5,47.5,0.0,228.0,0.0,932.0,594.0,270,43.01296026
469.0,117.2,0.0,137.8,32.2,852.1,840.5,28,66.89985628
229.68,0.0,118.16,195.23,6.13,1028.1,757.63,100,40.85834776
380.0,0.0,0.0,228.0,0.0,932.0,670.0,180,53.104130996
388.6,97.1,0.0,157.9,12.1,852.1,925.7,91,57.59882504
304.0,140.0,0.0,214.0,6.0,895.0,722.0,28,33.41890172
238.05,0.0,94.11,186.66,7.0,949.91,847.01,14,25.68987576
450.1,50.0,0.0,200.0,3.0,1124.4,613.2,28,39.37597436
167.0,75.4,167.0,164.03,7.91,1007.3,770.1,28,41.40992856
168.88,42.22,124.25,158.33,10.83,1080.8,796.15,14,23.5111316
165.0,0.02,143.57,163.81,0.0,1005.6,900.9,56,36.56291228
194.68,0.0,100.52,165.62,7.48,1006.4,905.9,56,33.96358776
397.0,0.0,0.0,185.7,0.0,1040.6,734.3,7,25.447869684
277.05,0.0,97.39,160.6,11.83,973.9,875.61,100,55.6407132
314.0,0.0,113.0,170.0,10.0,925.0,783.0,28,38.45897128
277.19,97.82,24.46,160.7,11.19,1061.7,782.46,100,66.9481196
376.0,0.0,0.0,214.6,0.0,1003.5,762.36,56,36.3009114
342.0,38.0,0.0,228.0,0.0,932.0,670.0,365,56.141962252
362.6,189.0,0.0,164.9,11.6,944.7,755.8,7,55.89581932
190.68,0.0,125.4,162.14,7.77,1090.0,804.01,100,40.56876784
389.9,189.0,0.0,145.9,22.0,944.7,755.8,28,74.4978818
190.34,0.0,125.18,166.61,9.88,1079.0,798.9,3,12.5484632
275.07,0.0,121.35,159.48,9.9,1053.6,777.5,3,23.80071152
165.0,0.02,143.57,163.81,0.0,1005.6,900.9,28,26.200088
349.0,0.0,0.0,192.0,0.0,1056.0,809.0,28,33.60506024
379.5,151.2,0.0,153.9,15.9,1134.3,605.0,7,47.09810556
331.0,0.0,0.0,192.0,0.0,978.0,825.0,180,38.99676256
359.0,19.0,141.0,154.0,10.91,942.0,801.0,3,25.11662571527068
480.0,0.0,0.0,192.0,0.0,936.2,712.2,28,43.942373908
321.4,0.0,127.9,182.5,11.5,870.1,779.7,28,37.265488324
310.0,0.0,0.0,192.0,0.0,970.0,850.0,90,34.6806428
277.0,116.8,91.0,190.6,7.0,946.5,665.6,28,43.57833058
190.34,0.0,125.18,166.61,9.88,1079.0,798.9,14,19.41564416
296.0,0.0,0.0,192.0,0.0,1085.0,765.0,7,14.2032056
296.0,0.0,0.0,192.0,0.0,1085.0,765.0,90,29.39236188
277.0,0.0,0.0,191.0,0.0,968.0,856.0,180,32.32952964
173.81,93.37,159.9,172.34,9.73,1007.2,746.6,3,15.81657944
154.0,174.0,185.0,228.0,7.0,845.0,612.0,28,24.3385028
322.0,0.0,0.0,203.0,0.0,974.0,800.0,180,29.58541516
393.0,0.0,0.0,192.0,0.0,940.6,785.6,3,19.199148696
500.0,0.0,0.0,200.0,0.0,1125.0,613.0,1,12.63809508
380.0,95.0,0.0,228.0,0.0,932.0,594.0,180,40.759063216
182.04,45.21,121.97,170.21,8.19,1059.4,780.65,100,48.67011084
167.0,75.4,167.0,164.03,7.91,1007.3,770.1,100,56.8128224
239.6,359.4,0.0,185.7,0.0,941.6,664.3,7,25.422359072
374.0,189.2,0.0,170.1,10.1,926.1,756.7,3,34.39795764
272.8,181.9,0.0,185.7,0.0,1012.4,714.3,7,19.765208492
325.0,0.0,0.0,184.0,0.0,1063.0,783.0,7,17.54026944
249.1,0.0,98.75,158.11,12.8,987.76,889.01,28,30.84715624
254.0,0.0,0.0,198.0,0.0,968.0,863.0,3,9.307926
321.3,164.2,0.0,190.5,4.6,870.0,774.0,28,57.21823428799999
229.97,0.0,118.31,195.47,4.63,1029.4,758.59,3,10.0318758
425.0,106.3,0.0,153.5,16.5,852.1,887.1,3,33.39821744
277.19,97.82,24.46,160.7,11.19,1061.7,782.46,3,30.44726016
135.0,0.0,166.0,180.0,10.0,961.0,805.0,28,13.29309728
246.83,0.0,125.08,143.3,11.99,1086.8,800.89,3,23.52492112
349.0,0.0,0.0,192.0,0.0,1056.0,809.0,7,9.01145132
251.37,0.0,118.27,192.94,5.75,1043.6,754.3,56,39.2656582
500.1,0.0,0.0,200.0,3.0,1124.4,613.2,28,44.13335876
150.9,0.0,183.9,166.6,11.6,991.2,772.2,28,15.569747032
310.0,0.0,0.0,192.0,0.0,1012.0,830.0,3,11.85209244
173.0,116.0,0.0,192.0,0.0,946.8,856.8,3,6.940954892
165.0,128.5,132.1,175.06,8.08,1005.8,746.6,28,46.38794528
393.0,0.0,0.0,192.0,0.0,940.0,758.0,90,48.79421652
154.8,0.0,142.8,193.3,9.1,1047.4,696.7,28,12.459520796
166.8,250.2,0.0,203.5,0.0,975.6,692.6,90,43.565230536
427.5,47.5,0.0,228.0,0.0,932.0,594.0,180,41.836714204
339.0,0.0,0.0,185.0,0.0,1069.0,754.0,7,21.16001844
250.0,0.0,95.69,191.84,5.33,948.9,857.2,3,8.48744956
202.0,11.0,141.0,206.0,1.72,942.0,801.0,56,23.24519085418796
266.0,112.0,87.0,178.0,10.0,910.0,745.0,28,39.41734292
252.31,0.0,98.75,146.25,14.17,987.76,889.01,14,42.29245784
446.0,24.0,79.0,162.0,11.64,967.0,712.0,3,23.34565736
190.68,0.0,125.4,162.14,7.77,1090.0,804.01,3,15.04436632
307.0,0.0,0.0,193.0,0.0,968.0,812.0,3,12.54156844
295.8,0.0,0.0,185.7,0.0,1091.4,769.3,28,25.216895224
251.37,0.0,118.27,192.94,5.75,1043.6,754.3,28,33.27411176
350.0,0.0,0.0,203.0,0.0,974.0,775.0,14,22.53207568
290.2,193.5,0.0,185.7,0.0,998.2,704.3,28,33.0431373
108.3,162.4,0.0,203.5,0.0,938.2,849.0,7,7.723510152
166.09,0.0,163.27,176.46,4.49,1058.6,780.09,14,25.48303296
380.0,95.0,0.0,228.0,0.0,932.0,594.0,28,36.447769788
132.0,207.0,161.0,179.0,5.0,867.0,736.0,28,33.3016908
155.0,183.0,0.0,193.0,9.0,1047.0,697.0,28,18.28490352
212.0,0.0,124.78,159.0,7.84,1085.4,799.54,100,47.8151606
531.3,0.0,0.0,141.8,28.2,852.1,893.7,3,41.2996124
362.6,189.0,0.0,164.9,11.6,944.7,755.8,91,79.29663476
183.9,122.6,0.0,203.5,0.0,959.2,800.0,7,10.787541496
139.6,209.4,0.0,192.0,0.0,1047.0,806.9,360,44.698039604
362.6,189.0,0.0,164.9,11.6,944.7,755.8,7,22.89749796
213.5,0.0,174.24,154.61,11.66,1052.3,775.48,100,59.30183076
296.0,0.0,0.0,192.0,0.0,1085.0,765.0,28,21.6495464
376.0,0.0,0.0,214.6,0.0,1003.5,762.36,14,25.62092816
153.1,145.0,113.0,178.5,8.0,1001.9,688.7,28,25.559564796
140.0,133.0,103.0,200.0,7.0,916.0,753.0,28,36.4388066
251.37,0.0,118.27,188.45,6.35,1028.4,757.73,28,32.66047812
266.0,114.0,0.0,228.0,0.0,932.0,670.0,90,47.029847436
231.75,0.0,121.62,173.96,6.72,1056.4,778.45,3,15.43736764
480.0,0.0,0.0,192.0,0.0,936.0,721.0,3,24.39366088
331.0,0.0,0.0,192.0,0.0,1025.0,821.0,120,39.38286912
139.6,209.4,0.0,192.0,0.0,1047.0,806.9,90,39.358047984
284.0,120.0,0.0,168.0,7.0,970.0,794.0,28,40.93419012
249.1,0.0,98.75,158.11,12.8,987.76,889.01,3,15.36152528
337.9,189.0,0.0,174.9,9.5,944.7,755.8,91,67.79617508
212.07,0.0,121.62,180.31,5.69,1057.6,779.32,100,39.6103962
334.0,17.6,158.0,189.0,15.3,967.0,633.0,28,44.32641204
427.5,47.5,0.0,228.0,0.0,932.0,594.0,28,37.427515184
255.5,170.3,0.0,185.7,0.0,1026.6,724.3,7,17.236210524
149.0,117.6,91.7,182.9,7.1,953.4,780.3,28,23.524231644
231.75,0.0,121.62,173.96,6.72,1056.4,778.45,100,45.83636448
153.1,145.0,113.0,178.5,8.0,867.2,824.0,28,26.233182848
475.0,0.0,0.0,228.0,0.0,932.0,594.0,7,38.60376124
255.5,170.3,0.0,185.7,0.0,1026.6,724.3,28,32.051670812
102.0,153.0,0.0,192.0,0.0,887.0,942.0,3,4.565020596
382.0,0.0,0.0,186.0,0.0,1047.0,739.0,7,24.00065956
425.0,106.3,0.0,151.4,18.6,936.0,803.7,91,66.69990824
238.0,0.0,0.0,186.0,0.0,1119.0,789.0,7,12.05204048
229.68,0.0,118.16,195.23,6.13,1028.1,757.63,56,31.35047372
302.0,0.0,0.0,203.0,0.0,974.0,817.0,180,26.74477404
151.8,178.1,138.7,167.5,18.3,944.0,694.6,28,36.349864196
331.0,0.0,0.0,192.0,0.0,978.0,825.0,7,16.26473884
491.0,26.0,123.0,201.0,3.93,822.0,699.0,56,61.85584685418796
339.0,0.0,0.0,197.0,0.0,968.0,781.0,3,13.22414968
330.5,169.6,0.0,194.9,8.1,811.0,802.3,28,56.619079644
375.0,93.8,0.0,126.6,23.4,852.1,992.6,7,45.69846928
141.3,212.0,0.0,203.5,0.0,971.8,748.5,3,4.827710952
332.5,142.5,0.0,228.0,0.0,932.0,594.0,90,37.721921436
159.8,250.0,0.0,168.4,12.2,1049.3,688.2,28,39.455953576
331.0,0.0,0.0,192.0,0.0,978.0,825.0,360,41.24445432
359.0,19.0,141.0,154.0,10.91,942.0,801.0,56,66.78067543054136
288.0,192.0,0.0,192.0,0.0,932.0,717.8,90,50.526869708
322.5,148.6,0.0,185.8,8.5,951.0,709.5,28,52.426376088
331.0,0.0,0.0,192.0,0.0,978.0,825.0,28,31.44700036
165.0,0.0,150.0,182.0,12.0,1023.0,729.0,28,18.0297974
322.0,0.0,116.0,196.0,10.0,818.0,813.0,28,31.17810472
491.0,26.0,123.0,201.0,3.93,822.0,699.0,3,29.54897143054136
167.95,42.08,163.83,121.75,5.72,1058.7,780.11,100,39.2311844
212.07,0.0,121.62,180.31,5.69,1057.6,779.32,28,24.90387312
382.0,0.0,0.0,186.0,0.0,1047.0,739.0,28,37.42475728
238.2,158.8,0.0,185.7,0.0,1040.6,734.3,7,15.691094808
213.74,0.0,174.74,154.79,10.16,1053.5,776.35,28,40.14818748
362.6,189.0,0.0,164.9,11.6,944.7,755.8,7,55.89581932
252.5,0.0,0.0,185.7,0.0,1111.6,784.3,7,11.483912255999998
275.0,180.0,120.0,162.0,10.35,830.0,765.0,28,76.23536132
307.0,0.0,0.0,193.0,0.0,968.0,812.0,180,34.48758952
297.16,0.0,117.54,174.8,9.52,1022.8,753.45,14,36.9903874
194.68,0.0,100.52,170.17,7.48,998.0,901.8,56,43.38872468
236.0,0.0,0.0,193.0,0.0,968.0,885.0,7,9.99050724
337.9,189.0,0.0,174.9,9.5,944.7,755.8,56,59.89478012
425.0,106.3,0.0,153.5,16.5,852.1,887.1,56,64.30053176
220.8,147.2,0.0,185.7,0.0,1055.0,744.3,28,25.74503384
192.0,288.0,0.0,192.0,0.0,929.8,716.1,3,12.788400847999998
183.9,122.6,0.0,203.5,0.0,959.2,800.0,28,24.046164976
297.8,137.2,106.9,201.3,6.0,878.4,655.3,28,53.524711356
246.83,0.0,125.08,143.3,11.99,1086.8,800.89,100,66.42411784
213.76,98.06,24.52,181.74,6.65,1066.0,785.52,14,17.83674412
424.0,22.0,132.0,168.0,8.92,822.0,750.0,56,74.3649114581204
218.23,54.64,123.78,140.75,11.91,1075.7,792.67,28,55.50971276
332.5,142.5,0.0,228.0,0.0,932.0,594.0,180,39.77931782
336.0,0.0,0.0,182.0,3.0,986.0,817.0,28,44.86420332
252.31,0.0,98.75,146.25,14.17,987.76,889.01,100,60.9496784
332.5,142.5,0.0,228.0,0.0,932.0,594.0,365,41.052779992
289.0,0.0,0.0,192.0,0.0,913.2,895.3,28,25.573354316
333.0,0.0,0.0,192.0,0.0,931.2,842.6,90,41.680203152
331.0,0.0,0.0,192.0,0.0,978.0,825.0,3,13.52062436
356.0,119.0,0.0,160.0,9.03,1061.0,657.0,28,58.99846132
349.0,0.0,0.0,192.0,0.0,1047.0,806.0,28,32.72253096
139.6,209.4,0.0,192.0,0.0,1047.0,806.9,3,8.06342182
154.8,183.4,0.0,193.3,9.1,877.2,867.7,28,23.786922
362.6,189.0,0.0,164.9,11.6,944.7,755.8,28,71.29871315999999
194.68,0.0,100.52,165.62,7.48,1006.4,905.9,28,25.72434956
276.4,116.0,90.3,179.6,8.9,870.1,768.3,28,44.284354004
298.0,0.0,107.0,186.0,6.0,879.0,815.0,28,42.63719584
469.0,117.2,0.0,137.8,32.2,852.1,840.5,91,70.69886903999999
213.72,98.05,24.51,181.71,6.86,1065.8,785.38,28,45.70536404
296.0,0.0,0.0,186.0,0.0,1090.0,769.0,28,25.17966352
173.0,116.0,0.0,192.0,0.0,946.8,856.8,7,11.392211948
310.0,0.0,0.0,192.0,0.0,970.0,850.0,7,14.98920824
310.0,0.0,0.0,192.0,0.0,971.0,850.6,3,9.86640156
480.0,0.0,0.0,192.0,0.0,936.2,712.2,7,34.569637164
315.0,137.0,0.0,145.0,5.9,1130.0,745.0,28,81.75116932
540.0,0.0,0.0,173.0,0.0,1125.0,613.0,7,52.61391356
295.0,0.0,0.0,185.0,0.0,1069.0,769.0,28,25.17966352
275.07,0.0,121.35,159.48,9.9,1053.6,777.5,14,38.76923548
167.35,129.9,128.62,175.46,7.79,1006.3,746.6,14,31.81242264
266.0,114.0,0.0,228.0,0.0,932.0,670.0,180,48.695621452
313.0,0.0,113.0,178.0,8.0,1002.0,689.0,28,36.80422888
218.23,54.64,123.78,140.75,11.91,1075.7,792.67,56,61.99078716
238.2,158.8,0.0,185.7,0.0,1040.6,734.3,28,26.91369566
255.3,98.8,77.0,188.6,6.5,919.0,749.3,28,33.798802996
145.7,172.6,0.0,181.9,3.4,985.8,816.8,28,23.744174488
313.0,145.0,0.0,178.0,8.0,867.0,824.0,28,44.38846488
393.0,0.0,0.0,192.0,0.0,940.6,785.6,90,48.846616696
290.35,0.0,96.18,168.08,9.41,961.18,865.0,56,45.08483564
246.83,0.0,125.08,143.3,11.99,1086.8,800.89,56,60.32225524
212.52,0.0,100.37,159.32,8.71,1007.8,903.59,14,26.31040416
388.6,97.1,0.0,157.9,12.1,852.1,925.7,7,34.90127512
213.5,0.0,174.24,159.21,11.66,1043.6,771.9,3,15.60973664
203.5,305.3,0.0,203.5,0.0,963.4,630.0,7,19.539060364
157.0,236.0,0.0,192.0,0.0,935.4,781.2,90,43.377003588
182.04,45.21,121.97,170.21,8.19,1059.4,780.65,3,7.315340359999999
310.0,0.0,0.0,192.0,0.0,970.0,850.0,360,38.11423328
181.38,0.0,167.01,169.59,7.56,1055.6,777.8,28,27.77209328
162.0,214.0,164.0,202.0,10.0,820.0,680.0,28,30.6472082
251.37,0.0,118.27,192.94,5.75,1043.6,754.3,14,20.72564856
166.8,250.2,0.0,203.5,0.0,975.6,692.6,28,33.947729812
153.6,144.2,112.3,220.1,10.1,923.2,657.9,28,16.503987012
155.0,184.0,143.0,194.0,9.0,880.0,699.0,28,28.98557104
376.0,0.0,0.0,214.6,0.0,1003.5,762.36,28,31.97100212
158.0,0.0,195.0,220.0,11.0,898.0,713.0,28,8.53571288
252.31,0.0,98.75,146.25,14.17,987.76,889.01,56,55.82687172
251.81,0.0,99.94,146.14,12.35,1006.0,899.76,14,33.35684888
222.36,0.0,96.67,189.29,4.46,967.08,870.32,14,24.44881896
475.0,0.0,0.0,162.0,9.5,1044.0,662.0,28,58.52272288
439.0,177.0,0.0,186.0,11.1,884.9,707.9,3,39.300132
160.0,250.0,0.0,168.0,12.0,1049.0,688.0,28,39.45181672
144.0,170.0,133.0,192.0,8.0,814.0,805.0,28,29.86810032
251.81,0.0,99.94,146.14,12.35,1006.0,899.76,100,45.3675208
250.0,0.0,95.69,191.84,5.33,948.9,857.2,100,41.1617172
200.0,133.0,0.0,192.0,0.0,965.4,806.2,7,17.165883972
387.0,20.0,94.0,157.0,14.32,938.0,845.0,7,36.83870268
202.0,11.0,141.0,206.0,1.72,942.0,801.0,3,9.84965714581204
284.0,15.0,141.0,179.0,5.46,842.0,801.0,7,24.13166
172.38,13.61,172.37,156.76,4.14,1006.3,856.4,56,35.852751999999995
212.52,0.0,100.37,159.32,8.71,1007.8,903.59,100,42.919881
382.5,0.0,0.0,185.7,0.0,1047.8,739.3,28,37.437857324
540.0,0.0,0.0,162.0,2.5,1040.0,676.0,28,79.98611076
425.0,106.3,0.0,151.4,18.6,936.0,803.7,56,64.90037588
190.0,190.0,0.0,228.0,0.0,932.0,670.0,90,42.32693164
277.05,0.0,97.39,160.6,11.83,973.9,875.61,3,23.13881456
158.4,0.0,194.9,219.7,11.0,897.7,712.9,28,8.536402356
210.7,316.1,0.0,185.7,0.0,977.0,689.3,28,37.813621744
236.0,0.0,0.0,193.0,0.0,968.0,885.0,180,24.10408096
296.0,0.0,0.0,186.0,0.0,1090.0,769.0,7,18.91232668
349.0,0.0,0.0,192.0,0.0,1056.0,809.0,3,15.87173752
149.0,236.0,0.0,176.0,13.0,847.0,893.0,28,32.9569528
190.34,0.0,125.18,161.85,9.88,1088.1,802.59,14,22.7182342
143.7,170.2,132.6,191.6,8.5,814.1,805.3,28,29.870858224
190.68,0.0,125.4,162.14,7.77,1090.0,804.01,56,35.34253976
154.8,183.4,0.0,193.3,9.1,1047.4,696.7,28,18.287661424
139.6,209.4,0.0,192.0,0.0,1047.0,806.9,7,14.58931216
133.0,200.0,0.0,192.0,0.0,927.4,839.2,3,6.883728383999999
425.0,106.3,0.0,153.5,16.5,852.1,887.1,28,60.2946762
145.4,0.0,178.9,201.7,7.8,824.0,868.7,28,10.535882756
359.0,19.0,141.0,154.0,10.91,942.0,801.0,56,68.75060685418796
153.0,102.0,0.0,192.0,0.0,888.0,943.1,7,8.374375495999999
148.0,175.0,0.0,171.0,2.0,1000.0,828.0,28,26.91714304
387.0,20.0,94.0,157.0,14.32,938.0,845.0,28,50.23522136
376.0,0.0,0.0,214.6,0.0,1003.5,762.36,3,16.27852836
439.0,177.0,0.0,186.0,11.1,884.9,707.9,56,71.69860924
374.0,189.2,0.0,170.1,10.1,926.1,756.7,28,61.09446836
318.8,212.5,0.0,155.7,14.3,852.1,880.4,3,25.2003478
233.81,0.0,94.58,197.89,4.567,947.04,852.16,14,22.13907436
387.0,20.0,94.0,157.0,11.61,938.0,845.0,28,46.68441996
213.74,0.0,174.74,154.79,10.16,1053.5,776.35,56,46.6430514
266.0,114.0,0.0,228.0,0.0,932.0,670.0,365,52.908319812
218.23,54.64,123.78,140.75,11.91,1075.7,792.67,14,35.9561734
249.1,0.0,98.75,158.11,12.8,987.76,889.01,100,51.0556978
388.6,97.1,0.0,157.9,12.1,852.1,925.7,56,55.19944856
193.5,290.2,0.0,185.7,0.0,998.2,704.3,7,17.200357771999997
531.3,0.0,0.0,141.8,28.2,852.1,893.7,28,56.3991368
193.5,290.2,0.0,185.7,0.0,998.2,704.3,28,32.626693796000005
229.68,0.0,118.16,195.23,6.13,1028.1,757.63,28,24.53845084
424.0,22.0,132.0,178.0,8.48,882.0,750.0,3,32.01138571527068
194.68,0.0,100.52,170.17,7.48,998.0,901.8,14,24.28334472
182.04,45.21,121.97,170.21,8.19,1059.4,780.65,56,43.49904084
173.54,50.05,173.53,164.77,6.47,1006.2,793.5,28,38.20386516
190.34,0.0,125.18,166.61,9.88,1079.0,798.9,100,33.56369168
135.7,203.5,0.0,185.7,0.0,1076.2,759.3,28,18.19871902
190.68,0.0,125.4,162.14,7.77,1090.0,804.01,28,26.40003604
339.0,0.0,0.0,185.0,0.0,1060.0,754.0,28,31.6469484
375.0,93.8,0.0,126.6,23.4,852.1,992.6,91,62.5009994
147.8,175.1,0.0,171.2,2.2,1000.0,828.5,28,26.922658848
212.0,141.3,0.0,203.5,0.0,973.4,750.0,7,15.0305768
160.0,128.0,122.0,182.0,6.4,824.0,879.0,28,39.39665864
325.6,166.4,0.0,174.0,8.9,881.6,790.0,28,61.23581094
251.37,0.0,118.27,188.45,6.35,1028.4,757.73,14,24.42813468
178.03,129.8,118.6,179.94,3.57,1007.3,746.8,3,20.72564856
277.05,0.0,97.39,160.6,11.83,973.9,875.61,14,41.885667
148.0,0.0,182.0,181.0,15.0,839.0,884.0,28,15.52010476
251.37,0.0,118.27,192.94,5.75,1043.6,754.3,100,40.14818748
148.1,0.0,182.1,181.4,15.0,838.9,884.3,28,15.526310044
314.0,145.0,113.0,179.0,8.0,869.0,690.0,28,46.2293658
236.0,157.0,0.0,192.0,0.0,972.6,749.1,3,13.5654403
141.3,212.0,0.0,203.5,0.0,971.8,748.5,7,10.3938507
214.9,53.8,121.89,155.63,9.61,1014.3,780.58,3,18.01600788
332.5,142.5,0.0,228.0,0.0,932.0,594.0,270,40.269535256000005
275.07,0.0,121.35,159.48,9.9,1053.6,777.5,100,58.60546
425.0,106.3,0.0,153.5,16.5,852.1,887.1,3,33.39821744
213.5,0.0,174.24,159.21,11.66,1043.6,771.9,100,52.95865156
276.0,116.0,90.0,180.0,9.0,870.0,768.0,28,44.27814872
424.0,22.0,132.0,168.0,8.92,822.0,750.0,7,40.28509771527068
159.1,186.7,0.0,175.6,11.3,989.6,788.9,28,32.768036376000005
310.0,0.0,0.0,192.0,0.0,970.0,850.0,180,37.32823064
154.0,144.0,112.0,220.0,10.0,923.0,658.0,28,16.49916068
251.81,0.0,99.94,146.14,12.35,1006.0,899.76,3,21.02212324
475.0,118.8,0.0,181.1,8.9,852.1,781.5,91,74.19451236
172.38,13.61,172.37,156.76,4.14,1006.3,856.4,28,33.68779736
326.5,0.0,137.9,199.0,10.8,801.1,792.5,28,38.630650804
149.0,139.0,109.0,193.0,6.0,892.0,780.0,28,23.69039536
500.0,0.0,0.0,200.0,0.0,1125.0,613.0,90,47.22221124
275.0,0.0,0.0,183.0,0.0,1088.0,808.0,7,14.2032056
540.0,0.0,0.0,173.0,0.0,1125.0,613.0,270,74.16693332
312.7,0.0,0.0,178.1,8.0,999.7,822.2,28,25.10382116
266.0,114.0,0.0,228.0,0.0,932.0,670.0,28,45.854290856
298.1,0.0,107.0,186.4,6.1,879.0,815.2,28,42.6440906
173.54,50.05,173.53,164.77,6.47,1006.2,793.5,56,53.77223324
277.0,117.0,91.0,191.0,7.0,946.0,666.0,28,43.5748832
322.2,0.0,115.6,196.0,10.4,817.9,813.4,28,31.178794196
192.0,288.0,0.0,192.0,0.0,929.8,716.1,28,39.321505756
491.0,26.0,123.0,210.0,3.93,882.0,699.0,3,25.60910856945864
212.0,141.3,0.0,203.5,0.0,973.4,750.0,90,39.70002808
374.0,189.2,0.0,170.1,10.1,926.1,756.7,91,64.90037588
200.0,0.0,0.0,180.0,0.0,1125.0,845.0,28,12.24509376
475.0,118.8,0.0,181.1,8.9,852.1,781.5,28,68.29949256
150.0,236.8,0.0,173.8,11.9,1069.3,674.8,28,37.43165204
298.0,0.0,107.0,210.0,11.0,880.0,744.0,28,31.87447548
469.0,117.2,0.0,137.8,32.2,852.1,840.5,56,69.29923276
304.0,76.0,0.0,228.0,0.0,932.0,670.0,270,54.378282644
116.0,173.0,0.0,192.0,0.0,909.8,891.9,3,6.280436883999999
439.0,177.0,0.0,186.0,11.1,884.9,707.9,91,73.29819356
213.5,0.0,174.24,159.21,11.66,1043.6,771.9,28,44.63667624
475.0,0.0,0.0,228.0,0.0,932.0,594.0,90,42.229026048
212.57,0.0,100.39,159.35,10.37,1003.8,903.79,14,25.3727168
149.0,153.0,194.0,192.0,8.0,935.0,623.0,28,24.5798194
349.0,0.0,0.0,192.0,0.0,1056.0,809.0,120,40.85834776
385.0,0.0,0.0,186.0,0.0,966.0,763.0,28,31.35047372
376.0,0.0,0.0,214.6,0.0,1003.5,762.36,100,43.0577762
375.0,0.0,0.0,186.0,0.0,1038.0,758.0,28,38.21075992
214.9,53.8,121.89,155.63,9.61,1014.3,780.58,14,38.60376124
281.0,0.0,0.0,186.0,0.0,1104.0,774.0,7,14.49968028
300.0,0.0,0.0,184.0,0.0,1075.0,795.0,28,26.84819544
133.1,210.2,0.0,195.7,3.1,949.4,795.3,28,28.937997196
250.2,166.8,0.0,203.5,0.0,977.6,694.1,90,47.714497104
310.0,0.0,0.0,192.0,0.0,1012.0,830.0,90,35.76312012
214.9,53.8,121.89,155.63,9.61,1014.3,780.58,28,52.20022796
173.81,93.37,159.9,172.34,9.73,1007.2,746.6,28,37.81086384
236.0,157.0,0.0,192.0,0.0,972.6,749.1,90,47.782065752
310.0,143.0,111.0,168.0,22.0,914.0,651.0,28,33.68779736
166.09,0.0,163.27,176.46,4.49,1058.6,780.09,56,28.62704352
303.6,139.9,0.0,213.5,6.2,895.5,722.5,28,33.419591196
251.37,0.0,118.27,188.45,6.35,1028.4,757.73,100,44.20920112
250.0,0.0,95.69,191.84,5.33,948.9,857.2,56,39.64487
250.0,0.0,95.69,187.42,5.53,956.86,861.17,3,13.81709904
397.0,0.0,0.0,185.7,0.0,1040.6,734.3,28,33.082437432
349.0,0.0,0.0,192.0,0.0,1047.0,806.0,3,14.98920824
302.0,0.0,0.0,203.0,0.0,974.0,817.0,14,18.12632404
380.0,0.0,0.0,228.0,0.0,932.0,670.0,365,52.516697444
236.0,0.0,0.0,194.0,0.0,968.0,885.0,3,6.467284879999999
469.0,117.2,0.0,137.8,32.2,852.1,840.5,7,54.89607912
379.5,151.2,0.0,153.9,15.9,1134.3,605.0,91,56.49566344
273.0,105.0,82.0,210.0,9.0,904.0,680.0,28,37.16965116
222.36,0.0,96.67,189.29,4.46,967.08,870.32,28,24.8900836
516.0,0.0,0.0,162.0,8.26,801.0,802.0,28,41.36856
297.16,0.0,117.54,174.8,9.52,1022.8,753.45,28,47.401475
277.0,0.0,0.0,191.0,0.0,968.0,856.0,14,21.26343984
275.0,0.0,0.0,183.0,0.0,1088.0,808.0,28,24.49708228
238.05,0.0,94.11,186.66,7.0,949.91,847.01,56,39.58971192
331.0,0.0,0.0,192.0,0.0,879.0,825.0,3,13.52062436
214.9,53.8,121.89,155.63,9.61,1014.3,780.58,100,56.63355864
218.23,54.64,123.78,140.75,11.91,1075.7,792.67,3,27.42046052
295.71,0.0,95.64,171.54,8.87,955.14,859.2,3,22.94576128
436.0,0.0,0.0,218.0,0.0,838.4,719.7,28,23.84897484
229.97,0.0,118.31,195.47,4.63,1029.4,758.59,56,31.53663224
149.5,236.0,0.0,175.8,12.6,846.8,892.7,28,32.96384756
401.8,94.7,0.0,147.4,11.4,946.8,852.1,3,41.09966436
469.0,117.2,0.0,137.8,32.2,852.1,840.5,3,40.1964508
312.7,144.7,0.0,127.3,8.0,999.7,822.2,28,44.523602176
203.5,135.7,0.0,185.7,0.0,1076.2,759.3,7,11.957582268
331.0,0.0,0.0,192.0,0.0,978.0,825.0,90,37.231704
141.3,212.0,0.0,203.5,0.0,971.8,748.5,90,39.6621069
238.0,0.0,0.0,185.0,0.0,1118.0,789.0,28,17.54026944
525.0,0.0,0.0,189.0,0.0,1125.0,613.0,14,48.4012152
312.9,160.5,0.0,177.6,9.6,916.6,759.5,28,52.446370892
401.8,94.7,0.0,147.4,11.4,946.8,852.1,56,73.69808963999999
160.0,188.0,146.0,203.0,11.0,829.0,710.0,28,32.83974188
166.09,0.0,163.27,176.46,4.49,1058.6,780.09,100,33.5430074
387.0,20.0,94.0,157.0,13.93,938.0,845.0,56,47.96684532
331.0,0.0,0.0,192.0,0.0,1025.0,821.0,3,14.306627
350.0,0.0,0.0,186.0,0.0,1050.0,770.0,28,34.29453624
200.0,133.0,0.0,192.0,0.0,965.4,806.2,28,30.439675924
167.95,42.08,163.83,121.75,5.72,1058.7,780.11,28,24.24197616
355.9,0.0,141.6,193.3,11.0,801.4,778.4,28,40.8686899
165.0,128.5,132.1,175.06,8.08,1005.8,746.6,3,19.41564416
116.0,173.0,0.0,192.0,0.0,909.8,891.9,90,31.023662096
277.19,97.82,24.46,160.7,11.19,1061.7,782.46,28,63.14221208
379.5,151.2,0.0,153.9,15.9,1134.3,605.0,28,52.20022796
380.0,0.0,0.0,228.0,0.0,932.0,670.0,270,53.300631656
342.0,38.0,0.0,228.0,0.0,932.0,670.0,270,55.064311264
265.0,111.0,86.0,195.0,6.0,833.0,790.0,28,41.540929
190.34,0.0,125.18,161.85,9.88,1088.1,802.59,28,28.46846404
203.5,305.3,0.0,203.5,0.0,963.4,630.0,3,9.561653168
475.0,0.0,59.0,142.0,1.9,1098.0,641.0,28,57.226508
313.3,262.2,0.0,175.5,8.6,1046.9,611.8,56,64.90037588
144.0,136.0,106.0,178.0,7.0,941.0,774.0,28,26.14492992
387.0,20.0,94.0,157.0,13.93,938.0,845.0,7,45.89841732
194.68,0.0,100.52,165.62,7.48,1006.4,905.9,100,37.34202016
289.0,0.0,0.0,192.0,0.0,913.2,895.3,7,14.596896395999998
194.68,0.0,100.52,165.62,7.48,1006.4,905.9,14,24.98661024
359.0,19.0,141.0,154.0,10.91,942.0,801.0,7,38.610656
288.0,192.0,0.0,192.0,0.0,932.0,717.8,28,38.804398756000005
229.97,0.0,118.31,195.47,4.63,1029.4,758.59,14,20.08443588
190.0,190.0,0.0,228.0,0.0,932.0,670.0,365,53.69225402399999
355.0,19.0,97.0,145.0,12.25,967.0,871.0,28,55.45455468
164.6,0.0,150.4,181.6,11.7,1023.3,728.9,28,18.033934256
349.0,0.0,0.0,192.0,0.0,1056.0,809.0,90,40.65839972
170.3,155.5,0.0,185.7,0.0,1026.6,724.3,7,10.730314988
252.31,0.0,98.75,146.25,14.17,987.76,889.01,28,50.60064364
181.38,0.0,167.01,169.59,7.56,1055.6,777.8,3,13.62404576
198.6,132.4,0.0,192.0,0.0,978.4,825.5,90,38.074243672
251.37,0.0,118.27,188.45,5.75,1028.4,757.73,14,29.93015316
284.0,15.0,141.0,179.0,5.46,842.0,801.0,28,43.73346268
212.0,0.0,124.78,159.0,7.84,1085.4,799.54,56,45.08483564
190.34,0.0,125.18,161.85,9.88,1088.1,802.59,3,9.4458212
500.0,0.0,0.0,140.0,4.0,966.0,853.0,28,67.568648
446.0,24.0,79.0,162.0,10.3,967.0,712.0,28,53.38612668
289.0,133.7,0.0,194.9,5.5,924.1,760.1,28,46.247292176
400.0,0.0,0.0,187.0,0.0,1025.0,745.0,7,30.14389072
213.74,0.0,174.74,154.79,10.16,1053.5,776.35,3,17.57474324
313.8,0.0,112.6,169.9,10.1,925.3,782.9,28,38.461039708
228.0,342.1,0.0,185.7,0.0,955.8,674.3,7,21.917063088
202.0,11.0,141.0,206.0,1.72,942.0,801.0,28,21.96670536
522.0,0.0,0.0,146.0,0.0,896.0,896.0,28,74.98740975999999
250.0,0.0,95.69,191.84,5.33,948.9,857.2,28,27.22051248
359.0,19.0,141.0,154.0,10.91,942.0,801.0,28,62.93536928
339.0,0.0,0.0,197.0,0.0,968.0,781.0,180,36.44570136
307.0,0.0,0.0,193.0,0.0,968.0,812.0,90,32.922479
198.6,132.4,0.0,192.0,0.0,978.4,825.5,28,28.021683592
295.71,0.0,95.64,171.54,8.87,955.14,859.2,56,48.71837416
531.3,0.0,0.0,141.8,28.2,852.1,893.7,56,58.79851328
122.6,183.9,0.0,203.5,0.0,958.2,800.1,7,10.354550568
181.38,0.0,167.01,169.59,7.56,1055.6,777.8,100,45.3675208
150.0,237.0,0.0,174.0,12.0,1069.0,675.0,28,37.43165204
192.0,288.0,0.0,192.0,0.0,929.8,716.1,90,50.732333556
446.0,24.0,79.0,162.0,11.64,967.0,712.0,28,51.021224
190.34,0.0,125.18,161.85,9.88,1088.1,802.59,56,38.56239268
286.3,200.9,0.0,144.7,11.2,1004.6,803.7,7,37.99702236
250.2,166.8,0.0,203.5,0.0,977.6,694.1,28,36.964187312
331.0,170.0,0.0,195.0,8.0,811.0,802.0,28,56.61287436
349.0,0.0,0.0,192.0,0.0,1047.0,806.9,3,15.049192652
233.81,0.0,94.58,197.89,4.567,947.04,852.16,56,27.66177712
284.0,119.7,0.0,168.3,7.2,970.4,794.2,28,40.934879596
250.0,0.0,95.69,191.84,5.33,948.9,857.2,14,24.65566176
379.5,151.2,0.0,153.9,15.9,1134.3,605.0,3,28.59946448
427.5,47.5,0.0,228.0,0.0,932.0,594.0,365,43.698299404
172.38,13.61,172.37,156.76,4.14,1006.3,856.4,14,29.7508894
222.36,0.0,96.67,189.29,4.46,967.08,870.32,3,11.57630204
238.05,0.0,94.11,186.66,7.0,949.91,847.01,28,30.2335226
387.0,20.0,94.0,157.0,14.32,938.0,845.0,56,56.33708396
337.9,189.0,0.0,174.9,9.5,944.7,755.8,3,24.0971862
212.07,0.0,121.62,180.31,5.69,1057.6,779.32,3,12.47262084
388.6,97.1,0.0,157.9,12.1,852.1,925.7,3,28.096147
339.0,0.0,0.0,197.0,0.0,968.0,781.0,7,20.96696516
178.03,129.8,118.6,179.94,3.57,1007.3,746.8,28,39.1622368
162.0,190.1,148.1,178.8,18.8,838.1,741.4,28,33.762260768
425.0,106.3,0.0,153.5,16.5,852.1,887.1,7,49.20100736
491.0,26.0,123.0,201.0,3.93,822.0,699.0,28,57.915984
198.6,132.4,0.0,192.0,0.0,978.4,825.5,3,9.131420144
254.0,0.0,0.0,198.0,0.0,968.0,863.0,180,27.62730332
540.0,0.0,0.0,173.0,0.0,1125.0,613.0,14,59.76377968
350.0,0.0,0.0,203.0,0.0,974.0,775.0,7,18.12632404
266.0,114.0,0.0,228.0,0.0,932.0,670.0,270,51.732763232
297.0,0.0,0.0,186.0,0.0,1040.0,734.0,7,30.9574724
252.0,0.0,0.0,185.0,0.0,1111.0,784.0,7,13.71367764
425.0,106.3,0.0,151.4,18.6,936.0,803.7,28,61.79773388
401.8,94.7,0.0,147.4,11.4,946.8,852.1,7,54.09628696
525.0,0.0,0.0,189.0,0.0,1125.0,613.0,270,67.11359384
313.3,262.2,0.0,175.5,8.6,1046.9,611.8,7,42.79577532
385.0,0.0,136.0,158.0,20.0,903.0,768.0,28,55.55108132
289.0,0.0,0.0,192.0,0.0,913.2,895.3,90,32.068218236
167.0,75.4,167.0,164.03,7.91,1007.3,770.1,14,32.90179472
237.5,237.5,0.0,228.0,0.0,932.0,594.0,180,36.251958604
198.6,132.4,0.0,192.0,0.0,978.4,825.5,360,44.296075096
228.0,342.1,0.0,185.7,0.0,955.8,674.3,28,39.699338604
162.0,207.0,172.0,216.0,10.0,822.0,638.0,28,39.84481804
296.0,0.0,106.7,221.4,10.5,819.2,778.4,28,31.420110796000003
167.35,129.9,128.62,175.46,7.79,1006.3,746.6,28,41.20308576
304.0,76.0,0.0,228.0,0.0,932.0,670.0,90,49.185149412
250.0,0.0,95.69,187.42,5.53,956.86,861.17,14,24.91766264
218.85,0.0,124.13,158.49,11.33,1078.7,794.91,14,26.04840328
381.4,0.0,0.0,185.7,0.0,1104.6,784.3,28,22.489328168
295.71,0.0,95.64,171.54,8.87,955.14,859.2,100,52.04164848
295.0,0.0,0.0,185.0,0.0,1069.0,769.0,7,14.79615496
135.0,105.0,193.0,196.0,6.0,965.0,643.0,28,21.91154728
374.3,0.0,0.0,190.2,6.7,1013.2,730.4,28,39.056057496
135.7,203.5,0.0,185.7,0.0,1076.2,759.3,7,7.507014687999999
321.0,164.0,0.0,190.0,5.0,870.0,774.0,28,57.21271848
350.0,0.0,0.0,203.0,0.0,974.0,775.0,28,27.3377234
362.6,189.0,0.0,164.9,11.6,944.7,755.8,3,35.3011712
173.54,50.05,173.53,164.77,6.47,1006.2,793.5,3,23.07676172
446.0,24.0,79.0,162.0,11.64,967.0,712.0,7,38.01770664
298.2,0.0,107.0,209.7,11.1,879.6,744.2,28,31.875164956000003
424.0,22.0,132.0,178.0,8.48,822.0,750.0,56,65.69721314581203
355.0,19.0,97.0,145.0,13.13,967.0,871.0,28,44.02993736
165.0,128.5,132.1,175.06,8.08,1005.8,746.6,14,33.08795324
237.5,237.5,0.0,228.0,0.0,932.0,594.0,270,38.407950056
322.0,0.0,0.0,203.0,0.0,974.0,800.0,14,20.77391188
359.0,19.0,141.0,154.0,10.91,942.0,801.0,28,59.49488404
213.5,0.0,174.24,159.21,11.66,1043.6,771.9,14,29.59230992
252.31,0.0,98.75,146.25,14.17,987.76,889.01,3,21.78054684
393.0,0.0,0.0,192.0,0.0,940.0,758.0,28,39.58281716
133.0,200.0,0.0,192.0,0.0,927.4,839.2,7,13.664035368
186.2,124.1,0.0,185.7,0.0,1083.4,764.3,7,7.995853172
159.0,209.0,161.0,201.0,7.0,848.0,669.0,28,30.88163004
140.0,164.0,128.0,237.0,6.0,869.0,656.0,28,35.22532884
425.0,106.3,0.0,153.5,16.5,852.1,887.1,7,49.20100736
132.0,206.5,160.9,178.9,5.5,866.9,735.6,28,33.306517132
387.0,20.0,94.0,157.0,13.93,938.0,845.0,3,25.510612
168.88,42.22,124.25,158.33,10.83,1080.8,796.15,100,48.15300384
349.0,0.0,0.0,192.0,0.0,1047.0,806.0,7,18.12632404
249.1,0.0,98.75,158.11,12.8,987.76,889.01,56,42.03045696
313.3,262.2,0.0,175.5,8.6,1046.9,611.8,28,59.79825348
148.1,0.0,136.6,158.1,16.1,1001.8,830.1,28,17.959470848000002
250.2,166.8,0.0,203.5,0.0,977.6,694.1,7,19.35014394
425.0,106.3,0.0,153.5,16.5,852.1,887.1,7,49.20100736
151.0,0.0,185.0,167.0,16.0,1074.0,678.0,28,13.45857152
212.52,0.0,100.37,159.32,8.71,1007.8,903.59,3,13.54130864
305.3,203.5,0.0,203.5,0.0,965.4,631.0,3,14.143910664
250.0,0.0,95.69,187.42,5.53,956.86,861.17,56,38.32797084
387.0,20.0,94.0,157.0,11.61,938.0,845.0,3,34.77027468
446.0,24.0,79.0,162.0,11.61,967.0,712.0,56,61.06688932
349.0,0.0,0.0,192.0,0.0,1047.0,806.0,360,42.1269836
234.0,156.0,0.0,189.0,5.85,981.0,760.0,28,39.300132
157.0,214.0,152.0,200.0,9.0,819.0,704.0,28,33.05347944
200.0,133.0,0.0,192.0,0.0,965.4,806.2,3,11.41427518
387.0,20.0,94.0,157.0,11.61,938.0,845.0,56,61.45989064
213.74,0.0,174.74,154.79,10.16,1053.5,776.35,100,50.07664188
251.37,0.0,118.27,188.45,6.35,1028.4,757.73,3,13.12072828
237.5,237.5,0.0,228.0,0.0,932.0,594.0,28,30.079769452
212.0,141.3,0.0,203.5,0.0,973.4,750.0,3,6.8085755
259.9,100.6,78.4,170.6,10.4,935.7,762.9,28,49.77327244
251.81,0.0,99.94,146.14,12.35,1006.0,899.76,28,33.94290348
374.0,189.2,0.0,170.1,10.1,926.1,756.7,56,63.3973182
446.0,24.0,79.0,162.0,11.64,967.0,712.0,3,25.02108404
540.0,0.0,0.0,173.0,0.0,1125.0,613.0,180,71.62276688
281.0,0.0,0.0,186.0,0.0,1104.0,774.0,28,22.43554904
157.0,236.0,0.0,192.0,0.0,935.4,781.2,7,16.889404096
318.0,0.0,126.0,210.0,6.0,861.0,737.0,28,40.0585556
389.9,189.0,0.0,145.9,22.0,944.7,755.8,7,59.09498796
302.0,0.0,0.0,203.0,0.0,974.0,817.0,28,21.7529678
233.81,0.0,94.58,197.89,4.567,947.04,852.16,28,22.83544512
333.0,0.0,0.0,192.0,0.0,931.2,842.6,28,31.966865264
194.68,0.0,100.52,170.17,7.48,998.0,901.8,3,12.17614616
173.81,93.37,159.9,172.34,9.73,1007.2,746.6,56,48.9872698
251.37,0.0,118.27,188.45,5.75,1028.4,757.73,100,43.58177796
397.0,0.0,0.0,185.0,0.0,1040.0,734.0,28,39.0932892
236.0,0.0,0.0,194.0,0.0,968.0,885.0,90,21.94602108
385.0,0.0,0.0,186.0,0.0,966.0,763.0,14,27.923778
290.2,193.5,0.0,185.7,0.0,998.2,704.3,7,21.859147104
225.0,0.0,0.0,181.0,0.0,1113.0,833.0,7,11.1695112
251.37,0.0,118.27,188.45,6.35,1028.4,757.73,56,36.63875464
277.0,0.0,0.0,191.0,0.0,968.0,856.0,360,33.70158688
382.5,0.0,0.0,185.7,0.0,1047.8,739.3,7,24.065470304
286.3,200.9,0.0,144.7,11.2,1004.6,803.7,28,67.69964844
143.0,169.0,143.0,191.0,8.0,967.0,643.0,28,29.72331036
266.2,112.3,87.5,177.9,10.4,909.7,744.5,28,39.421479776
213.72,98.05,24.51,181.71,6.86,1065.8,785.38,3,17.9953236
139.6,209.4,0.0,192.0,0.0,1047.0,806.9,28,28.23748958
220.8,147.2,0.0,185.7,0.0,1055.0,744.3,7,13.089012384
316.1,210.7,0.0,185.7,0.0,977.0,689.3,7,24.437787344
165.0,128.5,132.1,175.06,8.08,1005.8,746.6,100,55.0201848
198.6,132.4,0.0,192.0,0.0,978.4,825.5,180,41.719503284
322.0,0.0,0.0,203.0,0.0,974.0,800.0,28,25.17966352
250.0,180.0,95.0,159.0,9.45,860.0,800.0,28,67.86512268
254.0,0.0,0.0,198.0,0.0,968.0,863.0,365,29.7853632
362.6,189.0,0.0,164.9,11.6,944.7,755.8,28,71.29871315999999
397.0,17.2,158.0,167.0,20.8,967.0,633.0,28,55.64760796
238.05,0.0,94.11,186.66,7.0,949.91,847.01,100,44.298833
251.37,0.0,118.27,188.45,5.75,1028.4,757.73,28,29.65436276
145.0,116.0,119.0,184.0,5.7,833.0,880.0,28,29.15794004
250.2,166.8,0.0,203.5,0.0,977.6,694.1,3,9.731264264
362.6,189.0,0.0,164.9,11.6,944.7,755.8,56,77.29715436
262.0,111.0,86.0,195.0,5.0,895.0,733.0,28,33.7153764
295.71,0.0,95.64,171.54,8.87,955.14,859.2,14,35.2322236
164.0,163.0,128.0,197.0,8.0,961.0,641.0,28,27.234302
387.0,20.0,94.0,157.0,11.61,938.0,845.0,7,41.66503468
136.0,196.0,98.0,199.0,6.0,847.0,783.0,28,26.96540636
525.0,0.0,0.0,189.0,0.0,1125.0,613.0,90,58.78472376
424.0,22.0,132.0,168.0,8.92,822.0,750.0,28,72.09850532
277.05,0.0,97.39,160.6,11.83,973.9,875.61,56,51.03501352
213.76,98.06,24.52,181.74,6.65,1066.0,785.52,56,47.13257936
250.0,0.0,95.69,187.42,5.53,956.86,861.17,100,42.34761592
382.0,0.0,0.0,185.0,0.0,1047.0,739.0,7,24.00065956
213.76,98.06,24.52,181.74,6.65,1066.0,785.52,100,49.97322048
157.0,236.0,0.0,192.0,0.0,935.4,781.2,3,9.694722036
307.0,0.0,0.0,193.0,0.0,968.0,812.0,28,27.53077668
531.3,0.0,0.0,141.8,28.2,852.1,893.7,7,46.89815752
200.0,0.0,0.0,180.0,0.0,1125.0,845.0,7,7.839342119999999
155.6,243.5,0.0,180.3,10.7,1022.0,697.7,28,37.363393916
298.0,137.0,107.0,201.0,6.0,878.0,655.0,28,53.52402188
181.9,272.8,0.0,185.7,0.0,1012.4,714.3,7,12.37264682
164.2,0.0,200.1,181.2,12.6,849.3,846.0,28,15.091250688
425.0,106.3,0.0,153.5,16.5,852.1,887.1,91,65.19685056
264.5,111.0,86.5,195.5,5.9,832.6,790.4,28,41.542307952
424.0,22.0,132.0,178.0,8.48,822.0,750.0,28,62.05284
116.0,173.0,0.0,192.0,0.0,909.8,891.9,7,10.089791784
133.0,210.0,0.0,196.0,3.0,949.0,795.0,28,31.02642
213.72,98.05,24.51,181.71,6.86,1065.8,785.38,56,50.77301264
212.57,0.0,100.39,159.35,10.37,1003.8,903.79,28,37.404073
310.0,143.0,0.0,168.0,10.0,914.0,804.0,28,45.2985732
212.52,0.0,100.37,159.32,8.71,1007.8,903.59,28,31.64005364
190.0,190.0,0.0,228.0,0.0,932.0,670.0,180,46.931941844
531.3,0.0,0.0,141.8,28.2,852.1,893.7,91,59.19840936
190.34,0.0,125.18,166.61,9.88,1079.0,798.9,28,24.84871504
500.0,0.0,0.0,151.0,9.0,1033.0,655.0,28,69.83702404
152.7,144.7,0.0,178.1,8.0,999.7,822.2,28,19.009542796
424.0,22.0,132.0,168.0,8.92,822.0,750.0,3,32.10988228472932
379.5,151.2,0.0,153.9,15.9,1134.3,605.0,56,54.89607912
314.0,145.3,113.2,178.9,8.0,869.1,690.2,28,46.234192132
375.0,93.8,0.0,126.6,23.4,852.1,992.6,56,60.19814956
186.2,124.1,0.0,185.7,0.0,1083.4,764.3,28,17.596806471999997
151.0,0.0,184.0,167.0,12.0,991.0,772.0,28,15.56836808
148.0,0.0,137.0,158.0,16.0,1002.0,830.0,28,17.95395504
380.0,95.0,0.0,228.0,0.0,932.0,594.0,365,43.698299404
277.05,0.0,97.39,160.6,11.83,973.9,875.61,28,48.28400428
446.0,24.0,79.0,162.0,11.64,967.0,712.0,28,44.42293868
349.0,0.0,0.0,192.0,0.0,1047.0,806.0,90,39.48629052
275.07,0.0,121.35,159.48,9.9,1053.6,777.5,56,56.8472962
166.0,260.0,0.0,183.0,13.0,859.0,827.0,28,37.91428524
400.0,0.0,0.0,187.0,0.0,1025.0,745.0,28,43.69898888
385.0,0.0,0.0,186.0,0.0,966.0,763.0,7,23.22155168
305.3,203.5,0.0,203.5,0.0,965.4,631.0,7,25.893960656
144.8,0.0,133.6,180.8,11.1,979.5,811.5,28,13.202086448
152.6,238.7,0.0,200.0,6.3,1001.8,683.9,28,26.859916532
141.9,166.6,129.7,173.5,10.9,882.6,785.3,28,44.61185510399999
213.74,0.0,174.74,154.79,10.16,1053.5,776.35,14,33.72916592
285.0,190.0,0.0,163.0,7.6,1031.0,685.0,28,53.57917996
446.0,24.0,79.0,162.0,11.64,967.0,712.0,7,39.300132
237.0,92.0,71.0,247.0,6.0,853.0,695.0,28,28.62704352
200.0,200.0,0.0,190.0,0.0,1145.0,660.0,28,49.24927068
362.6,189.0,0.0,164.9,11.6,944.7,755.8,91,79.29663476
281.0,0.0,0.0,185.0,0.0,1104.0,774.0,28,22.43554904
350.0,0.0,0.0,203.0,0.0,974.0,775.0,56,29.97841648
190.68,0.0,125.4,162.14,7.77,1090.0,804.01,14,21.0634918
249.1,0.0,98.75,158.11,12.8,987.76,889.01,14,28.6822016
277.0,0.0,0.0,191.0,0.0,968.0,856.0,90,31.25394708
424.0,22.0,132.0,178.0,8.48,822.0,750.0,7,39.004642284729314
164.0,0.0,200.0,181.0,13.0,849.0,846.0,28,15.08573488
475.0,0.0,0.0,228.0,0.0,932.0,594.0,180,42.620648416
299.8,0.0,119.8,211.5,9.9,878.2,727.6,28,23.835874796
155.0,0.0,143.0,193.0,9.0,1047.0,697.0,28,12.45883132
153.0,102.0,0.0,192.0,0.0,888.0,943.1,3,4.782205536
213.5,0.0,174.24,154.61,11.66,1052.3,775.48,56,51.4349096
350.0,0.0,0.0,203.0,0.0,974.0,775.0,180,32.72253096
255.0,0.0,0.0,192.0,0.0,889.8,945.0,28,18.746162964
475.0,0.0,0.0,228.0,0.0,932.0,594.0,365,41.934619796
286.3,200.9,0.0,144.7,11.2,1004.6,803.7,91,76.80073164
385.0,0.0,0.0,186.0,0.0,966.0,763.0,3,14.69962832
173.0,116.0,0.0,192.0,0.0,946.8,856.8,90,32.102692036
236.0,157.0,0.0,192.0,0.0,972.6,749.1,7,20.416073836
313.3,145.0,0.0,178.5,8.0,867.2,824.0,28,40.925226932
296.0,0.0,107.0,221.0,11.0,819.0,778.0,28,31.41942132
237.5,237.5,0.0,228.0,0.0,932.0,594.0,90,33.116911232
260.9,100.5,78.3,200.6,8.6,864.5,761.5,28,32.401235144
236.0,0.0,0.0,194.0,0.0,968.0,885.0,14,12.83804312
167.0,75.4,167.0,164.03,7.91,1007.3,770.1,56,53.46196904
525.0,0.0,0.0,189.0,0.0,1125.0,613.0,3,33.79811352
525.0,0.0,0.0,189.0,0.0,1125.0,613.0,7,42.42345828
387.0,20.0,94.0,157.0,14.32,938.0,845.0,3,22.752708
295.8,0.0,0.0,185.7,0.0,1091.4,769.3,7,14.843728804
362.6,189.0,0.0,164.9,11.6,944.7,755.8,28,71.29871315999999
397.0,0.0,0.0,186.0,0.0,1040.0,734.0,28,36.93522932
540.0,0.0,0.0,162.0,2.5,1055.0,676.0,28,61.88736576
255.0,99.0,77.0,189.0,6.0,919.0,749.0,28,33.79811352
153.0,239.0,0.0,200.0,6.0,1002.0,684.0,28,26.8550902
425.0,106.3,0.0,153.5,16.5,852.1,887.1,3,33.39821744
181.38,0.0,167.01,169.59,7.56,1055.6,777.8,56,35.57006684
277.0,0.0,0.0,191.0,0.0,968.0,856.0,28,25.96566616
349.0,0.0,0.0,192.0,0.0,1047.0,806.0,180,41.05140104
155.2,183.9,143.2,193.8,9.2,879.6,698.5,28,28.991086848
520.0,0.0,0.0,170.0,5.2,855.0,855.0,28,60.28088668
375.0,93.8,0.0,126.6,23.4,852.1,992.6,3,28.99936056
313.3,262.2,0.0,175.5,8.6,1046.9,611.8,3,28.79941252
210.7,316.1,0.0,185.7,0.0,977.0,689.3,7,21.819846972
339.2,0.0,0.0,185.7,0.0,1069.2,754.3,28,31.899986092
116.0,173.0,0.0,192.0,0.0,909.8,891.9,28,22.347985588
332.5,142.5,0.0,228.0,0.0,932.0,594.0,7,30.275580636
305.3,203.5,0.0,203.5,0.0,965.4,631.0,90,54.598914964
374.0,0.0,0.0,190.0,7.0,1013.0,730.0,28,39.05192064
446.0,24.0,79.0,162.0,11.61,967.0,712.0,28,57.02655996
102.0,153.0,0.0,192.0,0.0,887.0,942.0,90,25.460969728
288.0,192.0,0.0,192.0,0.0,932.0,717.8,3,16.10960674
238.0,0.0,0.0,186.0,0.0,1119.0,789.0,28,17.54026944
133.0,200.0,0.0,192.0,0.0,927.4,839.2,28,27.874825204
133.0,200.0,0.0,192.0,0.0,927.4,839.2,90,36.588422892
288.0,121.0,0.0,177.0,7.0,908.0,829.0,28,42.13387836
167.95,42.08,163.83,121.75,5.72,1058.7,780.11,3,7.74971024
153.0,145.0,113.0,178.0,8.0,867.0,824.0,28,26.22766704
229.97,0.0,118.31,195.47,4.63,1029.4,758.59,28,24.48329276
139.9,132.6,103.3,200.3,7.4,916.0,753.4,28,36.443632932
425.0,106.3,0.0,153.5,16.5,852.1,887.1,91,65.19685056
213.5,0.0,174.24,159.21,11.66,1043.6,771.9,56,51.25564584
212.07,0.0,121.62,180.31,5.69,1057.6,779.32,56,34.20490436
167.35,129.9,128.62,175.46,7.79,1006.3,746.6,56,51.72448952
166.09,0.0,163.27,176.46,4.49,1058.6,780.09,28,21.53923024
173.54,50.05,173.53,164.77,6.47,1006.2,793.5,100,56.06129356
382.0,0.0,0.0,186.0,0.0,1111.0,784.0,7,11.46598588
143.6,0.0,174.9,158.4,17.9,942.7,844.5,28,15.42357812
255.0,0.0,0.0,192.0,0.0,889.8,945.0,7,10.222171176
147.0,115.0,89.0,202.0,9.0,860.0,829.0,28,19.98790924
145.9,230.5,0.0,202.5,3.4,827.0,871.8,28,32.720462532
313.3,145.0,0.0,178.5,8.0,1001.9,688.7,28,41.053469468
233.81,0.0,94.58,197.89,4.567,947.04,852.16,3,10.38350856
273.0,0.0,90.0,199.0,11.0,931.0,762.0,28,32.23989776
362.6,189.0,0.0,164.9,11.6,944.7,755.8,3,35.3011712
540.0,0.0,0.0,173.0,0.0,1125.0,613.0,28,67.30664712
136.0,162.0,126.0,172.0,10.0,923.0,764.0,28,29.06830816
290.35,0.0,96.18,168.08,9.41,961.18,865.0,28,34.73580088
246.83,0.0,125.08,143.3,11.99,1086.8,800.89,14,42.21661548
218.85,0.0,124.13,158.49,11.33,1078.7,794.91,100,46.2293658
297.16,0.0,117.54,174.8,9.52,1022.8,753.45,3,21.91154728
181.9,272.8,0.0,185.7,0.0,1012.4,714.3,28,27.935499092
313.3,0.0,113.0,178.5,8.0,1001.9,688.7,28,36.804918356
342.0,38.0,0.0,228.0,0.0,932.0,670.0,180,52.1243856
525.0,0.0,0.0,189.0,0.0,1125.0,613.0,180,61.92183956
202.0,11.0,141.0,206.0,1.72,942.0,801.0,7,15.069975430541358
316.1,210.7,0.0,185.7,0.0,977.0,689.3,28,38.70028788
122.6,183.9,0.0,203.5,0.0,958.2,800.1,90,33.192064116000005
173.0,116.0,0.0,192.0,0.0,946.8,856.8,28,24.281965768
310.0,0.0,0.0,192.0,0.0,1012.0,830.0,28,27.82725136
236.0,0.0,0.0,194.0,0.0,968.0,885.0,28,18.41590396
362.6,189.0,0.0,164.9,11.6,944.7,755.8,3,35.3011712
500.0,0.0,0.0,200.0,0.0,1125.0,613.0,270,55.15808
178.03,129.8,118.6,179.94,3.57,1007.3,746.8,14,34.23937816
159.0,149.0,116.0,175.0,15.0,953.0,720.0,28,27.67556664
322.0,149.0,0.0,186.0,8.0,951.0,709.0,28,52.42086028
237.5,237.5,0.0,228.0,0.0,932.0,594.0,365,38.995383608
332.5,142.5,0.0,228.0,0.0,932.0,594.0,28,33.01900564
362.6,189.0,0.0,164.9,11.6,944.7,755.8,91,79.29663476
275.07,0.0,121.35,159.48,9.9,1053.6,777.5,28,51.3314882
237.5,237.5,0.0,228.0,0.0,932.0,594.0,7,26.258003984
500.0,0.0,0.0,200.0,0.0,1125.0,613.0,7,33.21205892
213.72,98.05,24.51,181.71,6.86,1065.8,785.38,14,30.38520732
165.0,0.02,143.57,163.81,0.0,1005.6,900.9,3,14.39625888
446.0,24.0,79.0,162.0,10.3,967.0,712.0,56,54.76507868
393.0,0.0,0.0,192.0,0.0,940.6,785.6,7,27.742445812
190.0,190.0,0.0,228.0,0.0,932.0,670.0,270,50.655112244
165.0,128.5,132.1,175.06,8.08,1005.8,746.6,56,53.72396992
380.0,95.0,0.0,228.0,0.0,932.0,594.0,7,32.823194456
108.3,162.4,0.0,203.5,0.0,938.2,849.0,90,29.231713972
425.0,106.3,0.0,153.5,16.5,852.1,887.1,28,60.2946762
362.6,189.0,0.0,164.9,11.6,944.7,755.8,56,77.29715436
480.0,0.0,0.0,192.0,0.0,936.0,721.0,28,43.89204216
374.0,189.2,0.0,170.1,10.1,926.1,756.7,7,46.20178676
178.03,129.8,118.6,179.94,3.57,1007.3,746.8,100,49.99390476
304.0,76.0,0.0,228.0,0.0,932.0,670.0,28,47.813781648
158.6,148.9,116.0,175.1,15.0,953.3,719.7,28,27.681082448
182.04,45.21,121.97,170.21,8.19,1059.4,780.65,28,31.2677366
155.0,183.0,0.0,193.0,9.0,877.0,868.0,28,23.786922
475.0,118.8,0.0,181.1,8.9,852.1,781.5,56,72.29845336
540.0,0.0,0.0,173.0,0.0,1125.0,613.0,3,41.63745564
491.0,26.0,123.0,210.0,3.93,882.0,699.0,7,33.488834284729315
251.37,0.0,118.27,188.45,5.75,1028.4,757.73,56,36.96970312
145.0,0.0,179.0,202.0,8.0,824.0,869.0,28,10.53519328
362.6,189.0,0.0,164.9,11.6,944.7,755.8,28,71.29871315999999
540.0,0.0,0.0,173.0,0.0,1125.0,613.0,90,69.65776027999999
167.35,129.9,128.62,175.46,7.79,1006.3,746.6,100,53.65502232
305.0,0.0,100.0,196.0,10.0,959.0,705.0,28,30.12320644
425.0,106.3,0.0,153.5,16.5,852.1,887.1,56,64.30053176
313.0,161.0,0.0,178.0,10.0,917.0,759.0,28,52.44154456
212.57,0.0,100.39,159.35,10.37,1003.8,903.79,56,44.39535964
166.0,259.7,0.0,183.2,12.7,858.8,826.8,28,37.917043144
287.3,120.5,93.9,187.6,9.2,904.4,695.9,28,43.798273424
393.0,0.0,0.0,192.0,0.0,940.0,758.0,3,19.10537996
141.3,212.0,0.0,203.5,0.0,971.8,748.5,28,29.89223198
168.88,42.22,124.25,158.33,10.83,1080.8,796.15,56,39.14844728
522.0,0.0,0.0,146.0,0.0,896.0,896.0,7,50.51101176
233.81,0.0,94.58,197.89,4.567,947.04,852.16,100,34.55653712
313.3,262.2,0.0,175.5,8.6,1046.9,611.8,91,66.59648684
307.0,0.0,0.0,193.0,0.0,968.0,812.0,365,36.14922668
203.5,305.3,0.0,203.5,0.0,963.4,630.0,90,51.863763672
326.0,0.0,138.0,199.0,11.0,801.0,792.0,28,40.679084
146.0,173.0,0.0,182.0,3.0,986.0,817.0,28,23.73865868
277.19,97.82,24.46,160.7,11.19,1061.7,782.46,14,47.7117392
255.0,0.0,0.0,192.0,0.0,889.8,945.0,3,8.204074924
313.0,145.0,0.0,178.0,8.0,1002.0,689.0,28,41.05140104
342.0,38.0,0.0,228.0,0.0,932.0,670.0,90,50.45930106
238.05,0.0,94.11,186.66,7.0,949.91,847.01,3,19.93275116
153.0,102.0,0.0,192.0,0.0,888.0,943.1,90,26.322814728
252.0,0.0,0.0,185.0,0.0,1111.0,784.0,28,19.69143456
336.5,0.0,0.0,181.9,3.4,985.8,816.8,28,44.868340176
318.8,212.5,0.0,155.7,14.3,852.1,880.4,7,33.39821744
425.0,106.3,0.0,151.4,18.6,936.0,803.7,3,36.3009114
194.68,0.0,100.52,170.17,7.48,998.0,901.8,100,44.27814872
485.0,0.0,0.0,146.0,0.0,1120.0,800.0,28,71.98818916
122.6,183.9,0.0,203.5,0.0,958.2,800.1,3,3.31982694
277.0,0.0,0.0,191.0,0.0,968.0,856.0,3,11.36256448
290.35,0.0,96.18,168.08,9.41,961.18,865.0,3,22.50449664
229.97,0.0,118.31,195.47,4.63,1029.4,758.59,100,35.34253976
214.9,53.8,121.89,155.63,9.61,1014.3,780.58,56,53.95839176
427.5,47.5,0.0,228.0,0.0,932.0,594.0,7,35.076402024
288.4,121.0,0.0,177.4,7.0,907.9,829.5,28,42.14008364399999
297.16,0.0,117.54,174.8,9.52,1022.8,753.45,100,56.7438748
102.0,153.0,0.0,192.0,0.0,887.0,942.0,7,7.675936308
203.5,305.3,0.0,203.5,0.0,963.4,630.0,28,41.684340008
356.0,0.0,142.0,193.0,11.0,801.0,778.0,28,40.86524252
212.0,141.3,0.0,203.5,0.0,973.4,750.0,28,33.003837168
325.0,0.0,0.0,184.0,0.0,1063.0,783.0,28,30.57136584
173.54,50.05,173.53,164.77,6.47,1006.2,793.5,14,33.00521612
300.0,0.0,120.0,212.0,10.0,878.0,728.0,28,23.83518532
300.0,0.0,0.0,184.0,0.0,1075.0,795.0,7,15.57526284
173.81,93.37,159.9,172.34,9.73,1007.2,746.6,100,50.93848688
425.0,106.3,0.0,153.5,16.5,852.1,887.1,91,65.19685056
218.85,0.0,124.13,158.49,11.33,1078.7,794.91,28,30.21973308
382.0,0.0,0.0,185.0,0.0,1047.0,739.0,28,37.42475728
134.7,0.0,165.7,180.2,10.0,961.0,804.9,28,13.293786756
155.0,0.0,143.0,193.0,9.0,877.0,868.0,28,9.73540112
439.0,177.0,0.0,186.0,11.1,884.9,707.9,7,56.09576736
156.0,178.0,187.0,221.0,7.0,854.0,614.0,28,29.41304616
475.0,118.8,0.0,181.1,8.9,852.1,781.5,7,55.59934464
255.0,0.0,0.0,192.0,0.0,889.8,945.0,90,21.859147104
153.0,145.0,0.0,178.0,8.0,1000.0,822.0,28,19.00885332
290.35,0.0,96.18,168.08,9.41,961.18,865.0,100,48.97348028
500.0,0.0,0.0,200.0,0.0,1125.0,613.0,28,44.0919902
212.0,0.0,124.78,159.0,7.84,1085.4,799.54,28,38.50033984
381.4,0.0,0.0,185.7,0.0,1104.6,784.3,7,14.54104884
213.5,0.0,174.24,154.61,11.66,1052.3,775.48,28,45.93978588
236.0,0.0,0.0,193.0,0.0,968.0,885.0,365,25.08313688
192.0,288.0,0.0,192.0,0.0,929.8,716.1,7,21.48062478
309.9,142.8,111.2,167.8,22.1,913.9,651.2,28,38.215586252
212.57,0.0,100.39,159.35,10.37,1003.8,903.79,3,13.33446584
516.0,0.0,0.0,162.0,8.2,801.0,802.0,28,41.36856
333.0,17.5,163.0,167.0,17.9,996.0,652.0,28,47.27736932
475.0,0.0,0.0,228.0,0.0,932.0,594.0,270,42.131120456
446.0,24.0,79.0,162.0,11.64,967.0,712.0,56,56.14403068
375.0,93.8,0.0,126.6,23.4,852.1,992.6,28,56.69561148
190.0,190.0,0.0,228.0,0.0,932.0,670.0,28,40.856968808
318.8,212.5,0.0,155.7,14.3,852.1,880.4,56,66.10006412
439.0,177.0,0.0,186.0,11.1,884.9,707.9,28,65.99664272
310.0,0.0,0.0,192.0,0.0,970.0,850.0,28,27.923778
181.38,0.0,167.01,169.59,7.56,1055.6,777.8,14,21.60128308
491.0,26.0,123.0,201.0,3.93,822.0,699.0,7,37.92118
236.9,91.7,71.5,246.9,6.0,852.9,695.4,28,28.629801424
238.1,0.0,0.0,185.7,0.0,1118.8,789.3,7,10.335934716
231.75,0.0,121.62,173.96,6.72,1056.4,778.45,28,33.72916592
251.37,0.0,118.27,188.45,5.75,1028.4,757.73,3,17.22311048
362.6,189.0,0.0,164.9,11.6,944.7,755.8,7,55.89581932
520.0,0.0,0.0,175.0,5.2,870.0,805.0,28,51.021224
159.0,187.0,0.0,176.0,11.0,990.0,789.0,28,32.763899519999995
475.0,118.8,0.0,181.1,8.9,852.1,781.5,3,37.79707432
250.0,0.0,95.69,187.42,5.53,956.86,861.17,28,29.21999288
139.6,209.4,0.0,192.0,0.0,1047.0,806.9,180,44.207822168
339.0,0.0,0.0,197.0,0.0,968.0,781.0,90,35.17017076
167.35,129.9,128.62,175.46,7.79,1006.3,746.6,3,14.94094492
331.0,0.0,0.0,192.0,0.0,1025.0,821.0,90,37.91428524
166.09,0.0,163.27,176.46,4.49,1058.6,780.09,3,10.76272036
167.0,75.4,167.0,164.03,7.91,1007.3,770.1,3,15.52010476
108.3,162.4,0.0,203.5,0.0,938.2,849.0,3,2.331807832
480.0,0.0,0.0,192.0,0.0,936.2,712.2,90,54.315540328
272.6,0.0,89.6,198.7,10.6,931.3,762.2,28,32.245413568000004
295.71,0.0,95.64,171.54,8.87,955.14,859.2,28,39.94134468
401.8,94.7,0.0,147.4,11.4,946.8,852.1,91,75.49762199999999
252.0,0.0,0.0,185.0,0.0,1111.0,784.0,28,19.69143456
251.37,0.0,118.27,192.94,5.75,1043.6,754.3,3,11.98309288
222.36,0.0,96.67,189.29,4.46,967.08,870.32,100,40.7135578
146.0,230.0,0.0,202.0,3.0,827.0,872.0,28,33.0603742
250.0,0.0,0.0,182.0,0.0,1100.0,820.0,7,12.73462172
305.3,203.5,0.0,203.5,0.0,965.4,631.0,28,43.377003588
323.7,282.8,0.0,183.8,10.3,942.7,659.9,7,49.80085148
229.68,0.0,118.16,195.23,6.13,1028.1,757.63,3,13.35515012
326.0,166.0,0.0,174.0,9.0,882.0,790.0,28,61.23236356
389.9,189.0,0.0,145.9,22.0,944.7,755.8,91,82.5992248
339.0,0.0,0.0,197.0,0.0,968.0,781.0,28,32.03994972
427.5,47.5,0.0,228.0,0.0,932.0,594.0,90,41.542997428
389.9,189.0,0.0,145.9,22.0,944.7,755.8,56,79.40005615999999
272.8,181.9,0.0,185.7,0.0,1012.4,714.3,28,31.38150014
218.85,0.0,124.13,158.49,11.33,1078.7,794.91,56,37.2661778
280.0,129.0,100.0,172.0,9.0,825.0,805.0,28,52.82075636
359.0,19.0,141.0,154.0,10.91,942.0,801.0,7,35.75425543054136
323.7,282.8,0.0,183.8,10.3,942.7,659.9,28,74.69782984
157.0,236.0,0.0,192.0,0.0,935.4,781.2,28,33.664355176
153.0,145.0,113.0,178.0,8.0,1002.0,689.0,28,25.55887532
139.7,163.9,127.7,236.7,5.8,868.6,655.6,28,35.22532884
213.76,98.06,24.52,181.74,6.65,1066.0,785.52,28,40.2309246
310.0,0.0,0.0,192.0,0.0,1012.0,830.0,120,38.70028788
350.0,0.0,0.0,203.0,0.0,974.0,775.0,90,31.35047372
143.0,169.4,142.7,190.7,8.4,967.4,643.5,28,29.726068263999995
317.9,0.0,126.5,209.7,5.7,860.5,736.6,28,40.06200298
212.07,0.0,121.62,180.31,5.69,1057.6,779.32,14,20.91870184
310.0,0.0,0.0,192.0,0.0,1012.0,830.0,7,17.24379476
261.0,100.0,78.0,201.0,9.0,864.0,761.0,28,32.39847724
339.0,0.0,0.0,197.0,0.0,968.0,781.0,14,27.04124872
165.0,0.02,143.57,163.81,0.0,1005.6,900.9,14,16.87837248
231.75,0.0,121.62,173.96,6.72,1056.4,778.45,56,42.69924868
145.0,0.0,134.0,181.0,11.0,979.0,812.0,28,13.19657064
289.0,134.0,0.0,195.0,6.0,924.0,760.0,28,46.24315532
190.34,0.0,125.18,166.61,9.88,1079.0,798.9,56,31.715896
446.0,24.0,79.0,162.0,11.64,967.0,712.0,56,55.25460664
323.7,282.8,0.0,183.8,10.3,942.7,659.9,56,80.19984832
288.0,192.0,0.0,192.0,0.0,932.0,717.8,7,23.523542168
425.0,106.3,0.0,153.5,16.5,852.1,887.1,28,60.2946762
321.0,0.0,128.0,182.0,11.0,870.0,780.0,28,37.25928304
165.0,0.02,143.57,163.81,0.0,1005.6,900.9,100,37.9556538
162.0,190.0,148.0,179.0,19.0,838.0,741.0,28,33.75674496
150.7,0.0,185.3,166.7,15.6,1074.5,678.0,28,13.461329424
198.6,132.4,0.0,192.0,0.0,978.4,825.5,7,14.638264956
323.7,282.8,0.0,183.8,10.3,942.7,659.9,3,28.29609504
144.0,15.0,195.0,176.0,6.0,1021.0,709.0,28,15.340841
172.38,13.61,172.37,156.76,4.14,1006.3,856.4,100,37.6798634
389.9,189.0,0.0,145.9,22.0,944.7,755.8,3,40.59634688
172.38,13.61,172.37,156.76,4.14,1006.3,856.4,3,21.29101888
318.8,212.5,0.0,155.7,14.3,852.1,880.4,91,68.09954452
387.0,20.0,94.0,157.0,13.93,938.0,845.0,28,46.68441996
143.8,136.3,106.2,178.1,7.5,941.5,774.3,28,26.147687824
375.0,0.0,0.0,186.0,0.0,1038.0,758.0,7,26.0621928
277.19,97.82,24.46,160.7,11.19,1061.7,782.46,56,66.82401392
500.0,0.0,0.0,200.0,0.0,1125.0,613.0,14,36.93522932
252.0,0.0,0.0,186.0,0.0,1111.0,784.0,7,11.46598588
167.95,42.08,163.83,121.75,5.72,1058.7,780.11,14,17.8229546
167.0,187.0,195.0,185.0,7.0,898.0,636.0,28,23.8903434
261.9,110.5,86.1,195.4,5.0,895.2,732.6,28,33.71882378
213.5,0.0,174.24,154.61,11.66,1052.3,775.48,14,33.70158688
380.0,95.0,0.0,228.0,0.0,932.0,594.0,90,40.563252032
254.0,0.0,0.0,198.0,0.0,968.0,863.0,90,26.94472208
298.0,0.0,107.0,164.0,13.0,953.0,784.0,28,35.85964676
