months_as_member,weight,days_before,day_of_week,time,category,__target__
15,65.47,6,6.0,0.0,3.0,1
18,77.85,8,4.0,0.0,4.0,1
13,67.26,10,0.0,0.0,2.0,0
7,86.7,12,2.0,0.0,3.0,0
5,135.18,8,4.0,0.0,3.0,0
12,68.82,2,1.0,0.0,3.0,0
27,74.64,10,0.0,0.0,5.0,1
10,75.19,10,0.0,0.0,5.0,0
8,83.73,10,0.0,0.0,5.0,0
20,78.7,12,2.0,0.0,2.0,1
23,82.96,8,4.0,0.0,4.0,1
11,87.37,3,1.0,1.0,3.0,0
8,93.09,14,3.0,0.0,2.0,0
6,81.43,5,6.0,1.0,3.0,0
17,74.57,3,1.0,0.0,2.0,0
7,82.26,3,1.0,1.0,4.0,0
8,87.76,2,1.0,1.0,3.0,0
23,85.39,4,5.0,0.0,2.0,1
6,91.61,12,0.0,1.0,2.0,0
19,69.65,2,1.0,0.0,5.0,0
59,72.38,7,6.0,1.0,2.0,1
15,80.28,14,3.0,0.0,3.0,0
30,69.49,1,1.0,1.0,3.0,1
22,74.2,9,4.0,1.0,2.0,1
19,81.53,8,4.0,0.0,3.0,1
18,70.39,12,2.0,0.0,3.0,1
17,67.91,12,2.0,0.0,4.0,0
14,80.12,2,1.0,0.0,4.0,1
13,98.4,6,6.0,1.0,3.0,0
7,78.27,8,4.0,1.0,4.0,0
36,66.3,10,0.0,0.0,3.0,1
21,64.96,14,3.0,0.0,3.0,1
24,63.79,11,0.0,0.0,5.0,0
8,71.45,7,6.0,1.0,2.0,0
27,68.72,12,2.0,0.0,4.0,1
7,97.55,13,6.0,1.0,2.0,0
41,73.23,14,3.0,0.0,5.0,1
13,92.71,8,4.0,0.0,2.0,0
16,79.54,11,0.0,0.0,1.0,1
5,94.7,6,6.0,0.0,3.0,0
18,74.09,13,3.0,1.0,2.0,1
17,69.39,13,2.0,0.0,5.0,0
4,80.76,14,3.0,0.0,2.0,1
4,80.76,7,4.0,1.0,2.0,0
19,76.36,10,0.0,0.0,4.0,0
6,93.79,12,2.0,0.0,4.0,0
4,88.17,2,1.0,0.0,2.0,0
7,80.65,12,2.0,0.0,3.0,0
17,101.27,2,1.0,0.0,3.0,0
8,118.88,6,6.0,0.0,2.0,0
4,117.81,2,1.0,0.0,5.0,0
7,89.32,10,0.0,0.0,3.0,0
9,75.12,1,1.0,1.0,3.0,0
14,88.48,8,4.0,1.0,2.0,0
17,81.36,7,4.0,1.0,3.0,1
50,71.86,11,2.0,1.0,3.0,1
18,79.57,2,1.0,0.0,4.0,0
5,96.85,10,0.0,0.0,5.0,0
11,83.92,10,0.0,0.0,2.0,0
19,82.38,3,5.0,1.0,4.0,0
19,75.78,3,5.0,1.0,2.0,0
14,82.03,2,1.0,0.0,4.0,1
48,82.1,10,0.0,0.0,3.0,1
8,72.63,14,3.0,1.0,4.0,1
14,75.69,5,5.0,1.0,4.0,0
17,68.3,8,4.0,1.0,2.0,1
13,78.52,13,2.0,0.0,4.0,0
20,90.68,10,0.0,0.0,2.0,0
4,97.16,4,5.0,1.0,3.0,0
52,69.34,10,0.0,0.0,3.0,1
36,74.73,10,0.0,0.0,3.0,1
22,73.15,2,1.0,0.0,2.0,1
11,76.97,2,1.0,0.0,2.0,0
22,71.87,4,5.0,0.0,3.0,1
6,88.74,4,5.0,0.0,3.0,0
12,92.52,8,4.0,0.0,4.0,0
18,79.35,8,4.0,0.0,2.0,0
20,71.28,4,5.0,0.0,2.0,0
17,82.26,13,3.0,1.0,3.0,0
11,80.76,5,6.0,1.0,2.0,0
5,102.23,8,4.0,0.0,2.0,0
27,98.91,12,2.0,0.0,5.0,1
10,77.81,5,5.0,1.0,2.0,1
12,77.72,10,0.0,0.0,3.0,0
17,72.14,12,2.0,0.0,5.0,1
20,76.07,4,5.0,0.0,3.0,0
13,71.74,14,3.0,1.0,5.0,0
9,78.28,6,6.0,1.0,4.0,0
8,90.22,8,4.0,0.0,4.0,0
12,89.71,4,5.0,0.0,4.0,1
15,70.98,6,6.0,0.0,5.0,0
12,77.03,10,0.0,0.0,3.0,0
26,74.57,2,1.0,0.0,3.0,1
16,87.64,6,6.0,1.0,3.0,0
15,88.37,14,3.0,0.0,3.0,0
18,93.91,10,0.0,0.0,2.0,1
11,78.77,4,5.0,1.0,3.0,0
15,71.99,10,0.0,0.0,3.0,0
9,83.06,10,0.0,0.0,2.0,0
6,100.82,14,3.0,0.0,2.0,0
24,76.25,14,3.0,0.0,4.0,1
27,77.96,10,0.0,0.0,2.0,0
29,68.39,14,3.0,0.0,4.0,1
25,71.24,4,5.0,1.0,4.0,0
7,77.92,8,4.0,0.0,2.0,0
6,108.2,8,6.0,1.0,4.0,0
16,67.53,8,4.0,0.0,5.0,0
6,72.05,2,1.0,0.0,3.0,0
12,91.74,10,0.0,0.0,4.0,0
4,89.51,4,5.0,0.0,2.0,0
10,91.73,8,4.0,0.0,4.0,0
12,106.37,6,6.0,0.0,2.0,0
25,74.67,2,1.0,0.0,3.0,0
10,81.69,8,4.0,0.0,3.0,0
76,58.68,15,3.0,1.0,3.0,1
21,83.6,10,0.0,0.0,2.0,1
22,63.16,2,1.0,0.0,4.0,1
30,78.41,12,2.0,0.0,3.0,1
27,83.32,8,4.0,0.0,5.0,1
11,106.15,10,0.0,0.0,2.0,1
22,67.24,12,2.0,0.0,2.0,0
11,87.24,8,4.0,0.0,3.0,1
4,88.08,10,0.0,0.0,4.0,0
9,73.89,12,2.0,0.0,2.0,0
21,73.99,10,0.0,0.0,5.0,1
10,76.58,8,4.0,0.0,5.0,0
12,89.8,10,0.0,0.0,1.0,0
7,82.96,2,1.0,0.0,3.0,0
11,76.82,4,5.0,1.0,3.0,0
5,95.52,10,0.0,0.0,3.0,1
23,88.97,10,0.0,0.0,2.0,0
14,69.0,14,3.0,0.0,2.0,1
14,95.6,14,3.0,0.0,3.0,1
6,105.12,2,1.0,0.0,5.0,0
6,88.92,14,3.0,0.0,3.0,0
9,82.42,14,3.0,0.0,3.0,1
4,89.38,11,0.0,0.0,4.0,0
11,79.68,10,0.0,0.0,3.0,0
9,76.1,4,5.0,0.0,3.0,0
20,70.41,8,4.0,0.0,1.0,0
10,74.58,12,2.0,0.0,2.0,0
13,77.83,2,1.0,0.0,1.0,0
26,71.87,10,0.0,0.0,4.0,1
29,68.31,2,1.0,0.0,5.0,1
12,81.96,2,1.0,1.0,2.0,0
6,85.35,2,1.0,0.0,4.0,0
23,74.51,14,3.0,0.0,5.0,1
9,100.57,8,4.0,1.0,2.0,0
14,84.25,8,4.0,0.0,4.0,1
15,85.42,12,2.0,0.0,4.0,0
5,89.07,6,6.0,0.0,2.0,0
27,91.63,2,1.0,0.0,2.0,0
31,64.05,10,4.0,1.0,4.0,0
13,94.71,14,3.0,0.0,3.0,0
6,100.43,10,4.0,1.0,1.0,0
19,80.26,12,2.0,0.0,3.0,0
9,94.24,6,6.0,0.0,4.0,0
32,84.76,2,1.0,0.0,2.0,0
7,81.54,10,4.0,1.0,2.0,0
9,112.15,10,0.0,0.0,3.0,0
6,101.7,5,5.0,1.0,1.0,0
20,83.41,14,3.0,0.0,2.0,1
14,70.03,2,1.0,0.0,2.0,0
48,66.51,8,4.0,0.0,1.0,1
7,84.72,12,2.0,0.0,4.0,0
8,71.49,10,0.0,0.0,3.0,0
7,77.8,10,0.0,0.0,1.0,0
11,98.58,14,3.0,1.0,1.0,0
14,79.27,11,0.0,0.0,2.0,0
14,77.98,7,6.0,1.0,4.0,0
34,68.83,10,0.0,0.0,5.0,1
30,65.6,9,0.0,1.0,2.0,0
9,73.42,12,2.0,0.0,3.0,0
10,82.74,14,3.0,0.0,2.0,1
28,70.77,12,2.0,0.0,3.0,1
9,75.63,12,2.0,0.0,3.0,0
9,75.46,14,3.0,0.0,5.0,0
14,69.48,10,0.0,0.0,3.0,0
14,80.76,1,1.0,1.0,1.0,0
7,94.0,10,0.0,0.0,3.0,0
7,82.81,16,3.0,1.0,3.0,0
26,103.79,13,2.0,1.0,3.0,1
15,104.16,11,0.0,0.0,3.0,0
1,88.75,4,5.0,0.0,2.0,0
14,82.93,10,0.0,0.0,3.0,1
25,79.99,4,5.0,0.0,2.0,1
11,94.38,4,5.0,1.0,3.0,0
13,83.43,2,1.0,0.0,2.0,1
11,70.23,14,3.0,0.0,4.0,0
19,67.27,6,6.0,1.0,3.0,1
11,85.85,12,4.0,1.0,2.0,0
13,73.16,6,6.0,1.0,3.0,1
24,64.51,14,3.0,0.0,3.0,1
6,82.63,12,2.0,0.0,3.0,0
32,67.75,2,1.0,0.0,3.0,0
12,65.51,4,5.0,0.0,3.0,0
27,62.32,8,4.0,1.0,3.0,1
13,81.01,6,6.0,1.0,4.0,1
7,79.14,14,3.0,0.0,3.0,0
10,99.92,10,0.0,0.0,4.0,0
57,68.87,9,4.0,1.0,3.0,1
19,61.77,10,0.0,0.0,3.0,1
10,69.85,2,1.0,0.0,2.0,0
21,71.45,2,1.0,0.0,3.0,0
13,73.16,10,0.0,0.0,4.0,0
33,73.91,14,3.0,0.0,2.0,1
17,89.54,12,2.0,0.0,3.0,0
19,79.35,12,2.0,0.0,4.0,0
18,81.2,12,2.0,0.0,2.0,1
5,112.43,3,5.0,1.0,3.0,0
10,100.44,8,4.0,0.0,1.0,0
6,72.65,14,3.0,0.0,2.0,0
39,74.52,6,6.0,1.0,4.0,1
8,78.23,4,5.0,1.0,3.0,0
16,82.66,10,0.0,0.0,1.0,0
27,76.99,12,2.0,0.0,2.0,1
25,79.19,2,1.0,0.0,3.0,1
5,122.36,10,0.0,0.0,5.0,0
5,85.07,10,0.0,0.0,3.0,0
8,98.92,10,0.0,0.0,1.0,0
93,64.42,12,2.0,0.0,4.0,1
7,90.71,15,3.0,1.0,1.0,1
15,76.65,8,4.0,1.0,3.0,0
13,89.18,4,5.0,0.0,3.0,0
13,72.34,12,2.0,0.0,3.0,0
12,79.07,10,0.0,0.0,3.0,1
8,79.96,4,5.0,0.0,3.0,1
3,100.9,10,0.0,0.0,3.0,0
8,101.45,12,2.0,0.0,2.0,0
8,85.33,14,3.0,0.0,4.0,0
13,82.63,10,0.0,0.0,3.0,1
7,90.6,12,2.0,0.0,0.0,0
36,72.07,12,2.0,0.0,2.0,1
9,106.16,6,5.0,1.0,2.0,0
6,98.25,4,5.0,0.0,2.0,0
66,74.76,12,2.0,0.0,4.0,1
19,63.11,8,4.0,0.0,5.0,0
5,105.72,10,0.0,1.0,5.0,0
16,87.83,10,0.0,0.0,3.0,0
12,82.28,8,4.0,0.0,3.0,0
50,68.92,2,1.0,0.0,2.0,1
10,83.46,10,0.0,0.0,4.0,0
15,88.18,2,1.0,0.0,3.0,0
4,113.86,4,5.0,0.0,3.0,0
41,69.26,4,5.0,0.0,3.0,1
7,95.71,13,3.0,1.0,3.0,0
11,70.18,8,4.0,0.0,3.0,0
12,83.52,10,0.0,0.0,5.0,0
13,71.23,14,3.0,1.0,5.0,0
11,78.02,10,0.0,0.0,4.0,0
30,66.57,10,0.0,0.0,2.0,1
3,97.88,4,5.0,0.0,1.0,0
16,81.9,9,4.0,0.0,3.0,1
5,89.14,13,3.0,1.0,4.0,0
6,99.08,2,1.0,0.0,2.0,0
12,78.93,6,6.0,0.0,4.0,0
14,72.91,12,2.0,0.0,5.0,1
15,100.25,4,5.0,0.0,2.0,0
5,92.58,4,5.0,0.0,5.0,0
12,71.94,12,2.0,0.0,3.0,1
15,72.18,4,5.0,0.0,3.0,0
17,76.61,13,2.0,0.0,2.0,1
9,86.65,4,5.0,1.0,4.0,1
14,68.83,6,6.0,1.0,3.0,0
17,70.46,10,0.0,0.0,3.0,1
10,87.59,10,0.0,0.0,3.0,1
61,73.69,10,0.0,0.0,3.0,1
35,72.7,10,0.0,0.0,2.0,1
12,113.45,12,2.0,0.0,2.0,0
7,90.83,10,0.0,0.0,2.0,0
18,78.63,7,6.0,1.0,2.0,0
19,72.23,10,0.0,0.0,5.0,0
9,88.49,12,2.0,0.0,3.0,1
7,85.46,9,6.0,1.0,3.0,0
8,68.34,12,2.0,1.0,1.0,0
41,71.94,12,2.0,0.0,3.0,1
38,77.69,9,4.0,1.0,3.0,0
13,66.53,4,5.0,0.0,5.0,0
14,85.02,4,5.0,1.0,2.0,0
9,80.63,12,2.0,0.0,3.0,0
12,74.04,4,5.0,1.0,0.0,0
10,99.68,14,3.0,0.0,2.0,0
17,91.63,10,0.0,0.0,5.0,1
5,103.17,12,2.0,0.0,0.0,0
8,85.12,6,6.0,0.0,3.0,1
6,100.13,4,5.0,0.0,3.0,0
15,79.02,12,2.0,0.0,4.0,0
13,83.47,6,6.0,0.0,5.0,0
11,85.79,8,4.0,1.0,5.0,0
9,71.88,14,3.0,0.0,2.0,0
13,93.42,8,4.0,0.0,3.0,1
4,80.76,8,4.0,1.0,3.0,1
34,64.52,14,3.0,0.0,5.0,1
4,104.25,8,4.0,0.0,4.0,0
8,88.98,2,1.0,1.0,2.0,0
14,85.6,8,4.0,1.0,3.0,1
22,73.51,14,3.0,0.0,3.0,1
5,82.14,4,5.0,0.0,3.0,0
25,72.89,15,3.0,1.0,3.0,1
11,88.68,2,1.0,1.0,3.0,0
6,79.07,4,5.0,0.0,3.0,0
28,72.4,4,5.0,0.0,4.0,0
9,80.46,8,4.0,0.0,3.0,0
8,86.34,10,0.0,0.0,3.0,0
6,111.16,10,0.0,0.0,2.0,0
5,88.39,14,3.0,0.0,4.0,0
15,77.79,4,5.0,0.0,5.0,0
16,77.38,14,3.0,0.0,3.0,1
15,80.04,15,3.0,0.0,3.0,1
19,70.68,4,5.0,1.0,2.0,0
11,88.32,6,6.0,1.0,3.0,0
27,65.59,10,0.0,0.0,4.0,1
15,66.77,4,5.0,0.0,4.0,0
17,92.08,8,4.0,0.0,3.0,0
14,69.0,8,4.0,0.0,2.0,1
39,61.42,4,5.0,0.0,4.0,1
3,170.52,14,3.0,0.0,5.0,0
14,74.33,6,6.0,0.0,3.0,0
7,105.2,14,3.0,1.0,3.0,0
12,72.15,10,0.0,0.0,1.0,1
5,110.25,2,1.0,0.0,3.0,0
5,110.29,16,3.0,1.0,3.0,0
13,78.87,8,4.0,0.0,5.0,1
7,84.64,9,4.0,1.0,3.0,0
4,102.92,12,2.0,0.0,3.0,0
6,83.66,4,5.0,0.0,2.0,1
17,86.53,7,4.0,1.0,2.0,0
5,99.41,2,1.0,0.0,3.0,0
12,78.05,2,1.0,0.0,1.0,0
13,80.77,12,2.0,0.0,2.0,1
12,79.13,2,1.0,0.0,3.0,0
7,100.89,8,4.0,0.0,5.0,1
21,79.51,10,0.0,0.0,3.0,0
7,81.92,2,1.0,0.0,4.0,0
7,81.38,10,0.0,0.0,2.0,0
4,116.17,14,3.0,0.0,3.0,0
17,74.87,2,1.0,0.0,3.0,1
12,79.79,2,1.0,0.0,3.0,0
9,84.72,10,0.0,0.0,5.0,1
8,86.4,2,1.0,0.0,2.0,0
25,80.15,10,0.0,0.0,2.0,0
21,73.59,4,5.0,0.0,3.0,1
6,95.25,12,2.0,0.0,3.0,0
22,73.89,4,5.0,0.0,3.0,0
65,60.62,12,2.0,0.0,3.0,1
9,90.76,12,2.0,1.0,3.0,0
89,73.41,8,4.0,0.0,3.0,1
8,91.17,12,4.0,1.0,5.0,0
10,97.99,10,0.0,0.0,4.0,0
16,74.33,10,0.0,0.0,3.0,1
8,84.87,2,1.0,0.0,4.0,0
43,63.19,8,4.0,0.0,3.0,1
19,98.71,14,3.0,0.0,3.0,0
43,75.68,7,5.0,1.0,4.0,0
8,94.26,10,0.0,0.0,5.0,0
18,78.39,14,3.0,0.0,5.0,1
3,86.95,14,3.0,0.0,3.0,0
17,68.55,8,4.0,0.0,3.0,1
20,76.53,6,6.0,0.0,2.0,1
13,78.59,2,1.0,0.0,4.0,1
24,79.64,5,5.0,1.0,3.0,1
10,75.63,4,5.0,1.0,4.0,0
12,80.08,10,0.0,0.0,3.0,1
3,90.34,10,0.0,0.0,3.0,0
3,88.66,8,4.0,0.0,3.0,0
11,87.13,14,3.0,0.0,3.0,0
25,70.8,13,2.0,1.0,3.0,1
4,102.47,8,4.0,0.0,4.0,0
10,81.56,14,3.0,0.0,4.0,0
22,78.16,12,2.0,1.0,3.0,1
60,68.02,12,2.0,0.0,2.0,1
30,64.29,12,2.0,0.0,4.0,1
5,89.44,4,5.0,0.0,5.0,0
8,105.3,2,1.0,0.0,3.0,0
21,84.98,2,1.0,0.0,3.0,0
7,80.18,8,4.0,0.0,4.0,0
17,80.4,14,3.0,1.0,2.0,1
21,95.85,8,4.0,0.0,3.0,1
20,63.74,2,1.0,0.0,2.0,1
8,82.63,12,2.0,0.0,3.0,0
4,107.11,10,0.0,0.0,2.0,0
12,81.62,10,0.0,0.0,3.0,0
3,92.28,14,3.0,0.0,3.0,0
11,66.38,15,3.0,0.0,5.0,0
28,64.23,4,5.0,0.0,4.0,0
7,87.52,6,6.0,1.0,4.0,0
19,63.45,2,1.0,0.0,4.0,1
6,94.48,1,1.0,1.0,3.0,1
8,75.14,2,1.0,0.0,3.0,0
8,84.78,12,2.0,0.0,4.0,0
8,77.18,12,2.0,0.0,3.0,0
4,96.79,8,4.0,1.0,3.0,0
15,73.72,12,2.0,0.0,2.0,0
9,107.75,10,4.0,1.0,3.0,0
7,104.79,10,0.0,0.0,3.0,0
22,92.92,2,1.0,0.0,1.0,1
7,89.94,8,4.0,0.0,3.0,0
25,68.49,8,4.0,0.0,3.0,1
22,70.97,10,0.0,0.0,0.0,0
21,68.06,10,0.0,0.0,2.0,1
26,84.52,12,2.0,0.0,5.0,1
15,96.49,14,3.0,0.0,5.0,0
22,68.29,12,2.0,0.0,3.0,1
11,136.02,2,1.0,0.0,3.0,0
13,74.59,3,5.0,1.0,2.0,1
41,73.9,8,4.0,0.0,3.0,0
17,67.71,8,4.0,0.0,2.0,0
6,87.32,14,3.0,1.0,3.0,0
53,61.1,10,0.0,0.0,3.0,1
14,86.97,10,0.0,0.0,4.0,0
8,79.06,11,2.0,1.0,4.0,0
13,95.72,4,5.0,0.0,3.0,1
24,72.74,10,0.0,0.0,2.0,1
14,69.35,20,3.0,1.0,3.0,1
6,101.59,4,5.0,1.0,2.0,0
25,87.35,15,3.0,1.0,2.0,1
9,73.07,8,4.0,0.0,3.0,0
5,84.07,2,1.0,0.0,3.0,0
29,68.63,8,4.0,1.0,3.0,1
5,86.21,3,1.0,0.0,3.0,0
4,103.25,14,3.0,0.0,3.0,0
12,73.33,2,1.0,0.0,2.0,0
20,78.1,12,2.0,0.0,5.0,1
12,75.1,14,3.0,0.0,2.0,1
11,85.33,4,5.0,0.0,2.0,0
22,72.47,2,1.0,0.0,3.0,1
5,84.93,8,4.0,0.0,2.0,0
12,92.47,6,5.0,1.0,4.0,0
24,67.71,12,2.0,0.0,2.0,1
13,73.52,14,3.0,0.0,4.0,1
4,78.62,12,2.0,0.0,3.0,0
15,75.7,2,1.0,0.0,2.0,0
11,69.73,14,3.0,1.0,2.0,0
5,114.17,2,1.0,0.0,4.0,0
6,74.58,2,1.0,0.0,4.0,0
20,83.84,8,4.0,0.0,2.0,1
17,90.19,12,2.0,1.0,3.0,0
38,69.36,4,5.0,0.0,4.0,0
6,111.44,10,0.0,0.0,1.0,0
17,72.1,7,4.0,1.0,3.0,0
19,84.1,3,1.0,0.0,3.0,0
19,62.4,10,0.0,0.0,3.0,1
10,93.92,11,2.0,1.0,5.0,0
23,66.3,10,0.0,0.0,2.0,1
42,59.97,10,0.0,0.0,5.0,1
12,60.28,2,1.0,0.0,4.0,1
19,72.1,5,5.0,1.0,2.0,0
8,78.59,3,5.0,1.0,3.0,0
5,107.06,10,0.0,0.0,5.0,0
34,68.64,14,3.0,0.0,1.0,0
66,61.01,5,5.0,0.0,1.0,1
5,94.55,3,5.0,1.0,4.0,0
12,80.28,14,3.0,0.0,2.0,0
17,80.49,4,5.0,1.0,2.0,0
16,65.81,5,6.0,1.0,1.0,0
15,101.58,8,4.0,0.0,3.0,0
51,74.81,10,0.0,0.0,0.0,1
44,67.44,6,6.0,0.0,5.0,1
13,73.22,4,5.0,0.0,2.0,0
24,62.76,7,6.0,1.0,3.0,0
12,80.07,10,0.0,0.0,4.0,0
14,88.33,12,2.0,0.0,3.0,0
6,87.32,4,5.0,1.0,3.0,0
14,79.4,10,0.0,0.0,2.0,0
26,63.81,12,2.0,0.0,4.0,1
33,65.27,14,3.0,0.0,4.0,0
12,65.59,4,5.0,0.0,4.0,0
27,66.27,14,3.0,0.0,5.0,1
11,80.76,9,4.0,0.0,3.0,0
8,94.46,10,0.0,0.0,2.0,0
8,104.33,14,3.0,0.0,3.0,0
18,75.51,2,1.0,0.0,3.0,0
15,71.06,2,1.0,0.0,5.0,1
14,83.35,8,4.0,0.0,3.0,0
9,81.55,8,4.0,1.0,2.0,0
20,85.93,14,3.0,0.0,3.0,0
4,93.8,14,3.0,0.0,4.0,0
24,80.01,2,1.0,0.0,3.0,1
14,86.68,2,1.0,0.0,3.0,0
6,72.56,2,1.0,1.0,3.0,0
16,84.24,10,0.0,0.0,2.0,1
19,71.64,10,0.0,0.0,3.0,1
9,95.9,10,0.0,0.0,3.0,0
25,85.75,10,0.0,0.0,1.0,1
8,92.16,2,1.0,0.0,3.0,0
22,74.67,7,4.0,1.0,2.0,0
7,83.26,3,5.0,1.0,2.0,0
20,81.84,10,0.0,0.0,3.0,0
6,95.1,4,5.0,0.0,3.0,0
6,93.61,10,0.0,0.0,3.0,0
16,79.57,8,4.0,0.0,2.0,0
8,72.67,2,1.0,0.0,3.0,0
14,87.9,12,2.0,0.0,2.0,0
3,95.75,12,2.0,0.0,4.0,0
19,83.51,4,5.0,0.0,4.0,1
14,78.42,6,6.0,1.0,3.0,0
21,82.87,9,4.0,0.0,2.0,1
11,70.91,4,5.0,1.0,1.0,0
9,74.85,2,1.0,0.0,3.0,0
34,72.59,15,3.0,1.0,3.0,1
5,99.3,8,4.0,0.0,3.0,0
13,87.37,10,0.0,0.0,2.0,0
40,71.78,10,0.0,0.0,5.0,1
7,81.69,12,2.0,0.0,2.0,1
33,83.91,15,3.0,0.0,3.0,1
3,80.49,10,0.0,0.0,4.0,0
3,112.22,12,2.0,0.0,3.0,0
11,92.82,8,4.0,1.0,3.0,0
6,96.07,8,4.0,0.0,4.0,0
36,67.08,14,3.0,0.0,2.0,0
9,98.34,14,3.0,0.0,3.0,0
5,100.69,8,4.0,0.0,3.0,1
10,79.31,11,0.0,0.0,4.0,0
9,84.67,14,3.0,0.0,3.0,0
3,127.59,8,4.0,0.0,2.0,0
36,77.6,1,1.0,1.0,2.0,1
12,69.33,4,5.0,0.0,4.0,0
8,89.72,10,0.0,0.0,2.0,0
31,79.68,14,3.0,0.0,1.0,0
4,81.9,4,5.0,0.0,3.0,0
12,84.13,29,3.0,1.0,4.0,0
5,72.36,11,4.0,1.0,2.0,0
15,88.75,14,3.0,0.0,1.0,0
20,67.33,10,0.0,0.0,3.0,1
10,70.79,6,6.0,1.0,2.0,0
9,80.3,15,3.0,1.0,5.0,0
20,78.86,10,0.0,0.0,2.0,1
9,82.14,10,4.0,1.0,3.0,0
11,84.37,2,1.0,0.0,1.0,1
45,73.82,4,5.0,0.0,3.0,1
13,87.91,10,0.0,0.0,3.0,0
14,68.96,14,3.0,0.0,1.0,0
11,87.59,2,1.0,0.0,4.0,0
6,85.07,6,6.0,1.0,2.0,0
6,93.9,5,5.0,1.0,3.0,0
32,69.71,10,4.0,1.0,4.0,1
9,102.31,14,3.0,0.0,2.0,1
15,74.44,12,2.0,0.0,4.0,0
14,75.73,8,1.0,1.0,3.0,0
9,91.17,7,6.0,1.0,2.0,0
22,80.91,10,0.0,0.0,2.0,0
20,78.85,5,6.0,1.0,3.0,1
38,72.88,1,1.0,1.0,3.0,0
18,91.96,4,5.0,0.0,2.0,1
11,83.12,10,0.0,0.0,3.0,0
2,103.2,12,2.0,1.0,3.0,0
10,87.93,13,2.0,0.0,2.0,0
36,76.7,6,6.0,0.0,2.0,1
4,90.56,8,4.0,0.0,4.0,0
52,83.2,10,0.0,0.0,2.0,1
12,89.83,12,2.0,0.0,2.0,0
8,73.43,14,3.0,0.0,2.0,0
12,82.08,4,5.0,0.0,5.0,0
8,83.58,10,0.0,0.0,3.0,0
15,60.48,2,1.0,0.0,4.0,1
5,76.93,7,6.0,1.0,3.0,0
20,66.67,10,0.0,0.0,3.0,0
5,92.9,5,6.0,1.0,2.0,0
7,78.69,10,0.0,0.0,3.0,0
16,71.7,14,3.0,0.0,4.0,1
8,89.62,12,2.0,0.0,4.0,0
15,76.31,12,2.0,0.0,4.0,0
7,78.28,3,5.0,1.0,2.0,1
15,88.5,7,4.0,1.0,3.0,1
17,98.6,10,0.0,0.0,5.0,0
62,57.83,2,1.0,0.0,3.0,1
11,86.49,10,0.0,0.0,3.0,0
12,86.26,10,0.0,0.0,2.0,1
43,72.42,14,3.0,0.0,3.0,1
2,88.22,7,4.0,1.0,1.0,0
30,62.93,10,0.0,0.0,3.0,0
5,89.67,15,3.0,0.0,3.0,0
12,99.32,2,1.0,0.0,2.0,0
24,78.37,2,1.0,0.0,3.0,1
21,83.07,14,3.0,0.0,4.0,1
12,67.23,5,6.0,1.0,5.0,0
10,85.31,12,2.0,1.0,3.0,0
17,77.19,14,3.0,0.0,3.0,1
4,71.49,14,3.0,0.0,4.0,0
4,108.35,2,1.0,0.0,3.0,0
5,92.73,11,0.0,1.0,5.0,0
6,119.63,14,3.0,0.0,4.0,0
21,69.62,3,1.0,1.0,3.0,1
10,101.37,10,0.0,0.0,3.0,0
23,68.06,8,6.0,1.0,3.0,0
24,69.93,15,3.0,0.0,3.0,1
20,79.93,8,4.0,1.0,2.0,0
7,99.82,8,4.0,0.0,3.0,0
5,86.12,10,0.0,0.0,2.0,0
22,82.79,2,1.0,0.0,3.0,0
10,90.65,8,4.0,0.0,3.0,0
20,91.6,8,4.0,0.0,2.0,0
7,93.33,2,1.0,0.0,2.0,0
5,93.5,2,1.0,0.0,2.0,0
12,86.94,8,4.0,0.0,4.0,1
12,74.0,4,5.0,0.0,3.0,1
7,97.26,10,0.0,0.0,3.0,0
10,96.42,14,3.0,0.0,3.0,1
16,87.55,8,4.0,1.0,2.0,0
10,73.38,10,0.0,0.0,3.0,0
6,73.63,8,4.0,0.0,5.0,0
16,71.48,10,0.0,0.0,3.0,1
9,86.95,8,4.0,0.0,4.0,1
7,83.9,7,4.0,1.0,4.0,0
9,76.94,12,2.0,0.0,3.0,0
5,101.35,2,1.0,0.0,0.0,0
10,82.38,6,6.0,1.0,1.0,0
12,80.56,2,1.0,0.0,3.0,1
18,63.47,2,1.0,0.0,2.0,0
14,78.59,14,3.0,0.0,3.0,0
5,90.51,11,4.0,1.0,5.0,0
6,69.03,6,6.0,0.0,4.0,0
12,97.1,7,6.0,1.0,3.0,1
16,73.94,12,2.0,0.0,4.0,0
9,87.62,10,0.0,0.0,2.0,0
31,66.13,14,3.0,0.0,2.0,0
20,75.51,4,5.0,0.0,3.0,0
9,88.9,8,4.0,0.0,3.0,0
5,111.45,10,0.0,0.0,3.0,0
6,75.8,14,3.0,0.0,2.0,0
8,96.91,8,4.0,0.0,4.0,0
5,85.03,10,0.0,0.0,2.0,0
15,72.29,12,2.0,0.0,3.0,0
20,68.7,8,4.0,0.0,2.0,1
22,64.66,8,4.0,0.0,5.0,1
22,73.72,6,6.0,0.0,2.0,1
2,106.35,10,0.0,0.0,3.0,0
37,80.76,11,2.0,1.0,3.0,1
11,71.54,8,4.0,0.0,4.0,0
8,97.2,11,2.0,1.0,2.0,0
20,98.05,10,0.0,0.0,4.0,1
28,80.76,8,4.0,1.0,3.0,1
16,80.76,10,0.0,0.0,2.0,0
19,88.18,12,2.0,1.0,3.0,1
10,80.76,5,5.0,1.0,3.0,0
22,71.52,10,0.0,0.0,4.0,1
6,92.03,12,2.0,0.0,3.0,0
12,75.48,12,2.0,0.0,2.0,0
8,80.34,10,0.0,0.0,3.0,0
20,77.02,8,4.0,0.0,5.0,0
4,83.66,4,5.0,0.0,3.0,0
8,99.26,12,2.0,0.0,1.0,0
55,73.66,4,5.0,0.0,3.0,1
10,80.73,12,2.0,1.0,2.0,0
10,85.15,4,5.0,1.0,3.0,0
15,73.13,12,2.0,0.0,2.0,0
7,71.88,1,1.0,1.0,3.0,0
7,97.03,10,0.0,0.0,4.0,0
25,82.15,10,0.0,0.0,2.0,0
6,100.76,4,5.0,1.0,2.0,0
5,94.46,2,1.0,0.0,3.0,0
15,72.38,14,3.0,0.0,3.0,0
16,74.53,14,3.0,0.0,4.0,0
11,88.59,6,6.0,1.0,3.0,0
18,66.05,12,2.0,0.0,3.0,0
15,71.89,8,4.0,0.0,5.0,0
4,82.25,14,3.0,0.0,4.0,0
22,82.2,14,3.0,0.0,5.0,0
8,84.49,10,0.0,0.0,5.0,0
42,62.02,12,2.0,0.0,3.0,1
26,82.87,4,5.0,1.0,3.0,0
4,129.28,10,0.0,0.0,5.0,0
8,84.76,6,6.0,1.0,2.0,0
7,97.76,10,0.0,0.0,4.0,0
16,81.66,10,0.0,0.0,3.0,0
4,123.9,7,6.0,0.0,3.0,0
3,95.73,2,1.0,1.0,3.0,0
14,87.57,10,0.0,0.0,2.0,0
15,68.26,10,0.0,0.0,2.0,0
8,82.16,10,0.0,0.0,4.0,0
2,85.67,2,1.0,0.0,3.0,0
11,97.87,5,5.0,1.0,2.0,0
17,86.76,14,3.0,0.0,3.0,1
17,81.98,2,1.0,0.0,3.0,0
12,79.77,2,1.0,0.0,4.0,0
10,88.28,2,1.0,0.0,5.0,0
17,71.35,4,5.0,1.0,0.0,0
19,74.11,12,2.0,0.0,2.0,0
9,77.48,2,1.0,0.0,2.0,0
35,69.41,4,5.0,0.0,3.0,1
5,108.14,8,4.0,0.0,5.0,1
97,65.69,2,1.0,0.0,3.0,1
8,85.86,7,6.0,1.0,3.0,0
10,88.27,11,4.0,1.0,5.0,0
31,65.71,2,1.0,0.0,3.0,0
5,104.19,2,1.0,0.0,3.0,0
19,83.47,12,2.0,0.0,4.0,0
9,96.53,7,6.0,1.0,3.0,0
15,72.35,6,6.0,1.0,3.0,0
7,77.76,7,6.0,1.0,4.0,0
43,67.14,3,5.0,1.0,3.0,1
6,98.75,2,1.0,0.0,5.0,0
33,81.68,8,4.0,0.0,3.0,1
25,65.79,5,5.0,1.0,3.0,0
38,74.23,2,1.0,0.0,3.0,0
8,105.82,6,6.0,0.0,2.0,1
16,63.06,14,3.0,0.0,2.0,1
8,81.44,10,0.0,0.0,3.0,0
10,75.25,4,5.0,0.0,3.0,0
9,91.27,2,1.0,0.0,2.0,0
8,101.32,5,5.0,1.0,5.0,0
13,77.89,4,5.0,1.0,2.0,1
73,66.0,8,4.0,0.0,3.0,1
20,69.43,14,3.0,0.0,1.0,1
10,83.71,8,4.0,1.0,3.0,0
8,72.56,2,1.0,0.0,4.0,0
9,93.47,8,4.0,1.0,4.0,0
17,84.22,6,6.0,1.0,2.0,0
9,77.71,12,2.0,0.0,3.0,0
25,73.09,10,0.0,0.0,5.0,0
22,85.12,10,0.0,0.0,5.0,0
13,71.55,8,4.0,0.0,3.0,0
6,82.54,12,2.0,0.0,4.0,0
10,82.81,2,1.0,0.0,1.0,0
11,74.57,14,3.0,1.0,4.0,0
7,90.0,14,3.0,1.0,2.0,0
4,97.91,8,4.0,0.0,1.0,0
10,110.54,2,1.0,0.0,3.0,0
21,83.77,2,1.0,0.0,4.0,1
12,77.09,10,0.0,0.0,3.0,0
33,82.2,10,0.0,0.0,3.0,1
17,69.11,4,5.0,0.0,3.0,0
38,60.68,8,4.0,1.0,4.0,1
7,90.64,9,5.0,1.0,3.0,0
9,79.91,12,2.0,0.0,3.0,0
107,67.02,4,5.0,1.0,3.0,1
13,95.97,2,1.0,0.0,2.0,0
7,82.02,2,1.0,0.0,5.0,0
10,94.97,8,4.0,0.0,2.0,0
29,74.85,8,4.0,0.0,2.0,1
5,78.28,2,1.0,0.0,3.0,0
8,75.28,12,2.0,0.0,4.0,0
16,71.36,14,3.0,0.0,2.0,1
9,79.54,15,3.0,1.0,5.0,0
9,83.07,2,1.0,0.0,4.0,0
7,86.31,10,0.0,0.0,2.0,0
13,81.25,4,5.0,0.0,3.0,0
9,75.91,14,3.0,0.0,4.0,0
22,66.78,10,0.0,0.0,1.0,1
16,87.0,10,0.0,0.0,5.0,1
6,80.74,8,4.0,1.0,3.0,0
24,68.93,15,3.0,1.0,3.0,1
9,73.8,12,2.0,0.0,4.0,0
10,66.72,10,6.0,1.0,3.0,0
21,78.47,10,0.0,0.0,3.0,0
14,80.76,14,3.0,0.0,4.0,0
29,72.52,10,0.0,0.0,5.0,1
34,75.34,10,0.0,0.0,2.0,0
148,71.09,7,4.0,1.0,1.0,1
19,82.98,4,5.0,0.0,2.0,0
20,87.83,8,4.0,0.0,3.0,1
9,99.29,8,4.0,0.0,2.0,0
10,111.31,10,0.0,0.0,3.0,0
38,78.83,10,0.0,0.0,3.0,1
13,112.39,8,4.0,0.0,3.0,0
7,91.88,12,2.0,0.0,3.0,1
8,90.12,12,2.0,0.0,3.0,0
33,80.96,10,0.0,0.0,2.0,1
4,86.88,4,5.0,0.0,3.0,0
10,81.98,15,3.0,1.0,3.0,0
18,88.77,14,3.0,0.0,2.0,1
38,82.68,10,0.0,0.0,2.0,1
5,91.71,10,0.0,0.0,2.0,0
40,68.7,14,3.0,0.0,2.0,1
10,75.94,4,5.0,0.0,2.0,0
13,76.99,14,3.0,1.0,3.0,0
11,74.75,10,0.0,0.0,3.0,0
5,90.06,6,6.0,0.0,2.0,0
19,103.99,2,1.0,0.0,3.0,1
6,86.67,10,0.0,0.0,5.0,0
39,86.12,12,2.0,0.0,3.0,1
38,68.1,14,3.0,0.0,2.0,1
6,86.75,4,5.0,0.0,5.0,0
11,77.92,10,0.0,0.0,3.0,1
6,92.29,8,4.0,0.0,2.0,0
1,112.5,12,0.0,1.0,5.0,0
15,77.96,14,3.0,0.0,2.0,0
6,77.55,14,3.0,0.0,4.0,0
16,80.51,10,0.0,0.0,4.0,0
12,97.11,8,4.0,0.0,3.0,1
9,74.76,8,4.0,0.0,3.0,0
10,85.67,2,1.0,0.0,3.0,0
6,117.19,10,0.0,0.0,3.0,0
9,81.99,14,3.0,0.0,5.0,0
19,79.46,3,5.0,1.0,2.0,0
2,79.12,6,6.0,0.0,3.0,0
30,74.91,7,6.0,1.0,5.0,0
8,75.42,10,0.0,0.0,3.0,1
11,78.65,2,1.0,0.0,3.0,0
11,71.35,14,3.0,0.0,3.0,0
14,94.11,14,3.0,0.0,5.0,0
16,80.76,8,4.0,0.0,2.0,1
5,83.85,15,0.0,1.0,4.0,1
12,83.1,13,3.0,1.0,3.0,0
8,84.64,8,4.0,0.0,0.0,0
16,78.31,6,6.0,0.0,2.0,0
36,58.42,4,1.0,1.0,3.0,0
54,72.29,5,5.0,1.0,3.0,1
9,92.06,2,1.0,0.0,3.0,0
16,90.05,2,1.0,0.0,2.0,1
11,101.27,8,4.0,0.0,3.0,0
19,92.99,6,6.0,1.0,2.0,1
15,78.13,14,3.0,0.0,3.0,0
11,114.87,15,3.0,1.0,3.0,0
9,76.05,4,5.0,0.0,3.0,0
12,73.88,10,0.0,0.0,3.0,0
18,61.4,8,4.0,0.0,3.0,0
7,76.82,10,0.0,0.0,4.0,0
10,74.35,3,5.0,1.0,3.0,0
48,68.39,10,0.0,0.0,3.0,1
4,109.09,4,5.0,1.0,3.0,0
111,60.66,2,1.0,0.0,4.0,1
9,84.27,2,1.0,0.0,2.0,0
21,68.11,4,5.0,1.0,2.0,0
13,90.38,2,1.0,0.0,5.0,1
8,80.65,5,6.0,1.0,3.0,0
4,86.74,2,1.0,0.0,2.0,0
10,67.73,4,5.0,0.0,3.0,1
8,85.87,5,6.0,1.0,2.0,0
7,81.25,10,0.0,0.0,3.0,0
10,88.89,2,1.0,0.0,3.0,0
2,120.81,2,1.0,0.0,2.0,0
7,81.37,12,2.0,0.0,2.0,1
6,78.32,14,3.0,0.0,3.0,0
48,65.02,10,0.0,0.0,3.0,1
21,69.93,10,0.0,0.0,3.0,0
15,81.13,4,5.0,0.0,3.0,1
10,89.17,12,2.0,0.0,3.0,0
9,73.43,12,2.0,0.0,3.0,0
41,80.54,11,2.0,1.0,4.0,1
5,84.22,4,5.0,0.0,2.0,0
26,67.17,10,0.0,0.0,3.0,1
11,90.45,2,1.0,0.0,2.0,1
11,86.3,10,0.0,0.0,2.0,0
15,78.07,8,4.0,0.0,3.0,0
17,71.49,4,5.0,1.0,5.0,0
7,112.71,14,3.0,0.0,3.0,0
18,78.68,12,2.0,0.0,5.0,0
10,65.33,10,0.0,0.0,3.0,1
13,98.58,4,5.0,0.0,2.0,0
10,89.43,10,0.0,0.0,3.0,0
11,78.28,12,2.0,0.0,3.0,0
22,78.21,4,5.0,0.0,2.0,0
12,78.44,12,2.0,0.0,3.0,1
9,69.62,2,1.0,0.0,3.0,0
13,108.49,15,3.0,1.0,2.0,0
7,78.74,2,1.0,0.0,4.0,0
23,83.65,5,5.0,1.0,2.0,1
18,74.32,6,6.0,1.0,3.0,0
9,89.52,10,0.0,0.0,3.0,0
7,92.39,4,5.0,0.0,3.0,0
12,78.39,10,0.0,0.0,3.0,1
33,70.46,10,0.0,0.0,5.0,1
3,86.5,14,3.0,0.0,2.0,0
18,74.33,2,1.0,0.0,2.0,1
8,81.56,2,1.0,0.0,0.0,0
18,75.16,15,3.0,0.0,2.0,0
16,84.73,4,5.0,0.0,2.0,1
18,84.65,2,1.0,0.0,3.0,1
9,69.85,8,4.0,0.0,3.0,0
25,75.26,14,3.0,0.0,3.0,1
11,64.78,2,1.0,0.0,2.0,1
7,91.65,14,3.0,0.0,5.0,0
47,71.17,12,2.0,0.0,5.0,1
20,65.61,12,2.0,0.0,2.0,1
11,55.41,10,0.0,0.0,3.0,0
7,100.32,2,1.0,0.0,3.0,0
25,72.79,4,5.0,0.0,3.0,0
13,95.46,2,1.0,0.0,3.0,0
7,79.29,4,5.0,0.0,3.0,0
25,73.49,8,4.0,1.0,1.0,1
29,86.05,10,0.0,0.0,2.0,0
73,66.5,2,1.0,0.0,3.0,1
5,103.62,2,1.0,0.0,3.0,0
13,72.58,12,2.0,0.0,4.0,0
27,64.44,2,1.0,0.0,3.0,1
12,84.45,13,2.0,0.0,4.0,0
17,67.46,8,4.0,0.0,2.0,0
69,77.26,8,4.0,0.0,5.0,1
10,84.1,14,3.0,0.0,3.0,0
11,82.16,13,2.0,0.0,5.0,0
2,108.13,14,3.0,0.0,3.0,0
6,95.82,4,5.0,0.0,3.0,0
13,92.64,10,0.0,0.0,3.0,1
7,97.28,4,5.0,1.0,1.0,0
29,74.22,8,4.0,1.0,2.0,1
16,83.76,2,1.0,0.0,3.0,0
7,88.76,12,2.0,0.0,3.0,0
11,68.33,8,4.0,0.0,4.0,0
11,97.77,14,3.0,0.0,3.0,0
5,81.07,4,5.0,0.0,3.0,0
7,75.56,10,0.0,0.0,3.0,0
15,86.09,10,0.0,0.0,3.0,0
2,148.02,8,4.0,0.0,3.0,0
5,100.08,8,4.0,0.0,3.0,0
18,62.01,14,3.0,1.0,2.0,0
11,88.93,14,3.0,0.0,3.0,0
11,81.44,8,4.0,0.0,3.0,0
5,112.86,10,0.0,0.0,2.0,0
5,91.47,14,3.0,0.0,4.0,0
17,79.56,8,6.0,1.0,4.0,0
20,81.53,10,0.0,0.0,3.0,0
13,70.49,12,2.0,0.0,1.0,0
23,74.79,2,1.0,1.0,1.0,1
7,82.97,6,6.0,0.0,3.0,0
26,75.31,6,6.0,0.0,2.0,1
7,102.6,12,2.0,0.0,3.0,0
12,79.68,2,1.0,0.0,3.0,0
6,98.24,10,0.0,0.0,3.0,0
9,73.95,2,1.0,0.0,0.0,0
14,87.44,10,0.0,0.0,3.0,0
11,84.58,14,3.0,0.0,3.0,1
11,63.69,4,5.0,0.0,3.0,0
3,124.3,12,2.0,1.0,3.0,0
3,97.38,2,1.0,0.0,2.0,0
15,84.82,2,1.0,0.0,3.0,1
32,74.37,12,2.0,0.0,2.0,1
9,86.87,14,3.0,0.0,2.0,0
4,87.26,2,1.0,0.0,5.0,0
3,112.47,10,0.0,0.0,4.0,0
18,72.73,5,6.0,1.0,3.0,1
5,99.45,10,0.0,0.0,1.0,0
4,92.01,13,3.0,1.0,3.0,0
25,69.54,2,1.0,0.0,5.0,0
18,74.69,8,4.0,0.0,2.0,0
21,87.43,12,2.0,1.0,4.0,0
8,92.4,2,1.0,0.0,1.0,1
2,108.82,10,0.0,0.0,3.0,0
10,82.86,5,6.0,1.0,3.0,0
11,77.56,7,4.0,1.0,3.0,0
7,78.46,6,6.0,0.0,3.0,0
18,76.3,4,5.0,0.0,3.0,1
12,100.05,8,4.0,1.0,3.0,0
16,67.94,12,2.0,0.0,1.0,1
7,79.69,3,1.0,0.0,2.0,0
27,67.79,12,2.0,0.0,3.0,1
21,69.44,14,3.0,0.0,3.0,1
12,93.43,10,0.0,0.0,3.0,1
8,80.72,14,3.0,0.0,2.0,0
10,89.19,8,4.0,0.0,2.0,0
19,84.75,9,0.0,1.0,3.0,1
13,71.22,3,1.0,0.0,5.0,0
5,93.99,14,3.0,0.0,2.0,0
11,72.21,13,2.0,1.0,3.0,0
28,87.19,2,1.0,0.0,4.0,1
6,104.74,4,5.0,1.0,2.0,0
37,66.89,10,0.0,0.0,5.0,1
8,80.38,2,1.0,0.0,2.0,0
13,76.5,2,1.0,0.0,2.0,0
55,67.57,5,5.0,1.0,2.0,1
18,98.25,12,2.0,0.0,3.0,1
9,73.58,8,4.0,0.0,4.0,0
7,90.73,8,4.0,0.0,2.0,0
19,74.67,10,0.0,0.0,5.0,0
13,87.31,12,2.0,0.0,4.0,0
24,65.01,3,1.0,0.0,5.0,1
16,83.87,15,3.0,0.0,2.0,0
24,73.47,12,2.0,0.0,3.0,1
9,87.94,10,0.0,0.0,3.0,0
9,74.13,14,3.0,0.0,4.0,0
23,86.62,12,2.0,0.0,3.0,0
28,73.78,5,6.0,1.0,3.0,1
31,70.98,4,5.0,0.0,3.0,1
7,73.95,2,1.0,0.0,2.0,0
5,78.28,7,6.0,0.0,3.0,0
21,74.06,12,2.0,0.0,4.0,0
12,72.0,12,2.0,0.0,3.0,0
16,76.12,8,4.0,0.0,4.0,0
16,70.3,13,2.0,1.0,2.0,0
16,67.38,2,1.0,0.0,3.0,0
3,98.53,8,4.0,1.0,3.0,0
9,109.23,2,1.0,0.0,3.0,0
20,103.58,8,4.0,0.0,2.0,1
20,66.15,10,0.0,0.0,3.0,1
4,84.12,8,4.0,0.0,3.0,0
12,78.79,2,1.0,0.0,3.0,0
8,70.84,12,2.0,0.0,3.0,0
14,83.16,10,4.0,1.0,4.0,0
6,93.32,8,1.0,1.0,3.0,0
21,76.77,8,4.0,0.0,2.0,0
27,78.81,10,0.0,0.0,3.0,1
9,118.89,14,3.0,1.0,3.0,0
28,68.42,8,4.0,0.0,3.0,0
8,97.95,3,5.0,1.0,4.0,0
39,88.82,10,0.0,0.0,3.0,1
10,88.58,2,1.0,0.0,3.0,1
8,84.64,4,5.0,0.0,3.0,0
5,71.91,12,2.0,0.0,3.0,0
13,92.63,14,3.0,0.0,3.0,1
8,92.24,2,1.0,0.0,4.0,0
10,85.44,4,5.0,0.0,3.0,1
5,92.47,3,5.0,1.0,3.0,0
9,82.13,10,4.0,1.0,3.0,0
18,87.7,7,6.0,1.0,2.0,0
4,78.5,5,5.0,1.0,3.0,0
4,80.76,2,1.0,0.0,1.0,0
7,80.38,8,4.0,0.0,3.0,0
20,80.4,13,2.0,0.0,3.0,0
15,61.91,14,3.0,1.0,5.0,1
8,91.58,8,4.0,0.0,3.0,0
7,80.76,8,4.0,0.0,3.0,0
23,84.66,2,1.0,0.0,2.0,1
15,97.98,10,0.0,0.0,3.0,1
47,69.81,10,0.0,0.0,3.0,0
6,79.9,12,2.0,0.0,5.0,0
20,60.1,2,1.0,0.0,1.0,0
8,84.11,6,6.0,0.0,2.0,0
18,80.93,2,1.0,0.0,1.0,0
14,87.14,10,0.0,0.0,3.0,0
13,87.5,4,5.0,0.0,3.0,0
7,92.87,14,3.0,0.0,3.0,0
3,105.88,10,0.0,0.0,4.0,0
33,81.55,8,4.0,0.0,2.0,1
12,80.8,4,5.0,1.0,3.0,0
12,84.1,4,5.0,0.0,3.0,0
13,96.94,10,0.0,0.0,3.0,0
9,83.35,6,6.0,0.0,2.0,1
20,73.04,14,3.0,0.0,3.0,0
6,80.26,8,6.0,1.0,3.0,0
6,81.44,2,1.0,0.0,3.0,0
25,67.46,8,4.0,0.0,3.0,1
6,89.99,8,4.0,1.0,5.0,0
12,72.33,14,3.0,0.0,2.0,1
5,85.46,11,0.0,0.0,2.0,0
30,66.24,10,0.0,0.0,3.0,1
10,102.02,2,1.0,0.0,5.0,0
3,86.08,2,1.0,0.0,3.0,0
24,73.49,4,5.0,0.0,4.0,1
29,71.22,12,2.0,0.0,3.0,1
58,64.11,14,3.0,0.0,3.0,1
16,76.18,13,3.0,1.0,2.0,1
13,72.14,10,0.0,0.0,4.0,1
52,58.24,4,5.0,0.0,1.0,1
53,61.2,4,5.0,0.0,3.0,1
4,86.59,12,2.0,0.0,4.0,0
58,74.48,11,2.0,1.0,4.0,1
21,98.24,8,4.0,0.0,3.0,1
10,105.54,2,1.0,0.0,1.0,0
9,83.71,6,6.0,0.0,3.0,0
6,80.45,12,2.0,0.0,2.0,0
13,81.79,14,3.0,0.0,2.0,0
6,101.8,6,6.0,1.0,3.0,0
11,87.41,10,0.0,0.0,2.0,0
14,80.76,10,0.0,0.0,3.0,0
8,76.99,4,5.0,0.0,3.0,0
9,86.35,9,4.0,1.0,3.0,1
17,68.89,8,4.0,0.0,2.0,1
6,90.6,14,2.0,1.0,3.0,0
14,79.86,14,3.0,0.0,2.0,0
32,77.57,6,6.0,0.0,2.0,0
7,74.35,15,3.0,0.0,2.0,1
22,75.59,8,4.0,0.0,3.0,0
9,80.75,8,4.0,1.0,2.0,0
8,93.36,13,2.0,1.0,3.0,0
11,76.3,12,2.0,0.0,2.0,0
16,86.86,10,0.0,0.0,2.0,0
26,70.25,8,4.0,0.0,3.0,0
26,74.46,10,0.0,0.0,3.0,0
38,77.43,6,6.0,0.0,2.0,1
25,74.69,10,0.0,0.0,2.0,1
18,74.43,10,0.0,0.0,3.0,1
14,76.24,10,0.0,0.0,3.0,1
8,93.5,8,4.0,0.0,3.0,1
21,83.77,8,4.0,0.0,3.0,0
20,66.31,14,3.0,0.0,3.0,0
19,98.45,10,0.0,0.0,2.0,0
5,80.71,10,0.0,0.0,4.0,0
19,67.86,12,2.0,0.0,4.0,0
53,68.17,14,3.0,0.0,4.0,0
14,75.22,4,5.0,0.0,3.0,0
8,89.39,7,4.0,1.0,3.0,0
17,87.69,10,0.0,0.0,2.0,0
20,76.03,10,0.0,0.0,2.0,0
8,100.23,2,1.0,0.0,3.0,1
5,107.38,2,1.0,0.0,2.0,0
11,83.37,6,6.0,0.0,2.0,0
19,79.44,10,0.0,0.0,3.0,0
2,92.87,10,0.0,0.0,4.0,0
18,73.05,2,1.0,0.0,3.0,1
6,94.94,2,1.0,0.0,4.0,0
6,85.36,14,3.0,0.0,3.0,0
5,101.1,10,0.0,0.0,3.0,0
13,91.43,10,0.0,0.0,3.0,1
21,69.0,4,5.0,1.0,5.0,1
4,102.62,14,3.0,0.0,2.0,0
10,80.77,8,4.0,0.0,5.0,1
11,80.16,3,1.0,0.0,3.0,0
4,102.92,10,0.0,0.0,4.0,0
10,79.32,12,2.0,0.0,3.0,1
7,81.29,14,3.0,0.0,2.0,0
9,89.78,10,0.0,0.0,3.0,0
9,110.07,14,3.0,0.0,3.0,0
8,89.73,4,5.0,0.0,3.0,0
8,77.16,12,0.0,1.0,3.0,0
38,73.54,12,2.0,0.0,5.0,1
9,87.38,4,5.0,0.0,3.0,0
10,76.13,8,4.0,0.0,3.0,0
11,78.56,12,2.0,0.0,3.0,1
41,72.5,10,0.0,0.0,3.0,1
3,87.74,14,3.0,0.0,2.0,0
7,64.63,4,5.0,1.0,3.0,0
8,76.09,10,0.0,0.0,3.0,0
25,70.57,4,5.0,0.0,3.0,1
14,72.28,13,3.0,1.0,3.0,0
15,92.56,6,6.0,0.0,3.0,1
18,68.84,10,0.0,0.0,3.0,0
8,75.32,7,4.0,1.0,2.0,0
13,77.37,12,6.0,1.0,3.0,0
10,97.13,1,1.0,1.0,3.0,0
39,76.59,2,1.0,0.0,2.0,1
2,107.87,3,5.0,1.0,4.0,0
14,73.37,7,4.0,1.0,5.0,1
26,65.88,2,1.0,0.0,3.0,0
13,71.99,6,6.0,0.0,4.0,0
34,63.04,10,0.0,0.0,2.0,0
13,88.57,12,2.0,0.0,1.0,1
7,103.46,12,2.0,0.0,2.0,0
5,80.76,12,2.0,0.0,4.0,0
12,88.38,9,4.0,1.0,3.0,0
18,70.63,14,3.0,0.0,4.0,1
15,83.72,4,5.0,0.0,2.0,0
21,67.81,4,5.0,1.0,3.0,0
10,80.23,12,2.0,0.0,1.0,0
28,62.02,10,0.0,0.0,1.0,1
16,87.89,15,4.0,1.0,3.0,0
16,81.34,10,0.0,0.0,2.0,0
20,94.39,8,4.0,0.0,2.0,1
15,69.29,8,4.0,0.0,3.0,0
18,79.71,4,5.0,0.0,3.0,1
21,81.88,6,6.0,0.0,1.0,0
13,82.28,12,2.0,0.0,4.0,0
6,84.85,10,0.0,0.0,2.0,0
5,113.16,4,5.0,1.0,3.0,0
16,74.09,1,1.0,1.0,2.0,1
6,107.06,10,0.0,0.0,2.0,0
9,81.36,2,1.0,0.0,3.0,1
12,102.84,2,1.0,1.0,4.0,0
9,85.91,4,5.0,1.0,3.0,1
12,68.15,2,1.0,0.0,3.0,0
8,75.38,10,0.0,0.0,5.0,0
23,94.94,1,1.0,1.0,2.0,1
5,94.46,14,3.0,0.0,4.0,0
33,65.48,10,0.0,0.0,4.0,0
8,85.39,8,4.0,0.0,5.0,0
34,58.95,14,3.0,0.0,3.0,1
11,69.41,4,5.0,0.0,3.0,0
14,80.54,10,0.0,0.0,1.0,0
14,73.31,12,2.0,0.0,2.0,0
15,89.8,5,5.0,1.0,4.0,0
16,80.54,8,4.0,0.0,4.0,1
6,101.17,12,2.0,0.0,2.0,0
7,90.14,10,0.0,0.0,3.0,0
15,104.35,14,3.0,0.0,3.0,0
14,85.49,4,5.0,0.0,3.0,0
10,72.93,4,5.0,0.0,2.0,1
24,65.4,4,5.0,0.0,3.0,1
6,83.13,9,4.0,1.0,2.0,0
11,76.69,2,1.0,1.0,3.0,0
14,84.82,2,1.0,0.0,1.0,0
6,98.55,4,5.0,1.0,5.0,0
8,89.14,12,2.0,0.0,2.0,0
31,70.14,14,3.0,0.0,2.0,1
13,98.72,8,4.0,0.0,3.0,0
13,75.8,12,2.0,0.0,1.0,0
20,79.56,14,3.0,0.0,4.0,1
9,82.29,2,1.0,1.0,2.0,0
14,69.96,8,4.0,0.0,3.0,0
23,70.26,2,1.0,0.0,3.0,0
10,79.89,10,0.0,0.0,3.0,0
18,82.93,12,2.0,0.0,3.0,0
8,85.28,2,1.0,0.0,3.0,0
7,104.27,4,5.0,0.0,3.0,0
11,80.36,8,4.0,0.0,3.0,1
45,73.9,4,5.0,0.0,1.0,1
9,81.29,12,2.0,0.0,3.0,0
57,68.35,8,4.0,0.0,3.0,1
6,79.01,9,4.0,1.0,5.0,0
3,86.92,8,4.0,0.0,2.0,0
13,78.43,4,5.0,1.0,3.0,0
29,80.76,8,4.0,1.0,3.0,1
13,95.47,6,6.0,0.0,4.0,0
14,68.75,3,1.0,0.0,1.0,1
10,91.96,8,4.0,0.0,3.0,0
12,107.34,4,5.0,1.0,3.0,1
27,63.85,12,2.0,0.0,3.0,1
9,81.65,8,4.0,0.0,4.0,0
12,62.92,17,3.0,1.0,1.0,0
23,90.78,12,2.0,0.0,2.0,0
11,87.9,4,5.0,0.0,3.0,1
7,77.96,2,1.0,0.0,3.0,0
29,77.95,17,3.0,1.0,3.0,1
23,70.88,2,1.0,0.0,2.0,0
18,90.76,10,0.0,0.0,3.0,0
7,73.19,5,6.0,1.0,2.0,0
8,86.87,10,0.0,0.0,3.0,1
20,84.64,2,1.0,0.0,4.0,0
16,88.34,2,1.0,0.0,4.0,1
14,103.33,8,4.0,0.0,3.0,0
22,69.52,14,3.0,0.0,4.0,1
7,73.57,10,0.0,0.0,3.0,0
11,69.2,14,3.0,1.0,4.0,0
12,72.51,2,1.0,0.0,3.0,0
41,61.37,5,5.0,1.0,3.0,1
11,68.87,10,0.0,0.0,0.0,0
54,67.03,3,1.0,0.0,3.0,1
8,95.86,4,5.0,0.0,2.0,0
11,92.16,9,4.0,1.0,2.0,0
8,79.42,7,4.0,1.0,2.0,0
15,79.43,14,3.0,1.0,3.0,0
51,63.59,8,4.0,0.0,3.0,1
12,76.56,2,1.0,0.0,3.0,1
57,69.95,10,0.0,0.0,3.0,0
12,82.03,4,5.0,0.0,3.0,0
23,71.0,6,6.0,0.0,2.0,0
8,79.36,12,2.0,0.0,3.0,0
6,71.74,8,4.0,1.0,2.0,0
13,84.03,10,0.0,0.0,4.0,0
9,62.72,10,0.0,0.0,3.0,0
13,78.39,12,2.0,0.0,2.0,0
42,76.55,14,3.0,0.0,3.0,1
3,78.67,14,3.0,0.0,3.0,0
14,78.53,8,4.0,0.0,5.0,0
7,78.08,2,1.0,0.0,1.0,0
17,80.76,2,1.0,0.0,4.0,0
15,93.03,6,6.0,0.0,3.0,0
20,85.5,4,5.0,1.0,3.0,1
23,78.81,8,4.0,1.0,2.0,0
11,81.43,9,0.0,1.0,4.0,0
36,65.78,6,6.0,0.0,2.0,0
21,63.04,2,1.0,0.0,3.0,0
5,115.91,14,3.0,1.0,3.0,0
17,82.26,10,0.0,0.0,5.0,0
2,113.93,12,2.0,0.0,5.0,0
5,82.61,12,2.0,0.0,5.0,0
13,86.73,10,0.0,0.0,3.0,0
23,73.8,10,0.0,0.0,3.0,1
29,68.84,4,5.0,1.0,4.0,1
6,84.3,12,2.0,0.0,1.0,0
8,89.81,12,2.0,0.0,3.0,0
26,74.59,12,2.0,0.0,2.0,0
4,71.07,12,2.0,1.0,3.0,0
11,85.41,2,1.0,0.0,3.0,1
16,76.97,4,5.0,0.0,3.0,0
11,99.29,10,0.0,0.0,3.0,0
11,89.99,6,6.0,0.0,2.0,0
19,65.65,4,5.0,0.0,3.0,1
15,66.24,8,4.0,0.0,3.0,0
35,63.28,8,4.0,0.0,3.0,1
35,67.64,4,5.0,1.0,3.0,1
10,100.37,12,2.0,1.0,3.0,0
6,94.41,4,5.0,0.0,2.0,0
42,64.79,10,0.0,0.0,3.0,0
23,71.12,10,0.0,0.0,3.0,1
37,78.84,14,3.0,0.0,2.0,1
3,95.63,10,0.0,0.0,2.0,0
5,82.28,14,3.0,0.0,1.0,0
12,67.59,8,4.0,0.0,3.0,0
3,101.97,12,2.0,0.0,4.0,0
6,102.68,14,3.0,0.0,3.0,0
12,72.82,10,0.0,0.0,3.0,0
6,113.19,14,3.0,0.0,2.0,0
7,89.99,14,3.0,0.0,3.0,0
9,104.31,10,0.0,0.0,3.0,0
19,72.34,8,4.0,0.0,4.0,1
7,89.22,9,4.0,1.0,2.0,0
8,81.45,4,5.0,0.0,2.0,0
90,58.13,14,3.0,0.0,3.0,1
22,68.88,8,4.0,1.0,3.0,1
19,79.09,8,4.0,1.0,3.0,1
19,69.63,10,0.0,0.0,3.0,1
7,86.0,17,3.0,1.0,3.0,0
21,65.79,10,0.0,0.0,3.0,1
22,61.15,2,1.0,0.0,4.0,0
20,76.14,4,5.0,0.0,3.0,1
3,101.27,6,6.0,0.0,3.0,0
37,77.97,14,2.0,1.0,3.0,0
20,81.06,2,1.0,0.0,2.0,1
15,71.29,2,1.0,0.0,3.0,0
6,70.71,12,2.0,0.0,2.0,0
26,100.26,14,3.0,0.0,2.0,0
8,96.19,2,1.0,0.0,1.0,0
5,92.65,2,1.0,0.0,4.0,0
8,92.84,10,0.0,0.0,2.0,0
6,69.47,12,2.0,0.0,3.0,0
6,87.93,12,2.0,0.0,2.0,0
9,100.55,14,3.0,0.0,2.0,0
105,66.07,12,2.0,0.0,2.0,1
20,75.03,8,4.0,0.0,3.0,0
13,83.12,10,0.0,0.0,3.0,1
37,73.32,2,1.0,0.0,4.0,1
10,83.37,3,1.0,0.0,4.0,0
21,66.49,6,6.0,0.0,2.0,0
57,70.39,14,3.0,0.0,2.0,1
9,79.12,13,3.0,1.0,4.0,0
19,70.41,14,3.0,0.0,3.0,0
6,98.42,10,0.0,0.0,3.0,0
23,75.49,10,0.0,0.0,2.0,0
6,97.94,7,4.0,1.0,2.0,0
6,83.98,4,5.0,0.0,2.0,0
12,82.89,12,2.0,0.0,3.0,0
7,89.21,4,5.0,1.0,3.0,1
21,76.6,12,2.0,0.0,2.0,1
5,107.55,6,6.0,0.0,1.0,0
29,77.57,2,1.0,1.0,2.0,1
4,96.87,6,6.0,0.0,3.0,0
16,83.93,8,4.0,0.0,2.0,0
3,90.91,8,4.0,0.0,2.0,0
8,75.74,10,6.0,1.0,2.0,0
10,79.01,2,1.0,0.0,3.0,0
8,81.06,4,5.0,1.0,3.0,0
19,76.8,12,2.0,0.0,1.0,0
6,82.57,2,1.0,0.0,2.0,0
18,96.81,13,2.0,1.0,2.0,0
13,72.13,3,5.0,1.0,4.0,0
19,70.64,7,4.0,1.0,1.0,0
15,75.63,12,2.0,0.0,3.0,0
6,116.26,4,5.0,0.0,3.0,0
13,101.34,14,3.0,1.0,4.0,0
5,133.36,2,1.0,0.0,2.0,0
22,83.28,4,5.0,1.0,3.0,0
9,83.0,8,4.0,0.0,4.0,0
11,76.05,10,0.0,0.0,2.0,0
12,101.56,8,4.0,0.0,3.0,1
15,81.12,12,2.0,0.0,5.0,0
5,120.58,12,2.0,0.0,2.0,0
3,102.97,14,3.0,0.0,4.0,0
19,83.96,10,0.0,0.0,3.0,0
9,82.62,10,0.0,0.0,5.0,0
16,83.92,9,6.0,1.0,3.0,0
16,73.52,8,4.0,0.0,3.0,1
1,106.04,4,5.0,0.0,5.0,0
8,78.3,12,2.0,0.0,4.0,0
12,78.9,11,6.0,1.0,3.0,0
15,71.12,10,0.0,0.0,3.0,1
10,76.18,10,0.0,0.0,3.0,0
10,81.47,14,3.0,0.0,2.0,0
65,81.81,11,2.0,1.0,4.0,1
6,77.02,8,4.0,0.0,3.0,0
28,76.94,2,1.0,0.0,4.0,1
13,78.54,2,1.0,0.0,3.0,0
13,66.22,11,2.0,1.0,2.0,0
11,106.25,4,5.0,1.0,3.0,1
14,80.76,4,5.0,0.0,2.0,0
17,84.44,2,1.0,0.0,3.0,0
19,77.58,10,0.0,1.0,3.0,1
7,105.02,16,3.0,1.0,5.0,0
14,90.07,12,2.0,0.0,3.0,1
11,69.61,10,0.0,0.0,3.0,1
7,81.46,14,3.0,0.0,5.0,0
15,66.06,15,3.0,1.0,1.0,0
39,77.84,11,0.0,0.0,3.0,0
20,75.34,10,4.0,1.0,2.0,1
11,75.72,10,0.0,0.0,2.0,0
32,73.05,2,1.0,0.0,4.0,1
13,73.05,14,3.0,1.0,3.0,1
11,80.76,10,6.0,1.0,3.0,0
6,89.52,9,4.0,1.0,2.0,0
27,75.63,9,4.0,1.0,5.0,1
11,89.04,7,6.0,1.0,2.0,0
38,85.69,6,6.0,0.0,3.0,1
7,76.58,2,1.0,0.0,3.0,0
13,76.75,10,0.0,0.0,4.0,0
13,75.62,7,6.0,1.0,2.0,0
20,76.69,8,4.0,0.0,4.0,0
14,70.29,8,4.0,0.0,2.0,1
6,96.62,8,4.0,0.0,4.0,0
15,74.76,10,0.0,0.0,3.0,0
39,72.72,10,0.0,0.0,3.0,1
28,83.59,14,3.0,0.0,0.0,1
9,97.62,14,3.0,0.0,4.0,1
39,60.46,8,4.0,0.0,3.0,1
12,96.19,10,0.0,0.0,4.0,1
29,69.87,11,2.0,1.0,3.0,1
55,62.92,6,6.0,1.0,2.0,1
19,64.09,14,3.0,1.0,5.0,0
39,81.53,6,6.0,0.0,5.0,0
14,71.04,6,6.0,1.0,3.0,0
6,105.3,7,6.0,1.0,3.0,0
12,70.37,2,1.0,0.0,3.0,1
4,109.66,14,3.0,0.0,4.0,0
13,80.89,10,0.0,0.0,4.0,0
22,88.9,4,5.0,0.0,5.0,1
9,85.32,8,4.0,0.0,2.0,0
6,87.67,8,4.0,0.0,5.0,0
5,93.33,14,3.0,0.0,3.0,0
12,77.86,13,2.0,1.0,4.0,0
12,88.42,9,4.0,0.0,5.0,0
7,97.56,10,0.0,0.0,3.0,0
10,73.69,6,6.0,1.0,2.0,0
14,84.17,14,3.0,0.0,3.0,1
4,109.82,10,0.0,0.0,3.0,0
7,95.77,2,1.0,0.0,3.0,0
7,100.68,4,5.0,1.0,3.0,0
15,82.72,12,2.0,0.0,2.0,0
15,87.87,10,0.0,0.0,5.0,0
8,76.19,8,4.0,1.0,3.0,0
8,79.69,8,4.0,0.0,2.0,0
10,86.22,10,0.0,0.0,5.0,0
2,107.03,2,1.0,0.0,5.0,0
9,77.35,10,0.0,0.0,2.0,0
8,85.87,14,3.0,0.0,3.0,0
5,113.01,14,3.0,0.0,3.0,0
25,79.71,9,4.0,1.0,1.0,1
44,69.88,2,1.0,0.0,3.0,1
34,63.41,8,4.0,0.0,2.0,0
7,121.38,9,4.0,1.0,5.0,1
12,74.04,4,5.0,0.0,1.0,0
4,91.43,7,6.0,0.0,2.0,0
15,79.93,10,0.0,0.0,3.0,0
21,74.69,8,4.0,0.0,1.0,1
14,68.47,14,3.0,0.0,3.0,0
3,94.44,10,0.0,0.0,3.0,0
34,70.09,4,5.0,0.0,3.0,1
3,98.39,8,4.0,0.0,3.0,0
17,72.1,12,2.0,0.0,4.0,0
6,113.32,11,4.0,1.0,2.0,0
29,89.55,2,1.0,0.0,4.0,0
10,88.47,10,0.0,0.0,2.0,0
4,75.82,10,0.0,0.0,2.0,0
11,90.72,10,0.0,0.0,4.0,0
9,83.21,12,2.0,0.0,3.0,0
3,110.18,8,4.0,1.0,4.0,0
17,83.45,4,5.0,0.0,4.0,1
8,73.98,7,4.0,1.0,2.0,0
8,73.85,3,1.0,0.0,4.0,0
8,79.83,7,4.0,1.0,4.0,0
3,105.26,10,0.0,0.0,2.0,0
7,76.11,12,2.0,0.0,3.0,0
11,85.39,4,5.0,0.0,4.0,0
10,80.48,10,0.0,0.0,2.0,1
32,71.67,5,6.0,1.0,2.0,0
13,77.43,10,0.0,0.0,0.0,0
6,91.52,10,0.0,0.0,3.0,0
3,81.58,10,0.0,0.0,3.0,0
25,84.04,15,3.0,1.0,2.0,0
5,90.34,2,1.0,1.0,3.0,0
12,75.82,12,2.0,0.0,2.0,1
8,83.35,12,2.0,1.0,4.0,0
27,77.39,8,4.0,0.0,4.0,1
10,80.76,5,5.0,1.0,3.0,0
19,79.19,13,2.0,1.0,2.0,1
10,92.9,2,1.0,0.0,3.0,0
12,71.65,14,3.0,0.0,3.0,0
6,104.78,13,3.0,1.0,4.0,0
7,79.38,14,3.0,0.0,3.0,0
8,81.32,4,5.0,0.0,2.0,0
5,80.76,14,3.0,0.0,3.0,0
19,73.83,10,0.0,0.0,2.0,0
10,76.63,6,6.0,1.0,2.0,0
33,71.25,11,0.0,0.0,4.0,1
18,99.91,12,2.0,0.0,4.0,1
10,91.94,10,0.0,0.0,1.0,0
24,68.35,12,2.0,1.0,4.0,1
6,92.37,8,4.0,0.0,3.0,0
16,81.5,4,5.0,0.0,3.0,1
25,71.39,12,2.0,1.0,1.0,0
10,73.94,10,0.0,0.0,2.0,0
33,74.65,4,5.0,1.0,2.0,0
13,73.28,12,2.0,0.0,4.0,0
12,91.48,12,2.0,0.0,4.0,0
7,80.6,14,3.0,0.0,2.0,1
5,71.74,6,6.0,1.0,4.0,0
19,68.33,10,0.0,0.0,4.0,0
15,69.83,3,1.0,0.0,2.0,0
8,73.28,14,3.0,0.0,3.0,0
17,77.38,6,6.0,1.0,3.0,0
24,75.74,10,0.0,0.0,4.0,0
12,77.36,8,4.0,1.0,2.0,0
7,98.71,2,1.0,0.0,5.0,0
8,86.15,2,1.0,0.0,3.0,0
14,94.72,2,1.0,0.0,2.0,1
24,64.27,4,5.0,1.0,2.0,1
5,81.36,10,0.0,0.0,3.0,0
33,89.68,2,1.0,0.0,5.0,0
17,59.56,10,0.0,0.0,2.0,1
37,73.62,15,3.0,0.0,4.0,1
7,80.56,12,2.0,0.0,4.0,0
11,115.18,2,1.0,0.0,4.0,0
5,71.81,10,0.0,0.0,4.0,0
8,98.04,12,2.0,0.0,2.0,0
23,74.94,12,2.0,0.0,2.0,1
5,110.13,10,0.0,0.0,3.0,0
21,75.55,11,0.0,0.0,2.0,0
5,81.42,14,3.0,0.0,3.0,0
22,80.87,10,0.0,0.0,1.0,1
6,84.71,8,4.0,1.0,1.0,1
16,86.73,8,4.0,0.0,1.0,1
20,80.11,10,0.0,0.0,5.0,1
3,90.73,12,2.0,0.0,1.0,0
10,70.61,8,4.0,0.0,3.0,0
21,74.17,8,4.0,0.0,3.0,0
7,94.23,14,3.0,0.0,2.0,0
54,73.02,7,6.0,0.0,3.0,1
6,98.74,8,4.0,0.0,3.0,0
5,76.18,3,5.0,1.0,4.0,0
15,77.2,10,0.0,0.0,2.0,0
17,85.26,6,6.0,0.0,5.0,0
6,95.66,3,5.0,1.0,2.0,0
13,73.31,12,2.0,1.0,2.0,0
13,73.96,8,4.0,0.0,5.0,0
