frequency,attack-angle,chord-length,free-stream-velocity,suction-side-displacement-thickness,__target__
8000,1.0,0.3048,71.3,0.00336729,115.372
4000,0.0,0.0254,55.5,0.00041229,133.223
2000,3.0,0.1016,55.5,0.0368233,118.564
1600,18.0,0.2286,71.3,0.0051942,130.46
12500,0.0,0.0508,71.3,0.000740478,125.22
2000,25.0,0.0254,39.6,0.00449821,131.274
3150,3.0,0.1016,39.6,0.0408268,113.055
4000,0.0,0.0254,71.3,0.000400682,138.557
1600,19.0,0.1524,71.3,0.00401199,133.241
1000,19.0,0.1524,39.6,0.00485029,130.507
800,12.0,0.0254,71.3,0.0214178,123.227
1250,15.0,0.2286,71.3,0.00400603,131.718
250,9.0,0.0508,71.3,0.0341183,119.115
1250,12.0,0.0254,39.6,0.0229028,126.446
6300,13.0,0.3048,71.3,0.00425727,116.134
250,26.0,0.1524,55.5,0.0208438,133.235
800,15.0,0.3048,39.6,0.00579636,130.723
16000,15.0,0.2286,71.3,0.00400603,112.768
400,22.0,0.2286,39.6,0.0123481,132.039
315,9.0,0.0508,71.3,0.0341183,121.235
1250,15.0,0.2286,31.7,0.00509068,128.119
2500,0.0,0.0508,55.5,0.00076193,133.956
10000,11.0,0.1524,71.3,0.00243851,116.724
315,2.0,0.0508,71.3,0.014072,128.381
3150,18.0,0.2286,39.6,0.00614329,118.441
1000,8.0,0.0254,55.5,0.0165706,126.001
1600,0.0,0.1524,71.3,0.0015988,129.667
1000,24.0,0.1016,39.6,0.0124596,129.58
2000,0.0,0.3048,55.5,0.00283081,126.616
2500,0.0,0.3048,55.5,0.00283081,124.106
1600,3.0,0.1016,31.7,0.0418756,114.477
4000,10.0,0.2286,39.6,0.00346574,120.227
315,22.0,0.2286,39.6,0.0123481,132.149
1250,19.0,0.1524,39.6,0.00485029,127.117
8000,16.0,0.0508,39.6,0.00152689,120.397
3150,23.0,0.0508,71.3,0.00529514,131.966
8000,0.0,0.1016,55.5,0.00131983,124.45
1250,0.0,0.2286,71.3,0.00214345,128.144
2000,3.0,0.1016,71.3,0.0337792,122.218
250,25.0,0.0254,39.6,0.00449821,116.924
5000,15.0,0.2286,39.6,0.00473801,117.649
6300,19.0,0.1524,31.7,0.00525474,115.591
3150,0.0,0.2286,55.5,0.00229336,125.16
3150,22.0,0.2286,31.7,0.0132672,113.229
2500,4.0,0.1524,71.3,0.0483159,115.234
2000,6.0,0.0508,71.3,0.0264269,129.285
3150,0.0,0.0254,71.3,0.000400682,137.007
400,7.0,0.1016,71.3,0.0437259,134.058
1250,0.0,0.2286,55.5,0.00229336,127.91
1600,10.0,0.2286,55.5,0.00313525,126.752
8000,12.0,0.0254,71.3,0.0214178,121.657
250,22.0,0.2286,39.6,0.0123481,131.889
800,22.0,0.2286,55.5,0.0111706,128.444
12500,0.0,0.3048,39.6,0.00310138,109.619
2000,9.0,0.0508,71.3,0.0341183,120.055
2500,9.0,0.0508,39.6,0.036484,116.184
5000,12.0,0.0254,39.6,0.0229028,118.816
3150,20.0,0.1016,71.3,0.00478288,124.458
3150,17.0,0.0254,71.3,0.000848633,133.378
1000,17.0,0.0254,31.7,0.000930789,125.348
800,0.0,0.1524,31.7,0.00209405,129.117
4000,6.0,0.0508,71.3,0.0264269,122.675
200,24.0,0.1016,39.6,0.0124596,133.42
2000,13.0,0.3048,71.3,0.00425727,125.524
8000,11.0,0.1524,39.6,0.00294804,116.659
500,12.0,0.0254,39.6,0.0229028,129.776
3150,8.0,0.0254,39.6,0.0172206,123.564
6300,0.0,0.1524,39.6,0.00193287,121.313
16000,0.0,0.0254,31.7,0.000439472,125.627
2500,0.0,0.0508,71.3,0.000740478,131.31
6300,0.0,0.2286,71.3,0.00214345,122.044
1600,10.0,0.2286,71.3,0.00293031,127.796
800,15.0,0.2286,31.7,0.00509068,130.869
2500,10.0,0.2286,71.3,0.00293031,127.006
630,20.0,0.1016,39.6,0.00578076,133.355
10000,0.0,0.1016,31.7,0.00150092,115.893
630,26.0,0.1524,31.7,0.0252785,126.049
1600,20.0,0.1016,31.7,0.00592927,124.346
315,19.0,0.1524,39.6,0.00485029,125.347
16000,0.0,0.1524,55.5,0.00172668,112.803
3150,1.0,0.3048,39.6,0.00392107,119.111
400,3.0,0.1016,71.3,0.0337792,139.428
200,7.0,0.1016,71.3,0.0437259,130.898
5000,21.0,0.1524,39.6,0.00909175,113.288
1250,0.0,0.0508,55.5,0.00076193,127.076
12500,0.0,0.1524,71.3,0.0015988,117.087
2000,8.0,0.0254,31.7,0.0176631,124.356
5000,17.0,0.0254,71.3,0.000848633,135.468
315,8.0,0.0254,71.3,0.016104,115.846
6300,0.0,0.1016,31.7,0.00150092,124.253
800,10.0,0.2286,31.7,0.00372371,130.307
4000,0.0,0.0508,39.6,0.000791822,135.308
1250,11.0,0.1524,39.6,0.00294804,130.829
1600,13.0,0.3048,39.6,0.00495741,122.782
4000,4.0,0.1524,71.3,0.0483159,108.034
2000,2.0,0.0508,39.6,0.0150478,124.42
1600,8.0,0.0254,39.6,0.0172206,127.614
2000,9.0,0.0508,39.6,0.036484,117.724
2500,26.0,0.1524,71.3,0.0193001,119.639
10000,0.0,0.1524,55.5,0.00172668,119.253
2500,8.0,0.0254,31.7,0.0176631,124.166
6300,0.0,0.0508,55.5,0.00076193,132.796
2000,4.0,0.1524,39.6,0.0584113,109.52
250,3.0,0.1016,31.7,0.0418756,125.857
500,5.0,0.0254,71.3,0.0121808,126.898
2500,6.0,0.0508,55.5,0.0271925,125.63
315,15.0,0.3048,39.6,0.00579636,126.843
5000,15.0,0.2286,71.3,0.00400603,121.118
16000,17.0,0.0254,55.5,0.000873218,124.394
5000,10.0,0.2286,39.6,0.00346574,118.827
500,10.0,0.2286,71.3,0.00293031,126.486
630,14.0,0.1016,39.6,0.00245138,127.251
800,25.0,0.0254,31.7,0.00461377,130.746
500,15.0,0.3048,71.3,0.00497773,130.715
2000,12.0,0.0254,71.3,0.0214178,127.197
2500,2.0,0.0508,71.3,0.014072,130.541
10000,13.0,0.3048,55.5,0.00452492,112.169
6300,8.0,0.0254,55.5,0.0165706,114.861
3150,25.0,0.0254,55.5,0.0043284,133.252
4000,18.0,0.2286,39.6,0.00614329,115.801
5000,0.0,0.0508,31.7,0.000812164,133.23
6300,1.0,0.3048,39.6,0.00392107,114.751
800,6.0,0.0508,55.5,0.0271925,130.43
400,1.0,0.3048,39.6,0.00392107,124.001
5000,1.0,0.3048,39.6,0.00392107,116.241
6300,19.0,0.1524,71.3,0.00401199,116.411
5000,3.0,0.1016,55.5,0.0368233,112.014
2000,15.0,0.2286,39.6,0.00473801,121.659
3150,0.0,0.0508,31.7,0.000812164,135.49
630,0.0,0.2286,55.5,0.00229336,126.16
5000,21.0,0.1524,71.3,0.00752039,118.343
8000,14.0,0.1016,39.6,0.00245138,118.091
3150,0.0,0.0254,39.6,0.000428464,133.276
315,7.0,0.1016,71.3,0.0437259,133.808
1600,0.0,0.0254,39.6,0.000428464,124.156
2500,15.0,0.2286,31.7,0.00509068,120.209
6300,3.0,0.1016,39.6,0.0408268,107.985
10000,17.0,0.0254,55.5,0.000873218,126.944
315,0.0,0.3048,39.6,0.00310138,122.779
3150,2.0,0.0508,39.6,0.0150478,119.67
500,19.0,0.1524,31.7,0.00525474,129.681
400,3.0,0.1016,55.5,0.0368233,136.414
5000,23.0,0.0508,71.3,0.00529514,121.146
1250,20.0,0.1016,39.6,0.00578076,132.395
5000,13.0,0.3048,31.7,0.00529514,113.858
400,4.0,0.1524,71.3,0.0483159,127.094
8000,0.0,0.0254,31.7,0.000439472,137.207
6300,26.0,0.1524,55.5,0.0208438,110.555
2000,16.0,0.0508,71.3,0.00142788,129.848
800,17.0,0.0254,31.7,0.000930789,122.648
1600,0.0,0.1524,31.7,0.00209405,130.817
2500,6.0,0.0508,31.7,0.0289853,119.945
16000,1.0,0.3048,71.3,0.00336729,106.582
4000,0.0,0.3048,31.7,0.00331266,118.145
6300,22.0,0.2286,31.7,0.0132672,110.689
4000,0.0,0.1524,55.5,0.00172668,127.233
1600,17.0,0.0254,39.6,0.000907475,125.966
3150,17.0,0.0254,31.7,0.000930789,134.268
4000,1.0,0.3048,71.3,0.00336729,121.762
630,2.0,0.0508,71.3,0.014072,133.611
500,6.0,0.0508,39.6,0.0282593,125.963
200,6.0,0.0508,31.7,0.0289853,119.975
630,19.0,0.1524,55.5,0.00433288,131.807
800,25.0,0.0254,39.6,0.00449821,129.014
800,21.0,0.1524,71.3,0.00752039,136.023
2500,10.0,0.2286,55.5,0.00313525,123.862
5000,3.0,0.1016,31.7,0.0418756,107.147
2500,0.0,0.3048,31.7,0.00331266,120.755
1250,6.0,0.0508,39.6,0.0282593,126.743
2500,3.0,0.1016,55.5,0.0368233,117.054
4000,19.0,0.1524,31.7,0.00525474,116.181
10000,0.0,0.0254,55.5,0.00041229,134.563
1600,19.0,0.1524,55.5,0.00433288,130.567
500,22.0,0.2286,31.7,0.0132672,128.169
800,8.0,0.0254,71.3,0.016104,124.276
3150,0.0,0.3048,31.7,0.00331266,119.135
4000,16.0,0.0508,39.6,0.00152689,131.807
630,23.0,0.0508,39.6,0.00566229,126.045
1600,3.0,0.1016,71.3,0.0337792,124.748
1600,26.0,0.1524,31.7,0.0252785,117.119
500,7.0,0.1016,39.6,0.0528487,115.304
2500,10.0,0.2286,39.6,0.00346574,121.397
2500,23.0,0.0508,71.3,0.00529514,134.226
5000,0.0,0.1524,71.3,0.0015988,126.457
800,0.0,0.2286,55.5,0.00229336,127.53
1250,21.0,0.1524,39.6,0.00909175,122.428
250,2.0,0.0508,39.6,0.0150478,126.43
6300,0.0,0.1524,71.3,0.0015988,125.427
6300,5.0,0.0254,39.6,0.0130253,123.177
1600,18.0,0.2286,39.6,0.00614329,123.081
800,14.0,0.1016,39.6,0.00245138,129.991
400,9.0,0.0508,71.3,0.0341183,123.865
4000,12.0,0.0254,39.6,0.0229028,119.646
2500,0.0,0.2286,55.5,0.00229336,126.54
6300,11.0,0.1524,71.3,0.00243851,121.944
4000,15.0,0.3048,39.6,0.00579636,115.863
1600,19.0,0.1524,39.6,0.00485029,126.267
2000,22.0,0.2286,55.5,0.0111706,120.354
2500,23.0,0.0508,31.7,0.00580776,125.576
5000,19.0,0.1524,71.3,0.00401199,120.061
400,10.0,0.2286,31.7,0.00372371,123.417
315,2.0,0.0508,39.6,0.0150478,128.99
2000,25.0,0.0254,71.3,0.00420654,134.976
4000,26.0,0.1524,39.6,0.0233328,112.265
3150,10.0,0.2286,55.5,0.00313525,123.742
5000,0.0,0.0254,31.7,0.000439472,138.607
1000,15.0,0.3048,39.6,0.00579636,128.723
5000,5.0,0.0254,39.6,0.0130253,125.107
800,7.0,0.1016,39.6,0.0528487,118.964
3150,13.0,0.3048,71.3,0.00425727,121.514
500,25.0,0.0254,55.5,0.0043284,123.082
3150,26.0,0.1524,71.3,0.0193001,116.849
2000,23.0,0.0508,71.3,0.00529514,134.476
3150,26.0,0.1524,31.7,0.0252785,112.209
2000,0.0,0.1016,31.7,0.00150092,133.153
200,6.0,0.0508,39.6,0.0282593,121.783
2500,0.0,0.0254,31.7,0.000439472,132.897
10000,10.0,0.2286,71.3,0.00293031,113.086
315,7.0,0.1016,39.6,0.0528487,122.754
2000,0.0,0.1524,55.5,0.00172668,129.673
3150,13.0,0.3048,39.6,0.00495741,118.922
800,10.0,0.2286,55.5,0.00313525,128.492
630,8.0,0.0254,39.6,0.0172206,124.514
630,25.0,0.0254,71.3,0.00420654,125.726
4000,23.0,0.0508,71.3,0.00529514,126.926
1250,25.0,0.0254,39.6,0.00449821,130.964
1000,11.0,0.1524,39.6,0.00294804,130.589
2500,17.0,0.0254,39.6,0.000907475,131.236
1000,8.0,0.0254,39.6,0.0172206,138.274
3150,0.0,0.2286,31.7,0.0027238,123.445
8000,0.0,0.3048,55.5,0.00283081,116.476
6300,6.0,0.0508,71.3,0.0264269,115.215
2000,11.0,0.1524,71.3,0.00243851,130.114
12500,0.0,0.0254,31.7,0.000439472,128.977
10000,0.0,0.1016,39.6,0.00146332,119.561
2000,20.0,0.1016,55.5,0.0052139,129.653
6300,1.0,0.3048,71.3,0.00336729,118.122
200,8.0,0.0254,71.3,0.016104,112.506
4000,9.0,0.0508,39.6,0.036484,108.684
3150,13.0,0.3048,31.7,0.00529514,118.108
4000,0.0,0.1016,39.6,0.00146332,127.801
400,23.0,0.0508,31.7,0.00580776,120.076
630,5.0,0.0254,39.6,0.0130253,128.867
800,5.0,0.0254,71.3,0.0121808,130.348
2000,24.0,0.1016,71.3,0.0103088,124.233
5000,0.0,0.1524,55.5,0.00172668,125.203
20000,0.0,0.0254,55.5,0.00041229,121.933
2000,19.0,0.1524,39.6,0.00485029,124.647
5000,0.0,0.0508,39.6,0.000791822,134.308
2000,23.0,0.0508,39.6,0.00566229,129.965
1600,1.0,0.3048,71.3,0.00336729,126.632
10000,17.0,0.0254,39.6,0.000907475,126.066
1000,0.0,0.3048,39.6,0.00310138,127.899
2000,15.0,0.2286,31.7,0.00509068,122.089
400,13.0,0.3048,71.3,0.00425727,127.564
400,26.0,0.1524,55.5,0.0208438,131.605
250,9.0,0.0508,39.6,0.036484,127.224
3150,23.0,0.0508,55.5,0.00544854,128.402
1600,0.0,0.3048,71.3,0.00266337,127.591
2000,0.0,0.0254,55.5,0.00041229,127.623
630,10.0,0.2286,71.3,0.00293031,127.356
1000,24.0,0.1016,71.3,0.0103088,135.433
4000,17.0,0.0254,71.3,0.000848633,134.928
2000,0.0,0.3048,39.6,0.00310138,123.689
800,0.0,0.1016,55.5,0.00131983,127.92
16000,0.0,0.3048,71.3,0.00266337,108.721
4000,10.0,0.2286,55.5,0.00313525,122.232
2500,20.0,0.1016,55.5,0.0052139,124.273
3150,0.0,0.2286,71.3,0.00214345,127.834
3150,15.0,0.2286,31.7,0.00509068,120.229
5000,18.0,0.2286,39.6,0.00614329,115.311
3150,0.0,0.0254,55.5,0.00041229,130.503
250,0.0,0.3048,31.7,0.00331266,118.595
500,15.0,0.2286,31.7,0.00509068,128.939
500,8.0,0.0254,31.7,0.0176631,127.676
2500,22.0,0.2286,55.5,0.0111706,118.994
4000,0.0,0.0508,71.3,0.000740478,134.43
2000,5.0,0.0254,39.6,0.0130253,129.567
3150,0.0,0.2286,39.6,0.00253511,124.625
2000,0.0,0.1016,39.6,0.00146332,133.251
800,6.0,0.0508,39.6,0.0282593,128.423
4000,25.0,0.0254,31.7,0.00461377,126.736
1600,0.0,0.3048,55.5,0.00283081,126.986
1600,13.0,0.3048,55.5,0.00452492,124.439
2500,14.0,0.1016,31.7,0.00251435,130.392
2000,22.0,0.2286,39.6,0.0123481,117.809
8000,0.0,0.3048,71.3,0.00266337,117.151
2500,15.0,0.2286,39.6,0.00473801,119.649
2000,14.0,0.1016,55.5,0.002211,133.649
5000,8.0,0.0254,31.7,0.0176631,117.996
5000,15.0,0.3048,39.6,0.00579636,113.733
3150,14.0,0.1016,55.5,0.002211,130.629
800,0.0,0.3048,39.6,0.00310138,129.099
2000,25.0,0.0254,55.5,0.0043284,134.052
800,13.0,0.3048,31.7,0.00529514,128.708
8000,16.0,0.0508,71.3,0.00142788,125.268
800,0.0,0.1016,39.6,0.00146332,128.401
6300,3.0,0.1016,55.5,0.0368233,110.124
1000,10.0,0.2286,55.5,0.00313525,129.002
3150,26.0,0.1524,55.5,0.0208438,115.085
8000,0.0,0.0254,55.5,0.00041229,136.163
800,14.0,0.1016,31.7,0.00251435,131.362
12500,11.0,0.1524,39.6,0.00294804,108.649
10000,5.0,0.0254,71.3,0.0121808,114.418
400,5.0,0.0254,71.3,0.0121808,125.048
5000,19.0,0.1524,39.6,0.00485029,117.037
250,8.0,0.0254,55.5,0.0165706,110.491
1600,1.0,0.3048,39.6,0.00392107,122.211
800,20.0,0.1016,55.5,0.0052139,135.953
800,3.0,0.1016,55.5,0.0368233,125.114
630,15.0,0.2286,39.6,0.00473801,129.579
1600,22.0,0.2286,39.6,0.0123481,121.059
12500,1.0,0.3048,39.6,0.00392107,106.111
315,3.0,0.1016,55.5,0.0368233,135.674
630,14.0,0.1016,31.7,0.00251435,128.952
500,21.0,0.1524,71.3,0.00752039,132.043
1000,2.0,0.0508,71.3,0.014072,136.941
1250,26.0,0.1524,31.7,0.0252785,118.619
8000,14.0,0.1016,71.3,0.00202822,121.234
3150,0.0,0.0508,55.5,0.00076193,134.826
5000,14.0,0.1016,71.3,0.00202822,127.054
4000,22.0,0.2286,71.3,0.0104404,119.208
1600,8.0,0.0254,71.3,0.016104,126.406
1000,14.0,0.1016,55.5,0.002211,131.129
500,15.0,0.3048,39.6,0.00579636,130.173
315,15.0,0.2286,39.6,0.00473801,122.229
1000,0.0,0.1016,39.6,0.00146332,130.781
10000,0.0,0.3048,31.7,0.00331266,108.265
800,15.0,0.3048,71.3,0.00497773,131.755
1000,3.0,0.1016,39.6,0.0408268,122.435
8000,0.0,0.2286,71.3,0.00214345,118.024
630,13.0,0.3048,39.6,0.00495741,129.292
1250,0.0,0.1524,55.5,0.00172668,129.953
1250,10.0,0.2286,55.5,0.00313525,128.762
315,8.0,0.0254,39.6,0.0172206,115.144
4000,14.0,0.1016,55.5,0.002211,127.229
800,0.0,0.0508,55.5,0.00076193,124.336
12500,0.0,0.2286,71.3,0.00214345,117.624
4000,25.0,0.0254,71.3,0.00420654,134.236
2500,14.0,0.1016,55.5,0.002211,132.889
800,19.0,0.1524,31.7,0.00525474,131.491
10000,14.0,0.1016,71.3,0.00202822,116.694
6300,11.0,0.1524,39.6,0.00294804,119.209
4000,15.0,0.2286,31.7,0.00509068,118.859
1000,0.0,0.3048,55.5,0.00283081,126.966
20000,17.0,0.0254,71.3,0.000848633,119.708
3150,0.0,0.0254,31.7,0.000439472,135.227
800,0.0,0.2286,31.7,0.0027238,130.725
8000,17.0,0.0254,55.5,0.000873218,132.184
1000,0.0,0.1016,71.3,0.00121072,128.825
315,15.0,0.3048,71.3,0.00497773,128.175
8000,0.0,0.1524,71.3,0.0015988,122.527
3150,14.0,0.1016,39.6,0.00245138,128.401
315,8.0,0.0254,31.7,0.0176631,118.416
6300,0.0,0.2286,55.5,0.00229336,118.41
1250,8.0,0.0254,39.6,0.0172206,131.364
2000,0.0,0.2286,39.6,0.00253511,125.305
1250,14.0,0.1016,71.3,0.00202822,132.304
4000,15.0,0.2286,55.5,0.0042862,120.654
2000,26.0,0.1524,71.3,0.0193001,120.779
2500,0.0,0.0508,31.7,0.000812164,134.87
10000,18.0,0.2286,71.3,0.0051942,111.35
3150,16.0,0.0508,39.6,0.00152689,133.587
5000,17.0,0.0254,39.6,0.000907475,135.426
3150,0.0,0.1524,39.6,0.00193287,125.603
1000,13.0,0.3048,31.7,0.00529514,126.838
400,18.0,0.2286,39.6,0.00614329,131.221
400,18.0,0.2286,71.3,0.0051942,127.7
2500,8.0,0.0254,55.5,0.0165706,124.931
3150,25.0,0.0254,71.3,0.00420654,136.166
10000,0.0,0.1016,71.3,0.00121072,123.305
3150,18.0,0.2286,71.3,0.0051942,123.12
1000,11.0,0.1524,71.3,0.00243851,128.774
250,8.0,0.0254,39.6,0.0172206,114.714
1600,13.0,0.3048,31.7,0.00529514,122.088
200,3.0,0.1016,31.7,0.0418756,124.987
1000,25.0,0.0254,71.3,0.00420654,129.556
1600,20.0,0.1016,55.5,0.0052139,133.653
630,15.0,0.3048,71.3,0.00497773,131.615
6300,15.0,0.2286,39.6,0.00473801,114.249
5000,11.0,0.1524,71.3,0.00243851,124.364
630,3.0,0.1016,31.7,0.0418756,119.287
630,12.0,0.0254,39.6,0.0229028,137.026
2500,13.0,0.3048,31.7,0.00529514,119.598
3150,6.0,0.0508,31.7,0.0289853,118.045
3150,9.0,0.0508,39.6,0.036484,113.004
2000,10.0,0.2286,71.3,0.00293031,126.896
1000,9.0,0.0508,71.3,0.0341183,121.885
200,8.0,0.0254,39.6,0.0172206,114.044
800,0.0,0.3048,55.5,0.00283081,128.086
4000,0.0,0.0254,39.6,0.000428464,135.346
3150,0.0,0.1016,39.6,0.00146332,130.961
630,6.0,0.0508,31.7,0.0289853,124.685
1000,7.0,0.1016,71.3,0.0437259,124.438
2500,0.0,0.1524,39.6,0.00193287,126.863
3150,19.0,0.1524,31.7,0.00525474,118.291
1250,5.0,0.0254,39.6,0.0130253,130.777
800,26.0,0.1524,71.3,0.0193001,128.879
5000,18.0,0.2286,71.3,0.0051942,118.05
5000,0.0,0.3048,31.7,0.00331266,115.645
4000,7.0,0.1016,39.6,0.0528487,106.604
2000,0.0,0.0508,31.7,0.000812164,133.01
1600,6.0,0.0508,55.5,0.0271925,128.2
10000,15.0,0.2286,71.3,0.00400603,113.108
315,0.0,0.2286,55.5,0.00229336,119.54
800,23.0,0.0508,31.7,0.00580776,128.246
630,17.0,0.0254,39.6,0.000907475,118.696
1250,13.0,0.3048,31.7,0.00529514,124.838
400,10.0,0.2286,71.3,0.00293031,125.116
200,0.0,0.3048,31.7,0.00331266,117.195
1000,1.0,0.3048,71.3,0.00336729,125.992
1600,3.0,0.1016,55.5,0.0368233,121.824
1600,16.0,0.0508,39.6,0.00152689,130.197
3150,0.0,0.1524,31.7,0.00209405,124.207
1250,15.0,0.3048,39.6,0.00579636,126.343
315,12.0,0.0254,71.3,0.0214178,115.857
2500,14.0,0.1016,71.3,0.00202822,133.894
315,4.0,0.1524,71.3,0.0483159,128.484
2000,0.0,0.1524,39.6,0.00193287,129.633
2500,8.0,0.0254,39.6,0.0172206,124.154
800,24.0,0.1016,39.6,0.0124596,130.94
200,22.0,0.2286,55.5,0.0111706,135.234
1000,5.0,0.0254,71.3,0.0121808,131.698
5000,0.0,0.2286,55.5,0.00229336,122.41
5000,0.0,0.0254,39.6,0.000428464,136.536
3150,12.0,0.0254,39.6,0.0229028,120.856
12500,0.0,0.3048,55.5,0.00283081,111.076
1600,4.0,0.1524,71.3,0.0483159,120.534
630,7.0,0.1016,71.3,0.0437259,122.288
1000,23.0,0.0508,55.5,0.00544854,130.722
4000,0.0,0.1524,71.3,0.0015988,128.857
4000,1.0,0.3048,39.6,0.00392107,117.741
6300,0.0,0.0508,71.3,0.000740478,133.04
800,22.0,0.2286,39.6,0.0123481,126.299
1250,1.0,0.3048,39.6,0.00392107,125.211
3150,8.0,0.0254,71.3,0.016104,126.536
250,18.0,0.2286,39.6,0.00614329,127.011
1250,23.0,0.0508,31.7,0.00580776,130.156
3150,0.0,0.1524,55.5,0.00172668,127.753
800,21.0,0.1524,39.6,0.00909175,132.358
4000,23.0,0.0508,39.6,0.00566229,118.955
1250,3.0,0.1016,39.6,0.0408268,121.165
1250,22.0,0.2286,31.7,0.0132672,120.509
10000,21.0,0.1524,39.6,0.00909175,110.868
250,26.0,0.1524,31.7,0.0252785,128.559
2000,21.0,0.1524,71.3,0.00752039,128.643
1600,0.0,0.1016,71.3,0.00121072,131.725
500,0.0,0.2286,55.5,0.00229336,123.78
500,0.0,0.2286,39.6,0.00253511,126.195
1250,0.0,0.0254,31.7,0.000439472,127.947
630,18.0,0.2286,71.3,0.0051942,131.8
800,15.0,0.2286,71.3,0.00400603,130.688
5000,8.0,0.0254,39.6,0.0172206,119.854
1250,0.0,0.1524,39.6,0.00193287,131.023
3150,25.0,0.0254,39.6,0.00449821,129.934
6300,15.0,0.2286,71.3,0.00400603,118.618
1250,6.0,0.0508,55.5,0.0271925,130.0
5000,0.0,0.1524,31.7,0.00209405,122.397
6300,15.0,0.2286,31.7,0.00509068,112.699
1250,0.0,0.0508,71.3,0.000740478,128.56
4000,23.0,0.0508,31.7,0.00580776,118.106
1000,0.0,0.0508,31.7,0.000812164,126.78
800,0.0,0.1524,39.6,0.00193287,127.903
800,0.0,0.0508,71.3,0.000740478,130.96
2000,8.0,0.0254,71.3,0.016104,126.826
630,0.0,0.1016,39.6,0.00146332,125.401
500,17.0,0.0254,31.7,0.000930789,116.128
1600,17.0,0.0254,55.5,0.000873218,121.474
4000,23.0,0.0508,55.5,0.00544854,122.612
6300,0.0,0.2286,31.7,0.0027238,116.815
630,17.0,0.0254,31.7,0.000930789,120.078
500,19.0,0.1524,55.5,0.00433288,129.367
2000,0.0,0.1524,31.7,0.00209405,128.907
3150,4.0,0.1524,39.6,0.0584113,106.26
400,6.0,0.0508,55.5,0.0271925,126.5
4000,7.0,0.1016,71.3,0.0437259,113.298
2500,26.0,0.1524,39.6,0.0233328,116.295
2500,16.0,0.0508,71.3,0.00142788,131.978
500,3.0,0.1016,39.6,0.0408268,122.205
2000,16.0,0.0508,39.6,0.00152689,132.587
250,22.0,0.2286,31.7,0.0132672,130.089
400,20.0,0.1016,31.7,0.00592927,128.296
3150,21.0,0.1524,71.3,0.00752039,116.783
200,3.0,0.1016,55.5,0.0368233,132.304
1600,10.0,0.2286,31.7,0.00372371,125.797
1250,4.0,0.1524,39.6,0.0584113,112.16
1600,9.0,0.0508,71.3,0.0341183,120.575
10000,14.0,0.1016,39.6,0.00245138,115.321
2000,0.0,0.0508,39.6,0.000791822,132.918
6300,0.0,0.0254,71.3,0.000400682,134.987
2000,17.0,0.0254,55.5,0.000873218,125.054
2000,10.0,0.2286,31.7,0.00372371,123.037
2000,19.0,0.1524,31.7,0.00525474,122.771
400,19.0,0.1524,55.5,0.00433288,126.807
800,2.0,0.0508,39.6,0.0150478,133.79
4000,13.0,0.3048,55.5,0.00452492,118.689
10000,11.0,0.1524,39.6,0.00294804,112.589
250,7.0,0.1016,39.6,0.0528487,124.644
5000,19.0,0.1524,31.7,0.00525474,115.691
4000,26.0,0.1524,71.3,0.0193001,115.079
1600,0.0,0.1016,31.7,0.00150092,133.553
2500,0.0,0.1016,55.5,0.00131983,133.04
1250,25.0,0.0254,55.5,0.0043284,132.202
400,8.0,0.0254,31.7,0.0176631,120.766
630,11.0,0.1524,71.3,0.00243851,127.404
4000,12.0,0.0254,71.3,0.0214178,123.917
12500,0.0,0.1524,55.5,0.00172668,117.093
1000,19.0,0.1524,31.7,0.00525474,128.241
1250,0.0,0.3048,39.6,0.00310138,125.499
500,26.0,0.1524,55.5,0.0208438,127.815
4000,22.0,0.2286,31.7,0.0132672,112.639
800,0.0,0.3048,31.7,0.00331266,129.235
500,20.0,0.1016,55.5,0.0052139,129.343
800,24.0,0.1016,71.3,0.0103088,137.813
12500,17.0,0.0254,71.3,0.000848633,127.688
1600,24.0,0.1016,39.6,0.0124596,123.82
630,0.0,0.1524,31.7,0.00209405,125.997
6300,13.0,0.3048,39.6,0.00495741,114.042
1000,6.0,0.0508,39.6,0.0282593,127.893
315,15.0,0.2286,31.7,0.00509068,123.609
10000,0.0,0.2286,71.3,0.00214345,118.134
200,26.0,0.1524,55.5,0.0208438,131.955
1600,13.0,0.3048,71.3,0.00425727,126.514
315,20.0,0.1016,31.7,0.00592927,126.266
8000,14.0,0.1016,31.7,0.00251435,117.432
1600,26.0,0.1524,71.3,0.0193001,121.789
250,6.0,0.0508,71.3,0.0264269,124.835
2500,25.0,0.0254,39.6,0.00449821,131.234
8000,0.0,0.0508,55.5,0.00076193,130.156
400,24.0,0.1016,39.6,0.0124596,135.54
8000,0.0,0.1016,39.6,0.00146332,122.341
1250,9.0,0.0508,71.3,0.0341183,121.485
1600,6.0,0.0508,31.7,0.0289853,121.485
6300,22.0,0.2286,71.3,0.0104404,115.818
3150,0.0,0.3048,39.6,0.00310138,120.319
12500,0.0,0.0254,55.5,0.00041229,131.453
4000,19.0,0.1524,39.6,0.00485029,117.137
315,26.0,0.1524,39.6,0.0233328,128.595
4000,24.0,0.1016,71.3,0.0103088,120.243
400,23.0,0.0508,39.6,0.00566229,120.015
1600,15.0,0.3048,71.3,0.00497773,126.645
5000,24.0,0.1016,39.6,0.0124596,113.08
5000,10.0,0.2286,55.5,0.00313525,120.472
4000,6.0,0.0508,39.6,0.0282593,118.113
1000,3.0,0.1016,55.5,0.0368233,125.484
500,21.0,0.1524,39.6,0.00909175,132.658
3150,10.0,0.2286,31.7,0.00372371,121.527
4000,2.0,0.0508,39.6,0.0150478,115.52
630,23.0,0.0508,31.7,0.00580776,125.856
2500,13.0,0.3048,39.6,0.00495741,120.162
400,4.0,0.1524,39.6,0.0584113,115.91
8000,0.0,0.1016,71.3,0.00121072,125.465
500,5.0,0.0254,39.6,0.0130253,127.127
800,25.0,0.0254,55.5,0.0043284,128.082
500,15.0,0.2286,55.5,0.0042862,127.314
1600,16.0,0.0508,71.3,0.00142788,124.318
3150,22.0,0.2286,55.5,0.0111706,117.134
4000,8.0,0.0254,55.5,0.0165706,121.771
6300,3.0,0.1016,71.3,0.0337792,113.958
400,5.0,0.0254,39.6,0.0130253,125.527
1000,15.0,0.2286,55.5,0.0042862,132.134
500,3.0,0.1016,31.7,0.0418756,118.667
1600,5.0,0.0254,71.3,0.0121808,134.528
1250,18.0,0.2286,39.6,0.00614329,125.721
500,8.0,0.0254,55.5,0.0165706,119.621
6300,0.0,0.3048,71.3,0.00266337,119.541
400,10.0,0.2286,55.5,0.00313525,122.292
800,12.0,0.0254,39.6,0.0229028,137.076
1000,15.0,0.2286,31.7,0.00509068,129.869
1250,21.0,0.1524,71.3,0.00752039,132.513
800,15.0,0.2286,55.5,0.0042862,131.864
6300,0.0,0.0254,31.7,0.000439472,138.537
400,6.0,0.0508,39.6,0.0282593,125.353
6300,15.0,0.2286,55.5,0.0042862,117.154
200,2.0,0.0508,39.6,0.0150478,125.01
400,13.0,0.3048,55.5,0.00452492,126.159
1250,6.0,0.0508,71.3,0.0264269,130.845
1250,7.0,0.1016,71.3,0.0437259,123.178
800,0.0,0.0508,31.7,0.000812164,122.79
4000,18.0,0.2286,71.3,0.0051942,120.33
630,7.0,0.1016,39.6,0.0528487,118.084
16000,0.0,0.0254,71.3,0.000400682,130.477
6300,6.0,0.0508,39.6,0.0282593,109.663
2000,0.0,0.0508,55.5,0.00076193,131.456
6300,0.0,0.3048,55.5,0.00283081,117.976
250,22.0,0.2286,71.3,0.0104404,139.918
400,9.0,0.0508,39.6,0.036484,130.614
6300,5.0,0.0254,71.3,0.0121808,125.398
1000,19.0,0.1524,55.5,0.00433288,132.127
200,22.0,0.2286,31.7,0.0132672,128.679
1250,13.0,0.3048,55.5,0.00452492,127.329
4000,0.0,0.0254,31.7,0.000439472,137.047
5000,0.0,0.1016,31.7,0.00150092,124.393
1250,10.0,0.2286,31.7,0.00372371,128.677
6300,0.0,0.1016,71.3,0.00121072,129.395
800,17.0,0.0254,39.6,0.000907475,120.766
1600,0.0,0.2286,39.6,0.00253511,127.095
250,4.0,0.1524,71.3,0.0483159,129.744
6300,17.0,0.0254,31.7,0.000930789,132.898
2500,3.0,0.1016,31.7,0.0418756,110.317
3150,3.0,0.1016,71.3,0.0337792,120.798
3150,4.0,0.1524,71.3,0.0483159,113.334
630,0.0,0.3048,55.5,0.00283081,127.696
315,26.0,0.1524,31.7,0.0252785,128.809
12500,0.0,0.0508,31.7,0.000812164,119.07
630,15.0,0.2286,31.7,0.00509068,130.349
1000,25.0,0.0254,55.5,0.0043284,130.332
315,24.0,0.1016,71.3,0.0103088,136.583
500,15.0,0.2286,71.3,0.00400603,126.758
1000,10.0,0.2286,39.6,0.00346574,129.147
5000,22.0,0.2286,39.6,0.0123481,111.959
630,10.0,0.2286,31.7,0.00372371,129.057
1600,20.0,0.1016,71.3,0.00478288,136.678
3150,7.0,0.1016,71.3,0.0437259,116.468
1600,0.0,0.0508,55.5,0.00076193,128.576
5000,10.0,0.2286,71.3,0.00293031,122.816
3150,10.0,0.2286,39.6,0.00346574,121.627
1600,14.0,0.1016,31.7,0.00251435,133.402
800,5.0,0.0254,39.6,0.0130253,130.217
4000,10.0,0.2286,31.7,0.00372371,120.527
400,24.0,0.1016,71.3,0.0103088,138.123
1250,15.0,0.2286,55.5,0.0042862,131.264
2500,18.0,0.2286,71.3,0.0051942,123.74
1250,5.0,0.0254,71.3,0.0121808,133.048
6300,0.0,0.0508,31.7,0.000812164,130.34
630,0.0,0.1524,55.5,0.00172668,123.583
1600,4.0,0.1524,39.6,0.0584113,110.78
5000,16.0,0.0508,71.3,0.00142788,132.828
8000,13.0,0.3048,71.3,0.00425727,114.634
250,6.0,0.0508,55.5,0.0271925,124.17
5000,13.0,0.3048,71.3,0.00425727,118.134
6300,26.0,0.1524,31.7,0.0252785,108.689
6300,25.0,0.0254,71.3,0.00420654,127.246
200,26.0,0.1524,39.6,0.0233328,127.315
400,22.0,0.2286,55.5,0.0111706,135.924
5000,0.0,0.3048,55.5,0.00283081,119.606
1600,14.0,0.1016,55.5,0.002211,133.649
6300,8.0,0.0254,71.3,0.016104,119.916
3150,23.0,0.0508,31.7,0.00580776,122.086
630,26.0,0.1524,71.3,0.0193001,129.889
2000,17.0,0.0254,39.6,0.000907475,128.916
400,25.0,0.0254,39.6,0.00449821,121.154
1000,7.0,0.1016,39.6,0.0528487,119.224
3150,24.0,0.1016,71.3,0.0103088,123.263
2000,0.0,0.3048,31.7,0.00331266,122.375
315,6.0,0.0508,31.7,0.0289853,122.845
10000,0.0,0.3048,55.5,0.00283081,113.076
500,0.0,0.1524,39.6,0.00193287,119.513
2000,0.0,0.0254,39.6,0.000428464,130.026
2500,0.0,0.2286,71.3,0.00214345,128.354
500,0.0,0.3048,55.5,0.00283081,126.416
2500,0.0,0.1524,31.7,0.00209405,125.867
800,19.0,0.1524,71.3,0.00401199,131.281
250,8.0,0.0254,71.3,0.016104,113.796
8000,21.0,0.1524,71.3,0.00752039,113.333
3150,6.0,0.0508,55.5,0.0271925,123.46
2500,15.0,0.3048,39.6,0.00579636,120.233
1000,6.0,0.0508,31.7,0.0289853,124.525
315,25.0,0.0254,39.6,0.00449821,119.294
630,26.0,0.1524,39.6,0.0233328,126.465
1000,18.0,0.2286,71.3,0.0051942,134.0
2500,18.0,0.2286,39.6,0.00614329,116.151
4000,8.0,0.0254,71.3,0.016104,125.586
2000,26.0,0.1524,31.7,0.0252785,116.859
800,18.0,0.2286,39.6,0.00614329,129.491
1600,0.0,0.1524,55.5,0.00172668,130.183
200,7.0,0.1016,39.6,0.0528487,123.514
1000,0.0,0.3048,31.7,0.00331266,127.365
10000,16.0,0.0508,71.3,0.00142788,121.238
1000,15.0,0.2286,71.3,0.00400603,131.708
500,23.0,0.0508,31.7,0.00580776,122.966
8000,5.0,0.0254,71.3,0.0121808,120.538
4000,2.0,0.0508,71.3,0.014072,122.471
500,22.0,0.2286,39.6,0.0123481,130.299
6300,0.0,0.1016,39.6,0.00146332,125.631
1250,17.0,0.0254,39.6,0.000907475,125.026
4000,16.0,0.0508,71.3,0.00142788,133.598
5000,6.0,0.0508,55.5,0.0271925,117.11
6300,0.0,0.3048,39.6,0.00310138,116.229
1000,21.0,0.1524,39.6,0.00909175,128.338
4000,8.0,0.0254,31.7,0.0176631,121.996
2500,0.0,0.2286,31.7,0.0027238,123.445
2500,25.0,0.0254,71.3,0.00420654,135.956
800,13.0,0.3048,55.5,0.00452492,129.949
3150,5.0,0.0254,71.3,0.0121808,133.758
630,8.0,0.0254,71.3,0.016104,122.606
630,10.0,0.2286,39.6,0.00346574,127.417
6300,16.0,0.0508,71.3,0.00142788,129.308
1000,19.0,0.1524,71.3,0.00401199,133.201
4000,17.0,0.0254,55.5,0.000873218,133.924
10000,0.0,0.1016,55.5,0.00131983,121.93
4000,21.0,0.1524,71.3,0.00752039,119.343
630,20.0,0.1016,71.3,0.00478288,131.448
5000,0.0,0.0254,71.3,0.000400682,136.837
1600,25.0,0.0254,31.7,0.00461377,131.036
5000,22.0,0.2286,71.3,0.0104404,115.298
2000,1.0,0.3048,39.6,0.00392107,122.101
6300,14.0,0.1016,31.7,0.00251435,120.702
2500,21.0,0.1524,71.3,0.00752039,124.353
6300,10.0,0.2286,31.7,0.00372371,115.137
2500,7.0,0.1016,39.6,0.0528487,110.264
3150,22.0,0.2286,71.3,0.0104404,120.458
10000,5.0,0.0254,39.6,0.0130253,116.017
1000,17.0,0.0254,39.6,0.000907475,122.956
2000,1.0,0.3048,71.3,0.00336729,126.642
1600,12.0,0.0254,39.6,0.0229028,122.216
400,6.0,0.0508,31.7,0.0289853,123.705
1600,0.0,0.1016,39.6,0.00146332,133.261
200,4.0,0.1524,39.6,0.0584113,114.75
4000,25.0,0.0254,55.5,0.0043284,131.582
315,6.0,0.0508,55.5,0.0271925,125.39
800,23.0,0.0508,71.3,0.00529514,127.556
200,12.0,0.0254,39.6,0.0229028,116.066
200,22.0,0.2286,71.3,0.0104404,138.758
8000,18.0,0.2286,71.3,0.0051942,114.9
4000,0.0,0.0508,31.7,0.000812164,134.11
6300,6.0,0.0508,31.7,0.0289853,108.185
250,26.0,0.1524,39.6,0.0233328,128.335
4000,0.0,0.3048,55.5,0.00283081,121.106
1000,26.0,0.1524,71.3,0.0193001,126.349
250,6.0,0.0508,31.7,0.0289853,121.225
10000,0.0,0.0508,39.6,0.000791822,125.998
1600,23.0,0.0508,39.6,0.00566229,130.965
8000,17.0,0.0254,39.6,0.000907475,131.346
500,19.0,0.1524,39.6,0.00485029,129.937
1250,1.0,0.3048,71.3,0.00336729,125.872
4000,0.0,0.1524,31.7,0.00209405,123.807
8000,15.0,0.2286,55.5,0.0042862,112.524
250,12.0,0.0254,39.6,0.0229028,117.386
1250,18.0,0.2286,71.3,0.0051942,133.38
10000,0.0,0.1524,39.6,0.00193287,115.413
1000,13.0,0.3048,39.6,0.00495741,128.312
800,6.0,0.0508,31.7,0.0289853,125.555
1000,12.0,0.0254,71.3,0.0214178,134.247
315,3.0,0.1016,39.6,0.0408268,129.415
1000,10.0,0.2286,31.7,0.00372371,130.307
800,15.0,0.2286,39.6,0.00473801,130.469
2000,13.0,0.3048,39.6,0.00495741,120.532
200,22.0,0.2286,39.6,0.0123481,130.989
6300,10.0,0.2286,55.5,0.00313525,118.712
400,7.0,0.1016,39.6,0.0528487,120.484
8000,11.0,0.1524,71.3,0.00243851,120.534
12500,0.0,0.0254,71.3,0.000400682,133.207
4000,11.0,0.1524,39.6,0.00294804,121.889
5000,6.0,0.0508,39.6,0.0282593,114.453
6300,14.0,0.1016,39.6,0.00245138,120.851
8000,0.0,0.1524,55.5,0.00172668,121.903
500,25.0,0.0254,31.7,0.00461377,126.886
4000,9.0,0.0508,71.3,0.0341183,113.045
630,3.0,0.1016,71.3,0.0337792,135.368
5000,15.0,0.2286,55.5,0.0042862,120.034
1600,0.0,0.0508,39.6,0.000791822,130.908
2500,19.0,0.1524,39.6,0.00485029,120.497
6300,0.0,0.2286,39.6,0.00253511,117.465
1000,0.0,0.2286,55.5,0.00229336,128.29
2000,20.0,0.1016,71.3,0.00478288,134.568
3150,21.0,0.1524,39.6,0.00909175,111.818
2500,3.0,0.1016,39.6,0.0408268,113.315
800,7.0,0.1016,71.3,0.0437259,124.188
2000,24.0,0.1016,39.6,0.0124596,119.04
400,19.0,0.1524,31.7,0.00525474,127.781
2500,14.0,0.1016,39.6,0.00245138,130.791
5000,0.0,0.1016,39.6,0.00146332,126.021
400,25.0,0.0254,31.7,0.00461377,124.756
8000,15.0,0.2286,39.6,0.00473801,113.129
6300,22.0,0.2286,39.6,0.0123481,110.839
8000,10.0,0.2286,71.3,0.00293031,115.996
200,26.0,0.1524,71.3,0.0193001,134.319
4000,13.0,0.3048,31.7,0.00529514,115.608
250,5.0,0.0254,71.3,0.0121808,119.698
1600,0.0,0.0508,31.7,0.000812164,131.01
6300,13.0,0.3048,55.5,0.00452492,115.679
250,6.0,0.0508,39.6,0.0282593,122.893
8000,5.0,0.0254,39.6,0.0130253,120.607
1000,0.0,0.1524,39.6,0.00193287,130.033
500,25.0,0.0254,39.6,0.00449821,123.894
1600,17.0,0.0254,31.7,0.000930789,128.718
8000,1.0,0.3048,39.6,0.00392107,112.251
1600,15.0,0.3048,39.6,0.00579636,123.213
630,6.0,0.0508,55.5,0.0271925,129.33
315,0.0,0.3048,31.7,0.00331266,122.765
800,0.0,0.3048,71.3,0.00266337,126.201
1250,0.0,0.1524,71.3,0.0015988,128.927
1600,14.0,0.1016,39.6,0.00245138,133.071
6300,25.0,0.0254,31.7,0.00461377,120.726
500,13.0,0.3048,31.7,0.00529514,127.548
200,0.0,0.3048,39.6,0.00310138,118.129
4000,3.0,0.1016,55.5,0.0368233,114.404
500,4.0,0.1524,39.6,0.0584113,114.9
800,19.0,0.1524,39.6,0.00485029,132.757
400,3.0,0.1016,39.6,0.0408268,128.265
3150,0.0,0.3048,55.5,0.00283081,123.236
4000,19.0,0.1524,71.3,0.00401199,121.431
2500,1.0,0.3048,71.3,0.00336729,124.512
400,10.0,0.2286,39.6,0.00346574,122.147
2500,23.0,0.0508,39.6,0.00566229,127.465
2500,0.0,0.1524,55.5,0.00172668,127.763
2500,11.0,0.1524,71.3,0.00243851,128.334
5000,3.0,0.1016,71.3,0.0337792,116.108
630,14.0,0.1016,55.5,0.002211,126.599
2000,3.0,0.1016,31.7,0.0418756,110.447
5000,25.0,0.0254,39.6,0.00449821,125.044
630,9.0,0.0508,71.3,0.0341183,128.365
500,7.0,0.1016,71.3,0.0437259,130.638
3150,0.0,0.1524,71.3,0.0015988,129.377
6300,4.0,0.1524,39.6,0.0584113,103.38
630,9.0,0.0508,39.6,0.036484,120.324
12500,17.0,0.0254,55.5,0.000873218,125.094
630,19.0,0.1524,31.7,0.00525474,131.471
6300,0.0,0.1524,55.5,0.00172668,123.303
1000,4.0,0.1524,39.6,0.0584113,114.67
6300,0.0,0.1016,55.5,0.00131983,127.73
1600,8.0,0.0254,55.5,0.0165706,126.471
1000,2.0,0.0508,39.6,0.0150478,132.43
4000,25.0,0.0254,39.6,0.00449821,127.864
8000,0.0,0.3048,31.7,0.00331266,110.515
2000,11.0,0.1524,39.6,0.00294804,128.139
1250,23.0,0.0508,71.3,0.00529514,132.086
1600,5.0,0.0254,39.6,0.0130253,129.977
250,5.0,0.0254,39.6,0.0130253,121.547
5000,6.0,0.0508,31.7,0.0289853,112.355
5000,0.0,0.2286,31.7,0.0027238,120.505
10000,16.0,0.0508,39.6,0.00152689,116.967
3150,0.0,0.1016,55.5,0.00131983,131.78
1250,19.0,0.1524,31.7,0.00525474,123.991
4000,3.0,0.1016,71.3,0.0337792,118.018
2000,23.0,0.0508,55.5,0.00544854,133.042
5000,14.0,0.1016,39.6,0.00245138,122.371
4000,14.0,0.1016,39.6,0.00245138,124.881
16000,0.0,0.1524,71.3,0.0015988,113.297
800,8.0,0.0254,31.7,0.0176631,139.226
2000,14.0,0.1016,39.6,0.00245138,132.301
1250,19.0,0.1524,71.3,0.00401199,134.111
4000,5.0,0.0254,39.6,0.0130253,126.537
800,0.0,0.0508,39.6,0.000791822,126.508
3150,0.0,0.0508,71.3,0.000740478,135.07
4000,3.0,0.1016,39.6,0.0408268,110.905
500,0.0,0.3048,31.7,0.00331266,127.315
20000,0.0,0.2286,71.3,0.00214345,114.474
1250,8.0,0.0254,55.5,0.0165706,129.301
1250,0.0,0.1016,71.3,0.00121072,130.335
2000,4.0,0.1524,71.3,0.0483159,117.504
1250,10.0,0.2286,71.3,0.00293031,128.816
2500,0.0,0.3048,39.6,0.00310138,121.399
5000,0.0,0.0254,55.5,0.00041229,135.803
1000,4.0,0.1524,71.3,0.0483159,122.044
2000,12.0,0.0254,39.6,0.0229028,121.256
20000,15.0,0.2286,71.3,0.00400603,109.638
2500,5.0,0.0254,39.6,0.0130253,129.027
630,0.0,0.1016,31.7,0.00150092,126.413
2000,14.0,0.1016,31.7,0.00251435,131.642
2500,6.0,0.0508,71.3,0.0264269,127.625
400,15.0,0.2286,31.7,0.00509068,126.149
3150,13.0,0.3048,55.5,0.00452492,120.189
500,22.0,0.2286,71.3,0.0104404,136.798
6300,18.0,0.2286,71.3,0.0051942,116.92
400,26.0,0.1524,31.7,0.0252785,128.939
250,22.0,0.2286,55.5,0.0111706,136.384
5000,22.0,0.2286,55.5,0.0111706,113.144
10000,1.0,0.3048,71.3,0.00336729,113.492
400,19.0,0.1524,71.3,0.00401199,124.121
2000,10.0,0.2286,55.5,0.00313525,124.612
10000,0.0,0.3048,71.3,0.00266337,115.391
800,0.0,0.1524,55.5,0.00172668,126.713
2000,26.0,0.1524,55.5,0.0208438,119.505
2500,19.0,0.1524,31.7,0.00525474,119.151
500,3.0,0.1016,55.5,0.0368233,133.774
6300,13.0,0.3048,31.7,0.00529514,109.718
800,11.0,0.1524,71.3,0.00243851,127.394
1250,22.0,0.2286,55.5,0.0111706,125.724
200,4.0,0.1524,71.3,0.0483159,128.354
1000,26.0,0.1524,39.6,0.0233328,123.835
1600,15.0,0.2286,71.3,0.00400603,129.468
3150,25.0,0.0254,31.7,0.00461377,128.536
10000,0.0,0.3048,39.6,0.00310138,112.139
2500,22.0,0.2286,71.3,0.0104404,122.088
6300,15.0,0.3048,71.3,0.00497773,116.165
2000,19.0,0.1524,71.3,0.00401199,131.111
4000,26.0,0.1524,55.5,0.0208438,112.945
630,0.0,0.2286,39.6,0.00253511,128.705
3150,17.0,0.0254,39.6,0.000907475,133.436
250,0.0,0.3048,39.6,0.00310138,119.319
800,0.0,0.1016,31.7,0.00150092,129.053
400,0.0,0.2286,55.5,0.00229336,121.66
6300,0.0,0.3048,31.7,0.00331266,113.775
8000,0.0,0.0254,39.6,0.000428464,135.866
800,23.0,0.0508,55.5,0.00544854,128.562
630,13.0,0.3048,31.7,0.00529514,128.698
3150,23.0,0.0508,39.6,0.00566229,123.965
10000,15.0,0.3048,71.3,0.00497773,110.905
4000,21.0,0.1524,39.6,0.00909175,114.258
2500,8.0,0.0254,71.3,0.016104,126.746
800,4.0,0.1524,39.6,0.0584113,116.56
2000,6.0,0.0508,39.6,0.0282593,123.443
5000,12.0,0.0254,71.3,0.0214178,125.727
1000,13.0,0.3048,55.5,0.00452492,129.329
630,25.0,0.0254,31.7,0.00461377,129.006
1250,22.0,0.2286,71.3,0.0104404,127.358
630,1.0,0.3048,39.6,0.00392107,128.311
10000,0.0,0.0254,71.3,0.000400682,130.787
500,8.0,0.0254,39.6,0.0172206,117.514
1250,8.0,0.0254,71.3,0.016104,126.356
1000,3.0,0.1016,31.7,0.0418756,119.777
315,10.0,0.2286,31.7,0.00372371,120.147
500,23.0,0.0508,39.6,0.00566229,122.905
400,0.0,0.3048,31.7,0.00331266,125.045
2500,7.0,0.1016,71.3,0.0437259,118.998
1250,13.0,0.3048,39.6,0.00495741,125.802
6300,10.0,0.2286,71.3,0.00293031,120.786
1000,0.0,0.1524,71.3,0.0015988,127.307
400,15.0,0.2286,39.6,0.00473801,123.879
5000,26.0,0.1524,55.5,0.0208438,112.065
800,11.0,0.1524,39.6,0.00294804,128.829
315,24.0,0.1016,39.6,0.0124596,135.38
800,0.0,0.2286,39.6,0.00253511,130.205
1250,0.0,0.0508,39.6,0.000791822,129.148
1000,26.0,0.1524,55.5,0.0208438,124.665
1600,15.0,0.2286,55.5,0.0042862,128.264
1600,26.0,0.1524,55.5,0.0208438,119.875
1600,21.0,0.1524,39.6,0.00909175,120.058
1600,0.0,0.3048,39.6,0.00310138,124.049
2500,10.0,0.2286,31.7,0.00372371,121.407
8000,8.0,0.0254,71.3,0.016104,115.466
4000,11.0,0.1524,71.3,0.00243851,126.534
5000,13.0,0.3048,55.5,0.00452492,117.309
2500,15.0,0.3048,71.3,0.00497773,123.775
250,4.0,0.1524,39.6,0.0584113,115.89
250,3.0,0.1016,55.5,0.0368233,133.294
800,22.0,0.2286,31.7,0.0132672,123.209
500,1.0,0.3048,39.6,0.00392107,126.661
1250,6.0,0.0508,31.7,0.0289853,123.255
4000,4.0,0.1524,39.6,0.0584113,104.5
1000,0.0,0.2286,39.6,0.00253511,130.435
6300,21.0,0.1524,71.3,0.00752039,116.603
500,10.0,0.2286,55.5,0.00313525,124.692
315,21.0,0.1524,71.3,0.00752039,128.713
200,3.0,0.1016,71.3,0.0337792,130.588
500,15.0,0.2286,39.6,0.00473801,127.039
8000,0.0,0.1524,31.7,0.00209405,117.957
2500,26.0,0.1524,55.5,0.0208438,118.365
630,20.0,0.1016,31.7,0.00592927,132.116
1000,20.0,0.1016,55.5,0.0052139,137.233
1250,8.0,0.0254,31.7,0.0176631,128.306
3150,24.0,0.1016,39.6,0.0124596,119.35
2000,14.0,0.1016,71.3,0.00202822,134.034
315,26.0,0.1524,55.5,0.0208438,132.355
500,13.0,0.3048,55.5,0.00452492,128.179
250,24.0,0.1016,71.3,0.0103088,134.533
1600,3.0,0.1016,39.6,0.0408268,117.875
5000,3.0,0.1016,39.6,0.0408268,108.625
800,9.0,0.0508,71.3,0.0341183,124.555
1600,15.0,0.2286,31.7,0.00509068,125.229
6300,0.0,0.0254,55.5,0.00041229,136.103
5000,16.0,0.0508,39.6,0.00152689,129.777
500,24.0,0.1016,39.6,0.0124596,133.79
800,20.0,0.1016,39.6,0.00578076,134.625
5000,17.0,0.0254,31.7,0.000930789,135.248
4000,13.0,0.3048,71.3,0.00425727,120.264
500,10.0,0.2286,39.6,0.00346574,125.157
400,21.0,0.1524,39.6,0.00909175,132.118
630,15.0,0.3048,39.6,0.00579636,131.073
315,0.0,0.2286,31.7,0.0027238,120.595
1250,0.0,0.1016,55.5,0.00131983,131.43
1600,0.0,0.3048,31.7,0.00331266,122.365
1000,14.0,0.1016,71.3,0.00202822,131.434
1000,20.0,0.1016,39.6,0.00578076,134.515
4000,6.0,0.0508,31.7,0.0289853,115.635
5000,0.0,0.3048,71.3,0.00266337,121.301
630,8.0,0.0254,55.5,0.0165706,122.411
3150,22.0,0.2286,39.6,0.0123481,114.309
3150,0.0,0.3048,71.3,0.00266337,125.201
1000,0.0,0.0508,55.5,0.00076193,125.586
1250,4.0,0.1524,71.3,0.0483159,120.154
315,1.0,0.3048,39.6,0.00392107,121.851
2000,0.0,0.2286,31.7,0.0027238,123.455
5000,14.0,0.1016,31.7,0.00251435,122.082
12500,1.0,0.3048,71.3,0.00336729,109.222
500,26.0,0.1524,71.3,0.0193001,131.279
1250,10.0,0.2286,39.6,0.00346574,128.257
1600,20.0,0.1016,39.6,0.00578076,127.375
800,13.0,0.3048,39.6,0.00495741,129.552
400,0.0,0.3048,39.6,0.00310138,124.809
5000,17.0,0.0254,55.5,0.000873218,135.484
500,6.0,0.0508,71.3,0.0264269,127.285
500,20.0,0.1016,31.7,0.00592927,130.206
4000,8.0,0.0254,39.6,0.0172206,122.724
4000,13.0,0.3048,39.6,0.00495741,116.792
5000,7.0,0.1016,39.6,0.0528487,106.224
2000,13.0,0.3048,31.7,0.00529514,120.088
4000,19.0,0.1524,55.5,0.00433288,119.737
6300,14.0,0.1016,71.3,0.00202822,124.904
8000,19.0,0.1524,55.5,0.00433288,114.927
2000,26.0,0.1524,39.6,0.0233328,117.925
6300,22.0,0.2286,55.5,0.0111706,111.534
315,6.0,0.0508,39.6,0.0282593,124.493
1000,0.0,0.1016,55.5,0.00131983,129.8
200,8.0,0.0254,31.7,0.0176631,116.146
630,0.0,0.1524,39.6,0.00193287,124.403
4000,0.0,0.2286,55.5,0.00229336,123.41
315,3.0,0.1016,31.7,0.0418756,124.717
1000,22.0,0.2286,39.6,0.0123481,122.539
1250,2.0,0.0508,71.3,0.014072,136.191
250,7.0,0.1016,71.3,0.0437259,132.158
1250,20.0,0.1016,55.5,0.0052139,136.883
5000,0.0,0.1016,71.3,0.00121072,130.795
2500,13.0,0.3048,71.3,0.00425727,124.024
500,17.0,0.0254,39.6,0.000907475,116.366
6300,16.0,0.0508,39.6,0.00152689,125.717
630,11.0,0.1524,39.6,0.00294804,125.809
8000,0.0,0.0254,71.3,0.000400682,129.867
4000,5.0,0.0254,71.3,0.0121808,131.808
1250,14.0,0.1016,55.5,0.002211,132.769
315,9.0,0.0508,39.6,0.036484,129.864
2000,0.0,0.2286,55.5,0.00229336,126.54
250,24.0,0.1016,39.6,0.0124596,134.34
5000,24.0,0.1016,71.3,0.0103088,116.723
400,13.0,0.3048,39.6,0.00495741,125.472
1000,10.0,0.2286,71.3,0.00293031,128.956
630,4.0,0.1524,71.3,0.0483159,123.304
800,22.0,0.2286,71.3,0.0104404,130.748
250,15.0,0.3048,39.6,0.00579636,123.543
1600,0.0,0.0508,71.3,0.000740478,129.68
4000,0.0,0.2286,39.6,0.00253511,123.465
2500,0.0,0.3048,71.3,0.00266337,125.571
4000,0.0,0.0508,55.5,0.00076193,134.946
3150,5.0,0.0254,39.6,0.0130253,127.847
2500,5.0,0.0254,71.3,0.0121808,134.058
400,0.0,0.2286,39.6,0.00253511,123.565
500,12.0,0.0254,71.3,0.0214178,117.967
2500,0.0,0.0508,39.6,0.000791822,134.938
315,0.0,0.2286,39.6,0.00253511,121.055
10000,1.0,0.3048,39.6,0.00392107,108.991
2500,17.0,0.0254,71.3,0.000848633,130.828
2000,25.0,0.0254,31.7,0.00461377,130.496
2000,15.0,0.3048,71.3,0.00497773,124.395
5000,15.0,0.2286,31.7,0.00509068,115.969
8000,13.0,0.3048,55.5,0.00452492,113.799
630,6.0,0.0508,39.6,0.0282593,127.443
1250,15.0,0.2286,39.6,0.00473801,128.339
1250,0.0,0.2286,31.7,0.0027238,128.805
2500,17.0,0.0254,55.5,0.000873218,129.144
3150,0.0,0.0508,39.6,0.000791822,135.938
315,25.0,0.0254,31.7,0.00461377,122.766
2500,22.0,0.2286,31.7,0.0132672,114.709
630,23.0,0.0508,55.5,0.00544854,126.152
315,12.0,0.0254,39.6,0.0229028,120.716
315,4.0,0.1524,39.6,0.0584113,116.02
3150,17.0,0.0254,55.5,0.000873218,132.354
12500,0.0,0.0508,55.5,0.00076193,125.376
630,3.0,0.1016,39.6,0.0408268,121.315
1600,7.0,0.1016,71.3,0.0437259,121.528
8000,14.0,0.1016,55.5,0.002211,120.569
500,4.0,0.1524,71.3,0.0483159,121.664
1000,0.0,0.0508,71.3,0.000740478,129.45
630,0.0,0.3048,39.6,0.00310138,128.629
3150,6.0,0.0508,71.3,0.0264269,125.715
2000,21.0,0.1524,39.6,0.00909175,120.228
8000,13.0,0.3048,39.6,0.00495741,110.652
630,19.0,0.1524,39.6,0.00485029,132.357
2000,17.0,0.0254,71.3,0.000848633,128.398
800,20.0,0.1016,71.3,0.00478288,134.478
1250,9.0,0.0508,39.6,0.036484,118.634
630,18.0,0.2286,39.6,0.00614329,132.011
8000,0.0,0.3048,39.6,0.00310138,114.779
5000,0.0,0.1016,55.5,0.00131983,128.36
2500,15.0,0.2286,55.5,0.0042862,122.384
5000,25.0,0.0254,31.7,0.00461377,124.426
8000,0.0,0.1524,39.6,0.00193287,120.553
630,4.0,0.1524,39.6,0.0584113,116.55
630,22.0,0.2286,55.5,0.0111706,130.934
2500,16.0,0.0508,39.6,0.00152689,133.847
6300,0.0,0.0508,39.6,0.000791822,131.918
630,26.0,0.1524,55.5,0.0208438,127.315
10000,21.0,0.1524,71.3,0.00752039,110.313
6300,25.0,0.0254,39.6,0.00449821,120.324
400,22.0,0.2286,31.7,0.0132672,130.269
800,14.0,0.1016,55.5,0.002211,129.119
1600,23.0,0.0508,71.3,0.00529514,133.846
3150,14.0,0.1016,31.7,0.00251435,128.252
5000,26.0,0.1524,31.7,0.0252785,109.949
1600,23.0,0.0508,55.5,0.00544854,133.032
3150,19.0,0.1524,71.3,0.00401199,123.311
2000,0.0,0.1016,71.3,0.00121072,132.095
200,3.0,0.1016,39.6,0.0408268,128.545
500,13.0,0.3048,39.6,0.00495741,127.632
400,25.0,0.0254,55.5,0.0043284,120.952
1000,0.0,0.1016,31.7,0.00150092,131.313
3150,8.0,0.0254,31.7,0.0176631,123.466
3150,6.0,0.0508,39.6,0.0282593,120.513
800,3.0,0.1016,31.7,0.0418756,120.037
1250,24.0,0.1016,71.3,0.0103088,132.793
800,0.0,0.1524,71.3,0.0015988,125.817
250,3.0,0.1016,71.3,0.0337792,131.568
630,25.0,0.0254,55.5,0.0043284,125.452
2500,11.0,0.1524,39.6,0.00294804,125.589
630,8.0,0.0254,31.7,0.0176631,136.886
6300,17.0,0.0254,55.5,0.000873218,135.164
800,10.0,0.2286,71.3,0.00293031,128.216
630,2.0,0.0508,39.6,0.0150478,133.13
6300,26.0,0.1524,39.6,0.0233328,109.885
3150,15.0,0.2286,55.5,0.0042862,122.394
500,9.0,0.0508,39.6,0.036484,128.444
2000,6.0,0.0508,55.5,0.0271925,127.04
2500,0.0,0.1016,71.3,0.00121072,132.595
630,15.0,0.2286,55.5,0.0042862,129.964
2000,7.0,0.1016,39.6,0.0528487,110.894
5000,26.0,0.1524,71.3,0.0193001,114.569
400,22.0,0.2286,71.3,0.0104404,139.438
200,25.0,0.0254,39.6,0.00449821,116.074
6300,17.0,0.0254,71.3,0.000848633,134.498
6300,0.0,0.0254,39.6,0.000428464,136.826
2500,22.0,0.2286,39.6,0.0123481,116.559
3150,15.0,0.2286,71.3,0.00400603,124.108
2500,0.0,0.1016,39.6,0.00146332,132.611
6300,18.0,0.2286,39.6,0.00614329,112.541
2000,3.0,0.1016,39.6,0.0408268,114.085
1250,0.0,0.3048,71.3,0.00266337,125.951
1000,0.0,0.0254,31.7,0.000439472,125.127
2500,24.0,0.1016,39.6,0.0124596,119.19
1600,0.0,0.2286,55.5,0.00229336,126.79
2500,21.0,0.1524,39.6,0.00909175,117.478
630,15.0,0.2286,71.3,0.00400603,129.038
400,12.0,0.0254,71.3,0.0214178,117.927
5000,8.0,0.0254,55.5,0.0165706,118.941
1000,6.0,0.0508,55.5,0.0271925,130.4
5000,6.0,0.0508,71.3,0.0264269,119.135
500,0.0,0.1524,55.5,0.00172668,120.573
315,22.0,0.2286,31.7,0.0132672,130.239
500,0.0,0.3048,39.6,0.00310138,126.959
5000,5.0,0.0254,71.3,0.0121808,128.978
5000,0.0,0.0508,55.5,0.00076193,134.556
10000,14.0,0.1016,55.5,0.002211,115.659
1250,3.0,0.1016,55.5,0.0368233,124.214
630,21.0,0.1524,71.3,0.00752039,134.853
800,8.0,0.0254,39.6,0.0172206,135.324
250,21.0,0.1524,39.6,0.00909175,127.488
6300,21.0,0.1524,39.6,0.00909175,112.688
1600,2.0,0.0508,71.3,0.014072,135.191
1250,25.0,0.0254,31.7,0.00461377,131.446
5000,4.0,0.1524,39.6,0.0584113,104.13
500,26.0,0.1524,31.7,0.0252785,127.179
400,8.0,0.0254,71.3,0.016104,117.396
400,19.0,0.1524,39.6,0.00485029,127.637
630,22.0,0.2286,39.6,0.0123481,128.929
800,10.0,0.2286,39.6,0.00346574,129.037
5000,13.0,0.3048,39.6,0.00495741,115.792
2500,0.0,0.1016,31.7,0.00150092,132.003
3150,2.0,0.0508,71.3,0.014072,127.141
4000,6.0,0.0508,55.5,0.0271925,120.92
800,19.0,0.1524,55.5,0.00433288,133.097
2000,13.0,0.3048,55.5,0.00452492,123.069
2500,12.0,0.0254,71.3,0.0214178,126.097
250,2.0,0.0508,71.3,0.014072,127.101
4000,17.0,0.0254,31.7,0.000930789,135.328
500,23.0,0.0508,55.5,0.00544854,123.742
500,22.0,0.2286,55.5,0.0111706,133.174
200,25.0,0.0254,31.7,0.00461377,119.146
400,23.0,0.0508,55.5,0.00544854,121.582
630,6.0,0.0508,71.3,0.0264269,129.645
200,24.0,0.1016,71.3,0.0103088,133.503
1250,14.0,0.1016,31.7,0.00251435,134.022
6300,4.0,0.1524,71.3,0.0483159,107.284
12500,11.0,0.1524,71.3,0.00243851,113.034
200,6.0,0.0508,55.5,0.0271925,122.94
2500,0.0,0.0254,39.6,0.000428464,131.836
1250,14.0,0.1016,39.6,0.00245138,133.211
5000,0.0,0.0508,71.3,0.000740478,134.43
4000,24.0,0.1016,39.6,0.0124596,116.22
630,13.0,0.3048,71.3,0.00425727,129.354
1000,6.0,0.0508,71.3,0.0264269,131.865
800,1.0,0.3048,39.6,0.00392107,128.831
400,15.0,0.3048,71.3,0.00497773,129.575
4000,0.0,0.2286,31.7,0.0027238,122.035
1250,12.0,0.0254,71.3,0.0214178,140.987
1250,7.0,0.1016,39.6,0.0528487,118.214
3150,12.0,0.0254,71.3,0.0214178,124.127
630,24.0,0.1016,39.6,0.0124596,131.92
2500,19.0,0.1524,71.3,0.00401199,127.591
5000,19.0,0.1524,55.5,0.00433288,118.757
315,21.0,0.1524,39.6,0.00909175,130.558
3150,9.0,0.0508,71.3,0.0341183,116.225
800,6.0,0.0508,71.3,0.0264269,131.515
200,9.0,0.0508,71.3,0.0341183,118.005
3150,10.0,0.2286,71.3,0.00293031,126.116
6300,14.0,0.1016,55.5,0.002211,123.839
2000,23.0,0.0508,31.7,0.00580776,127.686
500,6.0,0.0508,55.5,0.0271925,127.22
800,4.0,0.1524,71.3,0.0483159,123.054
630,0.0,0.1016,55.5,0.00131983,126.17
1000,8.0,0.0254,31.7,0.0176631,131.796
2000,17.0,0.0254,31.7,0.000930789,130.148
1000,23.0,0.0508,71.3,0.00529514,129.946
500,2.0,0.0508,71.3,0.014072,130.311
3150,7.0,0.1016,39.6,0.0528487,109.254
1250,25.0,0.0254,71.3,0.00420654,131.656
2000,20.0,0.1016,31.7,0.00592927,120.446
1600,22.0,0.2286,31.7,0.0132672,119.039
1000,15.0,0.2286,39.6,0.00473801,129.969
2000,15.0,0.2286,55.5,0.0042862,124.254
400,15.0,0.2286,55.5,0.0042862,123.274
630,0.0,0.1016,71.3,0.00121072,124.155
1000,18.0,0.2286,39.6,0.00614329,125.581
1600,11.0,0.1524,71.3,0.00243851,130.644
800,3.0,0.1016,71.3,0.0337792,127.318
8000,15.0,0.2286,71.3,0.00400603,112.848
12500,0.0,0.1016,71.3,0.00121072,119.375
800,25.0,0.0254,71.3,0.00420654,127.206
5000,22.0,0.2286,31.7,0.0132672,111.029
12500,15.0,0.3048,71.3,0.00497773,107.405
1600,6.0,0.0508,71.3,0.0264269,130.065
5000,23.0,0.0508,55.5,0.00544854,115.812
250,8.0,0.0254,31.7,0.0176631,116.956
2000,19.0,0.1524,55.5,0.00433288,128.707
1000,16.0,0.0508,39.6,0.00152689,125.647
4000,14.0,0.1016,71.3,0.00202822,128.704
2500,19.0,0.1524,55.5,0.00433288,124.077
1250,0.0,0.3048,31.7,0.00331266,124.355
500,18.0,0.2286,71.3,0.0051942,129.88
1250,13.0,0.3048,71.3,0.00425727,127.634
630,13.0,0.3048,55.5,0.00452492,129.569
1000,21.0,0.1524,71.3,0.00752039,134.273
800,9.0,0.0508,39.6,0.036484,119.174
2500,0.0,0.1524,71.3,0.0015988,128.127
500,2.0,0.0508,39.6,0.0150478,131.96
8000,17.0,0.0254,31.7,0.000930789,127.008
5000,11.0,0.1524,39.6,0.00294804,121.499
1600,14.0,0.1016,71.3,0.00202822,133.664
10000,0.0,0.0508,55.5,0.00076193,127.636
1000,26.0,0.1524,31.7,0.0252785,122.149
2500,3.0,0.1016,71.3,0.0337792,121.318
1000,22.0,0.2286,71.3,0.0104404,126.838
500,9.0,0.0508,71.3,0.0341183,126.995
2000,18.0,0.2286,71.3,0.0051942,125.89
5000,15.0,0.3048,71.3,0.00497773,117.785
12500,0.0,0.0254,39.6,0.000428464,129.116
800,3.0,0.1016,39.6,0.0408268,122.315
630,3.0,0.1016,55.5,0.0368233,124.244
1600,11.0,0.1524,39.6,0.00294804,130.049
1250,26.0,0.1524,71.3,0.0193001,122.679
8000,6.0,0.0508,71.3,0.0264269,112.675
500,13.0,0.3048,71.3,0.00425727,128.454
250,15.0,0.3048,71.3,0.00497773,126.395
800,20.0,0.1016,31.7,0.00592927,132.886
4000,10.0,0.2286,71.3,0.00293031,124.086
1600,26.0,0.1524,39.6,0.0233328,118.545
5000,14.0,0.1016,55.5,0.002211,124.839
8000,21.0,0.1524,39.6,0.00909175,111.588
12500,15.0,0.2286,71.3,0.00400603,114.258
200,26.0,0.1524,31.7,0.0252785,127.299
630,24.0,0.1016,71.3,0.0103088,138.423
1000,22.0,0.2286,55.5,0.0111706,125.194
1000,8.0,0.0254,71.3,0.016104,125.816
3150,0.0,0.1016,71.3,0.00121072,131.955
2500,23.0,0.0508,55.5,0.00544854,131.542
800,23.0,0.0508,39.6,0.00566229,128.435
400,21.0,0.1524,71.3,0.00752039,130.123
630,22.0,0.2286,71.3,0.0104404,133.768
400,8.0,0.0254,39.6,0.0172206,115.444
4000,26.0,0.1524,31.7,0.0252785,111.459
2500,20.0,0.1016,71.3,0.00478288,131.458
315,10.0,0.2286,39.6,0.00346574,120.137
1000,23.0,0.0508,39.6,0.00566229,130.195
1000,0.0,0.3048,71.3,0.00266337,125.201
500,20.0,0.1016,39.6,0.00578076,130.955
16000,17.0,0.0254,71.3,0.000848633,124.208
1600,2.0,0.0508,39.6,0.0150478,126.54
2500,24.0,0.1016,71.3,0.0103088,123.623
400,13.0,0.3048,31.7,0.00529514,125.398
1600,0.0,0.2286,31.7,0.0027238,125.625
1600,19.0,0.1524,31.7,0.00525474,123.761
6300,6.0,0.0508,55.5,0.0271925,112.93
2500,4.0,0.1524,39.6,0.0584113,106.88
315,6.0,0.0508,71.3,0.0264269,126.195
500,3.0,0.1016,71.3,0.0337792,140.158
2000,0.0,0.1524,71.3,0.0015988,128.647
8000,17.0,0.0254,71.3,0.000848633,131.518
1250,26.0,0.1524,39.6,0.0233328,120.555
1250,2.0,0.0508,39.6,0.0150478,130.05
1600,0.0,0.1524,39.6,0.00193287,131.013
315,5.0,0.0254,39.6,0.0130253,123.537
5000,25.0,0.0254,71.3,0.00420654,131.186
2500,9.0,0.0508,71.3,0.0341183,118.385
12500,0.0,0.0508,39.6,0.000791822,123.988
5000,4.0,0.1524,71.3,0.0483159,108.034
1250,20.0,0.1016,31.7,0.00592927,129.256
4000,3.0,0.1016,31.7,0.0418756,108.407
2000,8.0,0.0254,55.5,0.0165706,125.261
500,24.0,0.1016,71.3,0.0103088,138.523
6300,19.0,0.1524,39.6,0.00485029,116.677
500,11.0,0.1524,39.6,0.00294804,121.009
5000,1.0,0.3048,71.3,0.00336729,119.632
3150,15.0,0.3048,39.6,0.00579636,118.743
1250,15.0,0.3048,71.3,0.00497773,129.395
3150,14.0,0.1016,71.3,0.00202822,132.114
2500,12.0,0.0254,39.6,0.0229028,121.306
10000,13.0,0.3048,71.3,0.00425727,110.224
2000,20.0,0.1016,39.6,0.00578076,122.235
250,25.0,0.0254,31.7,0.00461377,120.136
1000,0.0,0.1524,55.5,0.00172668,128.583
2000,0.0,0.1016,55.5,0.00131983,132.54
400,8.0,0.0254,55.5,0.0165706,115.461
400,2.0,0.0508,71.3,0.014072,129.281
3150,11.0,0.1524,39.6,0.00294804,122.919
2000,0.0,0.0508,71.3,0.000740478,131.06
315,3.0,0.1016,71.3,0.0337792,137.068
1250,26.0,0.1524,55.5,0.0208438,121.635
200,6.0,0.0508,71.3,0.0264269,123.595
1000,14.0,0.1016,31.7,0.00251435,133.012
4000,0.0,0.3048,71.3,0.00266337,123.061
3150,3.0,0.1016,31.7,0.0418756,110.307
500,26.0,0.1524,39.6,0.0233328,126.835
1250,3.0,0.1016,31.7,0.0418756,118.767
8000,0.0,0.0508,31.7,0.000812164,126.59
1600,21.0,0.1524,71.3,0.00752039,130.893
1000,25.0,0.0254,31.7,0.00461377,131.346
4000,0.0,0.2286,71.3,0.00214345,125.824
1000,5.0,0.0254,39.6,0.0130253,130.947
16000,0.0,0.0254,55.5,0.00041229,125.683
3150,19.0,0.1524,55.5,0.00433288,121.587
800,2.0,0.0508,71.3,0.014072,136.031
630,22.0,0.2286,31.7,0.0132672,126.189
10000,17.0,0.0254,71.3,0.000848633,127.398
6300,12.0,0.0254,71.3,0.0214178,123.127
800,26.0,0.1524,31.7,0.0252785,125.539
1000,20.0,0.1016,71.3,0.00478288,136.758
4000,0.0,0.1016,71.3,0.00121072,130.935
3150,8.0,0.0254,55.5,0.0165706,124.101
250,26.0,0.1524,71.3,0.0193001,135.329
5000,0.0,0.2286,71.3,0.00214345,124.304
6300,24.0,0.1016,39.6,0.0124596,113.11
1000,0.0,0.2286,31.7,0.0027238,130.595
5000,0.0,0.2286,39.6,0.00253511,122.175
800,1.0,0.3048,71.3,0.00336729,127.122
2000,18.0,0.2286,39.6,0.00614329,117.911
630,0.0,0.3048,31.7,0.00331266,129.095
1600,0.0,0.2286,71.3,0.00214345,129.134
2000,5.0,0.0254,71.3,0.0121808,134.228
2500,17.0,0.0254,31.7,0.000930789,132.588
5000,8.0,0.0254,71.3,0.016104,123.126
200,8.0,0.0254,55.5,0.0165706,109.951
630,0.0,0.2286,31.7,0.0027238,129.465
6300,24.0,0.1016,71.3,0.0103088,117.253
1250,23.0,0.0508,55.5,0.00544854,132.252
2500,0.0,0.2286,39.6,0.00253511,125.025
4000,14.0,0.1016,31.7,0.00251435,124.852
250,15.0,0.2286,31.7,0.00509068,120.189
6300,3.0,0.1016,31.7,0.0418756,107.267
1000,0.0,0.0508,39.6,0.000791822,127.638
6300,10.0,0.2286,39.6,0.00346574,116.417
200,9.0,0.0508,39.6,0.036484,125.974
1600,0.0,0.1016,55.5,0.00131983,132.05
16000,0.0,0.0254,39.6,0.000428464,124.986
400,0.0,0.2286,31.7,0.0027238,123.635
4000,22.0,0.2286,39.6,0.0123481,114.079
6300,19.0,0.1524,55.5,0.00433288,117.287
4000,15.0,0.2286,39.6,0.00473801,119.159
8000,15.0,0.3048,71.3,0.00497773,113.665
1000,3.0,0.1016,71.3,0.0337792,127.928
1250,17.0,0.0254,31.7,0.000930789,127.408
500,8.0,0.0254,71.3,0.016104,119.806
400,12.0,0.0254,39.6,0.0229028,123.416
5000,26.0,0.1524,39.6,0.0233328,111.135
2000,8.0,0.0254,39.6,0.0172206,126.644
1250,16.0,0.0508,39.6,0.00152689,128.427
6300,26.0,0.1524,71.3,0.0193001,112.039
315,13.0,0.3048,31.7,0.00529514,123.118
630,5.0,0.0254,71.3,0.0121808,128.878
3150,26.0,0.1524,39.6,0.0233328,113.525
1250,0.0,0.1524,31.7,0.00209405,131.467
6300,0.0,0.1524,31.7,0.00209405,119.737
1600,10.0,0.2286,39.6,0.00346574,125.837
1000,1.0,0.3048,39.6,0.00392107,127.581
315,18.0,0.2286,39.6,0.00614329,129.691
3150,11.0,0.1524,71.3,0.00243851,127.054
2000,0.0,0.0254,31.7,0.000439472,130.697
2500,13.0,0.3048,55.5,0.00452492,122.439
1250,0.0,0.1016,39.6,0.00146332,132.271
1600,23.0,0.0508,31.7,0.00580776,129.296
4000,15.0,0.2286,71.3,0.00400603,121.728
1250,11.0,0.1524,71.3,0.00243851,130.144
4000,17.0,0.0254,39.6,0.000907475,134.996
500,0.0,0.1524,31.7,0.00209405,121.617
12500,16.0,0.0508,71.3,0.00142788,117.328
400,20.0,0.1016,39.6,0.00578076,128.295
1250,22.0,0.2286,39.6,0.0123481,123.189
315,26.0,0.1524,71.3,0.0193001,135.459
2500,1.0,0.3048,39.6,0.00392107,120.981
2500,15.0,0.2286,71.3,0.00400603,124.338
1250,0.0,0.3048,55.5,0.00283081,126.086
630,12.0,0.0254,71.3,0.0214178,120.657
1000,12.0,0.0254,39.6,0.0229028,128.416
4000,0.0,0.1016,55.5,0.00131983,129.5
800,13.0,0.3048,71.3,0.00425727,129.494
1250,3.0,0.1016,71.3,0.0337792,126.648
1000,23.0,0.0508,31.7,0.00580776,129.516
1250,20.0,0.1016,71.3,0.00478288,137.658
1600,6.0,0.0508,39.6,0.0282593,124.843
630,20.0,0.1016,55.5,0.0052139,133.023
20000,0.0,0.0254,71.3,0.000400682,123.217
1250,0.0,0.0508,31.7,0.000812164,129.27
8000,0.0,0.1016,31.7,0.00150092,120.193
5000,10.0,0.2286,31.7,0.00372371,118.267
1600,22.0,0.2286,55.5,0.0111706,123.354
315,13.0,0.3048,39.6,0.00495741,123.312
2000,2.0,0.0508,71.3,0.014072,133.311
3150,19.0,0.1524,39.6,0.00485029,119.137
2000,7.0,0.1016,71.3,0.0437259,119.888
1250,0.0,0.1016,31.7,0.00150092,133.063
2000,15.0,0.2286,71.3,0.00400603,126.218
500,0.0,0.2286,31.7,0.0027238,126.675
5000,25.0,0.0254,55.5,0.0043284,128.412
8000,0.0,0.0508,39.6,0.000791822,128.518
1600,8.0,0.0254,31.7,0.0176631,126.846
1250,0.0,0.2286,39.6,0.00253511,129.395
4000,0.0,0.3048,39.6,0.00310138,119.229
800,8.0,0.0254,55.5,0.0165706,123.091
400,15.0,0.3048,39.6,0.00579636,128.633
2000,6.0,0.0508,31.7,0.0289853,120.835
16000,0.0,0.2286,71.3,0.00214345,114.984
800,14.0,0.1016,71.3,0.00202822,131.074
1250,24.0,0.1016,39.6,0.0124596,127.71
6300,25.0,0.0254,55.5,0.0043284,124.222
1000,14.0,0.1016,39.6,0.00245138,131.971
500,6.0,0.0508,31.7,0.0289853,123.695
5000,0.0,0.3048,39.6,0.00310138,117.789
2000,15.0,0.3048,39.6,0.00579636,120.963
1600,25.0,0.0254,55.5,0.0043284,133.062
3150,16.0,0.0508,71.3,0.00142788,133.728
6300,7.0,0.1016,39.6,0.0528487,104.204
1250,23.0,0.0508,39.6,0.00566229,131.205
1600,15.0,0.2286,39.6,0.00473801,125.319
6300,17.0,0.0254,39.6,0.000907475,134.336
400,6.0,0.0508,71.3,0.0264269,126.805
2500,25.0,0.0254,55.5,0.0043284,134.152
1250,19.0,0.1524,55.5,0.00433288,130.777
800,26.0,0.1524,55.5,0.0208438,126.565
4000,15.0,0.3048,71.3,0.00497773,119.535
2000,22.0,0.2286,31.7,0.0132672,115.309
1600,12.0,0.0254,71.3,0.0214178,131.817
1000,9.0,0.0508,39.6,0.036484,118.904
500,18.0,0.2286,39.6,0.00614329,132.251
315,8.0,0.0254,55.5,0.0165706,111.911
315,22.0,0.2286,71.3,0.0104404,139.808
315,22.0,0.2286,55.5,0.0111706,136.284
630,10.0,0.2286,55.5,0.00313525,126.842
800,0.0,0.1016,71.3,0.00121072,126.805
1000,22.0,0.2286,31.7,0.0132672,119.099
315,5.0,0.0254,71.3,0.0121808,122.938
1600,25.0,0.0254,71.3,0.00420654,133.756
630,19.0,0.1524,71.3,0.00401199,128.971
500,19.0,0.1524,71.3,0.00401199,126.291
800,18.0,0.2286,71.3,0.0051942,133.48
2000,22.0,0.2286,71.3,0.0104404,122.708
1000,13.0,0.3048,71.3,0.00425727,129.004
1000,0.0,0.1524,31.7,0.00209405,130.987
4000,0.0,0.1524,39.6,0.00193287,125.343
400,26.0,0.1524,39.6,0.0233328,128.345
1600,22.0,0.2286,71.3,0.0104404,125.728
2500,0.0,0.0254,71.3,0.000400682,133.707
4000,0.0,0.1016,31.7,0.00150092,126.933
12500,0.0,0.3048,71.3,0.00266337,112.241
1600,9.0,0.0508,39.6,0.036484,117.604
3150,1.0,0.3048,71.3,0.00336729,123.392
3150,15.0,0.3048,71.3,0.00497773,121.775
10000,0.0,0.0254,31.7,0.000439472,134.227
1000,15.0,0.3048,71.3,0.00497773,131.015
10000,0.0,0.1524,71.3,0.0015988,120.247
4000,22.0,0.2286,55.5,0.0111706,117.284
3150,15.0,0.2286,39.6,0.00473801,120.419
315,19.0,0.1524,31.7,0.00525474,125.741
800,26.0,0.1524,39.6,0.0233328,126.345
200,2.0,0.0508,71.3,0.014072,125.941
20000,17.0,0.0254,55.5,0.000873218,121.284
10000,0.0,0.0508,71.3,0.000740478,128.74
1600,24.0,0.1016,71.3,0.0103088,128.763
5000,0.0,0.1524,39.6,0.00193287,123.453
2000,0.0,0.2286,71.3,0.00214345,128.244
2500,0.0,0.0254,55.5,0.00041229,130.073
250,3.0,0.1016,39.6,0.0408268,129.675
400,3.0,0.1016,31.7,0.0418756,123.207
1000,20.0,0.1016,31.7,0.00592927,131.636
2500,26.0,0.1524,31.7,0.0252785,114.729
10000,0.0,0.0508,31.7,0.000812164,122.45
400,2.0,0.0508,39.6,0.0150478,130.67
2500,25.0,0.0254,31.7,0.00461377,130.086
400,26.0,0.1524,71.3,0.0193001,135.079
3150,0.0,0.1016,31.7,0.00150092,129.973
16000,11.0,0.1524,71.3,0.00243851,110.364
2500,2.0,0.0508,39.6,0.0150478,122.17
630,25.0,0.0254,39.6,0.00449821,126.514
1000,25.0,0.0254,39.6,0.00449821,130.374
3150,3.0,0.1016,55.5,0.0368233,116.914
500,10.0,0.2286,31.7,0.00372371,126.677
2500,6.0,0.0508,39.6,0.0282593,122.413
1600,7.0,0.1016,39.6,0.0528487,114.554
1600,25.0,0.0254,39.6,0.00449821,131.184
630,21.0,0.1524,39.6,0.00909175,133.198
1600,0.0,0.0254,31.7,0.000439472,129.267
2000,0.0,0.3048,71.3,0.00266337,127.461
2000,10.0,0.2286,39.6,0.00346574,122.797
8000,0.0,0.0508,71.3,0.000740478,130.89
12500,0.0,0.1016,55.5,0.00131983,119.91
10000,0.0,0.0254,39.6,0.000428464,133.376
