checking_status,duration_months,credit_history,credit_purpose,credit_amount,savings_status,employment_since,installment_rate_percent,personal_status_sex,other_debtors,residence_since,property,age_years,other_installment_plans,housing,existing_credits_count,job,people_liable,telephone,foreign_worker,__target__
1.0,18,3.0,7.0,3190,2.0,0.0,2,0.0,2.0,2,2.0,24,1.0,1.0,1,1.0,1,0.0,1.0,0
1.0,18,3.0,1.0,4380,0.0,0.0,3,3.0,2.0,4,1.0,35,1.0,1.0,1,3.0,2,1.0,1.0,1
1.0,24,0.0,1.0,2325,0.0,1.0,2,3.0,2.0,3,1.0,32,0.0,1.0,1,1.0,1,0.0,1.0,1
2.0,12,3.0,7.0,1297,2.0,0.0,3,2.0,2.0,4,2.0,23,1.0,2.0,1,1.0,1,0.0,1.0,1
3.0,33,1.0,2.0,7253,2.0,1.0,3,3.0,2.0,2,1.0,35,1.0,1.0,2,0.0,1,1.0,1.0,1
1.0,24,3.0,7.0,2384,2.0,3.0,4,3.0,2.0,4,2.0,64,0.0,2.0,1,3.0,1,0.0,1.0,1
2.0,6,3.0,5.0,2116,2.0,0.0,2,3.0,2.0,2,2.0,41,1.0,1.0,1,1.0,1,1.0,1.0,1
0.0,12,2.0,7.0,585,2.0,0.0,4,2.0,0.0,4,2.0,20,1.0,2.0,2,1.0,1,0.0,1.0,1
3.0,9,3.0,1.0,3577,0.0,0.0,1,3.0,1.0,2,2.0,26,1.0,2.0,1,1.0,2,0.0,0.0,1
3.0,27,2.0,2.0,8613,3.0,0.0,2,3.0,2.0,2,1.0,27,1.0,1.0,2,1.0,1,0.0,1.0,1
0.0,6,3.0,7.0,484,2.0,1.0,3,2.0,1.0,3,2.0,28,0.0,1.0,1,3.0,1,0.0,1.0,1
1.0,42,3.0,7.0,3965,2.0,2.0,4,3.0,2.0,3,1.0,34,1.0,1.0,1,1.0,1,0.0,1.0,0
3.0,24,3.0,7.0,1376,1.0,1.0,4,0.0,2.0,1,1.0,28,1.0,1.0,1,1.0,1,0.0,1.0,1
1.0,60,3.0,0.0,7297,2.0,3.0,4,3.0,0.0,4,3.0,36,1.0,2.0,1,1.0,1,0.0,1.0,0
0.0,60,3.0,4.0,6288,2.0,0.0,4,3.0,2.0,4,3.0,42,1.0,0.0,1,1.0,1,0.0,1.0,0
1.0,18,3.0,5.0,4153,2.0,0.0,2,3.0,0.0,3,1.0,42,1.0,1.0,1,1.0,1,0.0,1.0,0
3.0,15,1.0,2.0,3368,3.0,3.0,3,3.0,2.0,4,3.0,23,1.0,2.0,2,1.0,1,1.0,1.0,1
3.0,18,1.0,7.0,1098,2.0,4.0,4,0.0,2.0,4,1.0,65,1.0,1.0,2,2.0,1,0.0,1.0,1
1.0,18,1.0,5.0,2124,2.0,0.0,4,0.0,2.0,4,2.0,24,1.0,2.0,2,1.0,1,0.0,1.0,0
1.0,15,2.0,5.0,3643,2.0,3.0,1,0.0,2.0,4,0.0,27,1.0,1.0,2,3.0,1,0.0,1.0,1
3.0,48,1.0,2.0,8858,4.0,1.0,2,3.0,2.0,1,3.0,35,1.0,0.0,2,1.0,1,1.0,1.0,1
1.0,21,2.0,4.0,3414,2.0,2.0,2,3.0,2.0,1,0.0,26,1.0,1.0,2,1.0,1,0.0,1.0,0
3.0,18,1.0,7.0,6070,2.0,3.0,3,3.0,2.0,4,1.0,33,1.0,1.0,2,1.0,1,1.0,1.0,1
3.0,4,1.0,7.0,1503,2.0,1.0,2,3.0,2.0,1,2.0,42,1.0,1.0,2,3.0,2,0.0,1.0,1
3.0,9,1.0,7.0,3074,4.0,0.0,1,3.0,2.0,2,2.0,33,1.0,1.0,2,1.0,2,0.0,1.0,1
1.0,24,3.0,7.0,1823,2.0,4.0,4,3.0,2.0,2,1.0,30,2.0,1.0,1,0.0,2,0.0,1.0,0
0.0,36,3.0,7.0,2323,2.0,1.0,4,3.0,2.0,4,1.0,24,1.0,2.0,1,1.0,1,0.0,1.0,1
2.0,42,4.0,0.0,6289,2.0,2.0,2,1.0,2.0,1,0.0,33,1.0,1.0,2,1.0,1,0.0,1.0,1
3.0,36,1.0,2.0,10477,4.0,3.0,2,3.0,2.0,4,3.0,42,1.0,0.0,2,1.0,1,0.0,1.0,1
3.0,12,3.0,1.0,2859,4.0,4.0,4,3.0,2.0,4,3.0,38,1.0,1.0,1,0.0,1,1.0,1.0,1
0.0,13,1.0,7.0,882,2.0,2.0,4,3.0,1.0,4,2.0,23,1.0,1.0,2,1.0,1,0.0,1.0,1
2.0,12,3.0,7.0,1881,2.0,0.0,2,0.0,2.0,2,1.0,44,1.0,2.0,1,3.0,1,1.0,1.0,1
3.0,18,1.0,1.0,1530,2.0,0.0,3,3.0,2.0,2,0.0,32,0.0,1.0,2,1.0,1,0.0,1.0,0
2.0,6,1.0,1.0,1323,0.0,3.0,2,1.0,2.0,4,1.0,28,1.0,1.0,2,1.0,2,1.0,1.0,1
3.0,36,3.0,1.0,3079,4.0,0.0,4,3.0,2.0,4,2.0,36,1.0,1.0,1,1.0,1,0.0,1.0,1
0.0,24,3.0,2.0,2760,4.0,3.0,4,3.0,2.0,4,3.0,36,0.0,0.0,1,1.0,1,1.0,1.0,1
0.0,36,2.0,1.0,2862,0.0,3.0,4,3.0,2.0,3,3.0,30,1.0,0.0,1,1.0,1,0.0,1.0,1
3.0,12,3.0,1.0,2133,4.0,3.0,4,0.0,2.0,4,3.0,52,1.0,0.0,1,0.0,1,1.0,1.0,1
3.0,20,1.0,1.0,3485,4.0,2.0,2,1.0,2.0,4,2.0,44,1.0,1.0,2,1.0,1,1.0,1.0,1
1.0,36,1.0,5.0,6229,2.0,2.0,4,0.0,0.0,4,3.0,23,1.0,2.0,2,3.0,1,1.0,1.0,0
2.0,36,3.0,7.0,4473,2.0,3.0,4,3.0,2.0,2,1.0,31,1.0,1.0,1,1.0,1,0.0,1.0,1
3.0,12,1.0,4.0,2012,4.0,1.0,4,0.0,2.0,2,1.0,61,1.0,1.0,1,1.0,1,0.0,1.0,1
2.0,24,3.0,5.0,3749,2.0,2.0,2,0.0,2.0,4,1.0,26,1.0,1.0,1,1.0,1,0.0,1.0,1
3.0,30,1.0,7.0,2831,2.0,0.0,4,0.0,2.0,2,1.0,33,1.0,1.0,1,1.0,1,1.0,1.0,1
0.0,21,1.0,5.0,2745,3.0,1.0,3,3.0,2.0,2,1.0,32,1.0,1.0,2,1.0,1,1.0,1.0,1
1.0,12,3.0,5.0,1262,4.0,3.0,2,1.0,2.0,4,0.0,49,1.0,1.0,1,3.0,1,1.0,1.0,1
1.0,24,0.0,5.0,6872,2.0,2.0,2,1.0,2.0,1,0.0,55,0.0,1.0,1,1.0,1,1.0,1.0,0
0.0,9,3.0,5.0,918,2.0,0.0,4,0.0,2.0,1,0.0,30,1.0,1.0,1,1.0,1,0.0,1.0,0
2.0,12,0.0,0.0,609,2.0,2.0,4,0.0,2.0,1,2.0,26,1.0,1.0,1,2.0,1,0.0,1.0,0
3.0,4,3.0,5.0,601,2.0,2.0,1,0.0,2.0,3,2.0,23,1.0,2.0,1,3.0,2,0.0,1.0,1
1.0,24,3.0,5.0,3234,2.0,2.0,4,0.0,2.0,4,2.0,23,1.0,2.0,1,3.0,1,1.0,1.0,0
3.0,30,1.0,7.0,6742,4.0,1.0,2,3.0,2.0,3,0.0,36,1.0,1.0,2,1.0,1,0.0,1.0,1
1.0,24,3.0,7.0,1603,2.0,3.0,4,0.0,2.0,4,1.0,55,1.0,1.0,1,1.0,1,0.0,1.0,1
0.0,36,1.0,1.0,2820,2.0,2.0,4,1.0,2.0,4,1.0,27,1.0,1.0,2,1.0,1,0.0,1.0,0
0.0,12,1.0,2.0,1804,0.0,2.0,3,3.0,2.0,4,0.0,44,1.0,1.0,1,1.0,1,0.0,1.0,1
0.0,18,3.0,0.0,1913,3.0,2.0,3,2.0,2.0,3,2.0,36,0.0,1.0,1,1.0,1,1.0,1.0,1
1.0,6,1.0,1.0,3676,2.0,0.0,1,3.0,2.0,3,2.0,37,1.0,2.0,3,1.0,2,0.0,1.0,1
0.0,12,3.0,1.0,1295,2.0,2.0,3,0.0,2.0,1,1.0,25,1.0,2.0,1,1.0,1,0.0,1.0,0
1.0,12,3.0,4.0,1200,4.0,0.0,4,0.0,2.0,4,0.0,23,0.0,2.0,1,1.0,1,1.0,1.0,1
3.0,12,3.0,1.0,1101,2.0,0.0,3,2.0,2.0,2,2.0,27,1.0,1.0,2,1.0,1,1.0,1.0,1
3.0,12,3.0,2.0,4675,4.0,2.0,1,0.0,2.0,4,1.0,20,1.0,2.0,1,1.0,1,0.0,1.0,1
0.0,36,2.0,1.0,2225,2.0,3.0,4,3.0,2.0,4,3.0,57,0.0,0.0,2,1.0,1,1.0,1.0,0
1.0,30,3.0,5.0,6350,4.0,3.0,4,3.0,2.0,4,0.0,31,1.0,1.0,1,1.0,1,0.0,1.0,0
3.0,12,3.0,2.0,1413,3.0,1.0,3,3.0,2.0,2,0.0,55,1.0,1.0,1,1.0,1,0.0,0.0,1
2.0,10,3.0,5.0,1275,2.0,2.0,4,0.0,2.0,2,0.0,23,1.0,1.0,1,1.0,1,0.0,1.0,1
0.0,24,3.0,7.0,2896,0.0,2.0,2,3.0,2.0,1,1.0,29,1.0,1.0,1,1.0,1,0.0,1.0,1
3.0,21,3.0,5.0,2241,2.0,3.0,4,3.0,2.0,2,2.0,50,1.0,1.0,2,1.0,1,0.0,1.0,1
1.0,18,3.0,7.0,2389,2.0,2.0,4,0.0,2.0,1,1.0,27,2.0,1.0,1,1.0,1,0.0,1.0,1
3.0,36,3.0,2.0,8133,2.0,0.0,1,0.0,2.0,2,0.0,30,0.0,1.0,1,1.0,1,0.0,1.0,1
2.0,18,3.0,5.0,2864,2.0,0.0,2,3.0,2.0,1,2.0,34,1.0,1.0,1,3.0,2,0.0,1.0,0
0.0,12,3.0,1.0,6078,2.0,1.0,2,3.0,2.0,2,1.0,32,1.0,1.0,1,1.0,1,0.0,1.0,1
0.0,6,3.0,7.0,368,4.0,3.0,4,3.0,2.0,4,0.0,38,1.0,1.0,1,1.0,1,0.0,1.0,1
1.0,12,1.0,7.0,385,2.0,1.0,4,0.0,2.0,3,2.0,58,1.0,1.0,4,3.0,1,1.0,1.0,1
0.0,10,0.0,7.0,1048,2.0,0.0,4,3.0,2.0,4,2.0,23,2.0,1.0,1,3.0,1,0.0,1.0,1
1.0,24,1.0,2.0,6419,2.0,3.0,2,0.0,2.0,4,3.0,44,1.0,0.0,2,0.0,2,1.0,1.0,1
1.0,24,2.0,7.0,1024,2.0,2.0,4,2.0,2.0,4,2.0,48,2.0,1.0,1,1.0,1,0.0,1.0,0
1.0,24,3.0,1.0,2303,2.0,3.0,4,3.0,0.0,1,2.0,45,1.0,1.0,1,1.0,1,0.0,1.0,0
0.0,9,3.0,7.0,458,2.0,0.0,4,3.0,2.0,3,2.0,24,1.0,1.0,1,1.0,1,0.0,1.0,1
1.0,12,1.0,5.0,2246,2.0,3.0,3,3.0,2.0,3,0.0,60,1.0,1.0,2,1.0,1,0.0,1.0,0
1.0,12,3.0,7.0,727,0.0,2.0,4,2.0,2.0,3,3.0,33,1.0,1.0,1,3.0,1,1.0,1.0,0
3.0,18,3.0,7.0,1453,2.0,2.0,3,0.0,2.0,1,2.0,26,1.0,1.0,1,1.0,1,0.0,1.0,1
3.0,12,3.0,7.0,2171,2.0,2.0,2,0.0,2.0,2,1.0,29,0.0,1.0,1,1.0,1,0.0,1.0,1
3.0,9,3.0,7.0,2697,2.0,0.0,1,3.0,2.0,2,2.0,32,1.0,1.0,1,1.0,2,0.0,1.0,1
0.0,12,3.0,1.0,1007,3.0,0.0,4,2.0,2.0,1,2.0,22,1.0,1.0,1,1.0,1,0.0,1.0,1
3.0,12,1.0,4.0,701,2.0,0.0,4,3.0,2.0,2,1.0,32,1.0,1.0,2,1.0,1,0.0,1.0,1
1.0,12,0.0,7.0,626,2.0,0.0,4,0.0,2.0,4,2.0,24,0.0,1.0,1,3.0,1,0.0,1.0,0
1.0,45,3.0,7.0,1845,2.0,0.0,4,3.0,2.0,4,3.0,23,1.0,0.0,1,1.0,1,1.0,1.0,0
0.0,60,3.0,1.0,14027,2.0,1.0,4,3.0,2.0,2,3.0,27,1.0,1.0,1,0.0,1,1.0,1.0,0
3.0,30,1.0,7.0,5771,2.0,1.0,4,0.0,2.0,2,1.0,25,1.0,1.0,2,1.0,1,0.0,1.0,1
3.0,24,3.0,1.0,1525,3.0,1.0,4,0.0,2.0,3,1.0,34,1.0,1.0,1,1.0,2,1.0,1.0,1
3.0,22,3.0,1.0,1283,4.0,1.0,4,0.0,2.0,4,0.0,25,1.0,2.0,1,1.0,1,0.0,1.0,1
3.0,6,3.0,7.0,518,2.0,0.0,3,0.0,2.0,1,2.0,29,1.0,1.0,1,1.0,1,0.0,1.0,1
1.0,48,4.0,5.0,7119,2.0,0.0,3,3.0,2.0,4,3.0,53,1.0,0.0,2,1.0,2,0.0,1.0,0
1.0,24,3.0,5.0,3021,2.0,0.0,2,1.0,2.0,2,2.0,24,1.0,2.0,1,3.0,1,0.0,1.0,1
3.0,48,1.0,2.0,2751,4.0,3.0,4,3.0,2.0,3,1.0,38,1.0,1.0,2,1.0,2,1.0,1.0,1
3.0,6,3.0,8.0,660,1.0,1.0,2,2.0,2.0,4,2.0,23,1.0,2.0,1,3.0,1,0.0,1.0,1
3.0,24,1.0,1.0,2463,0.0,1.0,4,2.0,2.0,3,0.0,27,1.0,1.0,2,1.0,1,1.0,1.0,1
1.0,18,3.0,1.0,2249,0.0,1.0,4,3.0,2.0,3,1.0,30,1.0,1.0,1,0.0,2,1.0,1.0,1
0.0,48,4.0,0.0,14421,2.0,0.0,2,3.0,2.0,2,1.0,25,1.0,1.0,1,1.0,1,1.0,1.0,0
1.0,18,1.0,1.0,3966,2.0,3.0,1,0.0,2.0,4,2.0,33,0.0,2.0,3,1.0,1,1.0,1.0,0
3.0,30,1.0,7.0,3077,4.0,3.0,3,3.0,2.0,2,1.0,40,1.0,1.0,2,1.0,2,1.0,1.0,1
0.0,9,3.0,5.0,959,2.0,0.0,1,0.0,2.0,2,1.0,29,1.0,1.0,1,1.0,1,0.0,0.0,0
2.0,9,3.0,7.0,745,2.0,0.0,3,0.0,2.0,2,2.0,28,1.0,1.0,1,3.0,1,0.0,1.0,0
3.0,24,1.0,7.0,2684,2.0,0.0,4,3.0,2.0,2,2.0,35,1.0,1.0,2,3.0,1,0.0,1.0,1
3.0,12,3.0,4.0,1393,2.0,3.0,4,3.0,2.0,4,0.0,47,0.0,1.0,3,1.0,2,1.0,1.0,1
1.0,18,1.0,7.0,1880,2.0,1.0,4,2.0,2.0,1,0.0,32,1.0,1.0,2,0.0,1,1.0,1.0,1
0.0,9,3.0,4.0,1199,2.0,1.0,4,0.0,2.0,4,0.0,67,1.0,1.0,2,0.0,1,1.0,1.0,1
0.0,24,3.0,5.0,3069,0.0,3.0,4,3.0,2.0,4,3.0,30,1.0,0.0,1,1.0,1,0.0,1.0,1
3.0,24,3.0,5.0,3972,2.0,1.0,2,0.0,2.0,4,0.0,25,1.0,2.0,1,1.0,1,1.0,1.0,1
1.0,6,3.0,1.0,14896,2.0,3.0,1,3.0,2.0,4,3.0,68,0.0,1.0,1,0.0,1,1.0,1.0,0
1.0,36,3.0,7.0,2302,2.0,0.0,4,1.0,2.0,4,1.0,31,1.0,2.0,1,1.0,1,0.0,1.0,0
1.0,8,1.0,1.0,731,2.0,3.0,4,3.0,2.0,4,2.0,47,1.0,1.0,2,3.0,1,0.0,1.0,1
1.0,15,1.0,5.0,1433,2.0,0.0,4,0.0,2.0,3,0.0,25,1.0,2.0,2,1.0,1,0.0,1.0,1
3.0,6,3.0,3.0,1338,1.0,0.0,1,1.0,2.0,4,2.0,62,1.0,1.0,1,1.0,1,0.0,1.0,1
0.0,18,1.0,5.0,1295,2.0,2.0,4,0.0,2.0,1,0.0,27,1.0,1.0,2,1.0,1,0.0,1.0,1
1.0,6,1.0,5.0,1872,2.0,4.0,4,3.0,2.0,4,3.0,36,1.0,0.0,3,0.0,1,1.0,1.0,1
0.0,18,1.0,1.0,884,2.0,3.0,4,3.0,2.0,4,1.0,36,0.0,1.0,1,1.0,2,1.0,1.0,0
3.0,24,2.0,1.0,2538,2.0,3.0,4,3.0,2.0,4,1.0,47,1.0,1.0,2,3.0,2,0.0,1.0,0
3.0,24,3.0,7.0,3105,4.0,2.0,4,3.0,2.0,2,1.0,25,1.0,1.0,2,1.0,1,0.0,1.0,1
3.0,48,1.0,0.0,7629,4.0,3.0,4,1.0,2.0,2,1.0,46,0.0,1.0,2,0.0,2,0.0,1.0,1
1.0,12,1.0,1.0,2171,2.0,0.0,4,3.0,2.0,4,0.0,38,0.0,1.0,2,3.0,1,0.0,0.0,1
0.0,18,3.0,2.0,2779,2.0,0.0,1,2.0,2.0,3,1.0,21,1.0,2.0,1,1.0,1,1.0,1.0,1
1.0,9,1.0,7.0,1138,2.0,0.0,4,3.0,2.0,4,2.0,25,1.0,1.0,2,3.0,1,0.0,1.0,1
1.0,12,3.0,5.0,1657,2.0,0.0,2,3.0,2.0,2,2.0,27,1.0,1.0,1,1.0,1,0.0,1.0,1
0.0,21,3.0,0.0,2767,0.0,3.0,4,1.0,2.0,2,1.0,61,0.0,2.0,2,3.0,1,0.0,1.0,0
0.0,18,1.0,5.0,1928,2.0,2.0,2,3.0,2.0,2,2.0,31,1.0,1.0,2,3.0,1,0.0,1.0,0
0.0,36,3.0,8.0,2384,2.0,2.0,4,3.0,2.0,1,3.0,33,1.0,2.0,1,3.0,1,0.0,1.0,0
3.0,9,1.0,4.0,1244,4.0,3.0,4,0.0,2.0,4,0.0,41,1.0,2.0,2,3.0,1,0.0,1.0,1
3.0,12,1.0,5.0,3331,2.0,3.0,2,3.0,2.0,4,0.0,42,2.0,1.0,1,1.0,1,0.0,1.0,1
3.0,24,1.0,4.0,1597,2.0,3.0,4,3.0,2.0,4,3.0,54,1.0,0.0,2,1.0,2,0.0,1.0,1
3.0,24,2.0,0.0,3863,2.0,0.0,1,3.0,2.0,2,3.0,32,1.0,0.0,1,1.0,1,0.0,1.0,1
1.0,12,3.0,7.0,709,2.0,3.0,4,3.0,2.0,4,2.0,57,2.0,1.0,1,3.0,1,0.0,1.0,0
0.0,15,3.0,7.0,802,2.0,3.0,4,3.0,2.0,3,1.0,37,1.0,1.0,1,1.0,2,0.0,1.0,0
3.0,12,3.0,5.0,1736,2.0,1.0,3,0.0,2.0,4,2.0,31,1.0,1.0,1,3.0,1,0.0,1.0,1
1.0,6,3.0,1.0,662,2.0,2.0,3,3.0,2.0,4,2.0,41,1.0,1.0,1,3.0,2,1.0,1.0,1
3.0,6,0.0,1.0,783,4.0,0.0,1,3.0,1.0,2,2.0,26,2.0,1.0,1,3.0,2,0.0,1.0,1
1.0,21,3.0,7.0,1835,2.0,0.0,3,0.0,2.0,2,2.0,25,1.0,1.0,2,1.0,1,1.0,1.0,0
0.0,6,1.0,9.0,932,4.0,1.0,1,0.0,2.0,3,0.0,39,1.0,1.0,2,3.0,1,0.0,1.0,1
1.0,6,3.0,5.0,1374,2.0,0.0,1,3.0,2.0,2,2.0,36,0.0,1.0,1,3.0,1,1.0,1.0,1
1.0,8,1.0,6.0,1164,2.0,3.0,3,3.0,2.0,4,3.0,51,0.0,0.0,2,0.0,2,1.0,1.0,1
1.0,48,1.0,2.0,6143,2.0,3.0,4,0.0,2.0,4,3.0,58,2.0,0.0,2,3.0,1,0.0,1.0,0
3.0,6,4.0,1.0,1204,0.0,0.0,4,3.0,2.0,1,3.0,35,0.0,2.0,1,1.0,1,0.0,0.0,1
0.0,6,0.0,4.0,433,3.0,2.0,4,0.0,2.0,2,0.0,24,0.0,2.0,1,1.0,2,0.0,1.0,0
3.0,12,3.0,5.0,1574,2.0,0.0,4,3.0,2.0,2,2.0,50,1.0,1.0,1,1.0,1,0.0,1.0,1
0.0,36,1.0,2.0,5800,2.0,0.0,3,3.0,2.0,4,1.0,34,1.0,1.0,2,1.0,1,1.0,1.0,1
1.0,24,0.0,0.0,3161,2.0,0.0,4,3.0,2.0,2,0.0,31,1.0,2.0,1,1.0,1,1.0,1.0,0
0.0,8,3.0,0.0,907,2.0,2.0,3,2.0,2.0,2,2.0,26,1.0,1.0,1,1.0,1,1.0,1.0,1
3.0,12,0.0,9.0,3447,1.0,0.0,4,0.0,2.0,3,2.0,35,1.0,1.0,1,3.0,2,0.0,1.0,1
1.0,36,3.0,5.0,2712,2.0,3.0,2,3.0,2.0,2,0.0,41,0.0,1.0,1,1.0,2,0.0,1.0,0
1.0,24,3.0,7.0,1938,2.0,2.0,4,1.0,2.0,3,0.0,32,1.0,1.0,1,1.0,1,0.0,1.0,0
3.0,24,1.0,7.0,1851,2.0,1.0,4,2.0,1.0,2,1.0,33,1.0,1.0,2,1.0,1,1.0,1.0,1
0.0,24,3.0,1.0,3512,0.0,1.0,2,3.0,2.0,3,1.0,38,0.0,1.0,2,1.0,1,1.0,1.0,1
0.0,18,2.0,0.0,2427,4.0,3.0,4,3.0,2.0,2,0.0,42,1.0,1.0,2,1.0,1,0.0,1.0,1
1.0,18,1.0,8.0,1190,2.0,4.0,2,0.0,2.0,4,3.0,55,1.0,0.0,3,2.0,2,0.0,1.0,0
3.0,10,3.0,1.0,1546,2.0,0.0,3,3.0,2.0,2,2.0,31,1.0,1.0,1,3.0,2,0.0,0.0,1
0.0,12,3.0,5.0,3017,2.0,2.0,3,0.0,2.0,1,2.0,34,1.0,2.0,1,0.0,1,0.0,1.0,1
0.0,9,3.0,1.0,276,2.0,0.0,4,2.0,2.0,4,2.0,22,1.0,2.0,1,3.0,1,0.0,1.0,1
3.0,12,1.0,1.0,926,2.0,4.0,1,0.0,2.0,2,0.0,38,1.0,1.0,1,2.0,1,0.0,1.0,1
0.0,9,3.0,0.0,1391,2.0,0.0,2,2.0,2.0,1,2.0,27,0.0,1.0,1,1.0,1,1.0,1.0,1
0.0,24,3.0,5.0,4057,2.0,1.0,3,1.0,2.0,3,1.0,43,1.0,1.0,1,1.0,1,1.0,1.0,0
0.0,6,0.0,1.0,931,0.0,2.0,1,0.0,2.0,1,0.0,32,2.0,1.0,1,3.0,1,0.0,1.0,0
3.0,10,3.0,2.0,2901,4.0,2.0,1,0.0,2.0,4,2.0,31,1.0,2.0,1,1.0,1,0.0,1.0,1
1.0,12,3.0,4.0,684,2.0,0.0,4,3.0,2.0,4,1.0,40,1.0,2.0,1,3.0,2,0.0,1.0,0
1.0,48,3.0,4.0,7476,2.0,1.0,4,3.0,2.0,1,3.0,50,1.0,0.0,1,0.0,1,1.0,1.0,1
3.0,15,3.0,5.0,2221,1.0,0.0,2,0.0,2.0,4,1.0,20,1.0,2.0,1,1.0,1,0.0,1.0,1
1.0,12,1.0,1.0,4843,2.0,3.0,3,3.0,0.0,4,0.0,43,1.0,2.0,2,1.0,1,1.0,1.0,0
3.0,18,3.0,5.0,2515,2.0,0.0,3,3.0,2.0,4,2.0,43,1.0,1.0,1,1.0,1,1.0,1.0,1
1.0,12,3.0,1.0,3651,3.0,0.0,1,3.0,2.0,3,0.0,31,1.0,1.0,1,1.0,2,0.0,1.0,1
2.0,4,3.0,1.0,1494,4.0,2.0,1,3.0,2.0,2,2.0,29,1.0,1.0,1,3.0,2,0.0,0.0,1
0.0,48,3.0,6.0,5381,4.0,4.0,3,3.0,2.0,4,3.0,40,0.0,0.0,1,2.0,1,1.0,1.0,1
2.0,12,3.0,7.0,3399,4.0,3.0,2,3.0,2.0,3,1.0,37,1.0,1.0,1,0.0,1,0.0,1.0,1
1.0,15,1.0,5.0,1478,2.0,3.0,4,3.0,2.0,4,1.0,44,1.0,1.0,2,1.0,2,1.0,1.0,1
0.0,6,2.0,0.0,1449,0.0,3.0,1,1.0,2.0,2,1.0,31,0.0,1.0,2,1.0,2,0.0,1.0,1
0.0,24,1.0,7.0,1743,2.0,3.0,4,3.0,2.0,2,0.0,48,1.0,1.0,2,3.0,1,0.0,1.0,1
3.0,12,3.0,7.0,3077,2.0,0.0,2,3.0,2.0,4,1.0,52,1.0,1.0,1,1.0,1,1.0,1.0,1
3.0,6,3.0,5.0,1766,2.0,0.0,1,2.0,2.0,2,0.0,21,1.0,2.0,1,1.0,1,0.0,1.0,1
0.0,9,3.0,5.0,2030,4.0,1.0,2,3.0,2.0,1,1.0,24,1.0,1.0,1,1.0,1,1.0,1.0,1
3.0,11,1.0,7.0,1154,0.0,4.0,4,0.0,2.0,4,2.0,57,1.0,1.0,3,3.0,1,0.0,1.0,1
1.0,20,1.0,5.0,4272,2.0,3.0,1,0.0,2.0,4,0.0,24,1.0,1.0,2,1.0,1,0.0,1.0,1
0.0,72,3.0,7.0,5595,0.0,0.0,2,2.0,2.0,2,1.0,24,1.0,1.0,1,1.0,1,0.0,1.0,0
1.0,12,1.0,1.0,2122,2.0,0.0,3,3.0,2.0,2,2.0,39,1.0,2.0,2,3.0,2,0.0,0.0,1
3.0,24,1.0,0.0,4139,0.0,0.0,3,3.0,2.0,3,0.0,27,1.0,1.0,2,3.0,1,1.0,1.0,1
3.0,7,2.0,7.0,846,4.0,3.0,3,3.0,2.0,4,3.0,36,1.0,0.0,1,1.0,1,0.0,1.0,1
3.0,15,1.0,4.0,1532,0.0,0.0,4,0.0,2.0,3,1.0,31,1.0,1.0,1,1.0,1,0.0,1.0,1
0.0,21,3.0,5.0,3976,4.0,1.0,2,3.0,2.0,3,1.0,35,1.0,1.0,1,1.0,1,1.0,1.0,1
0.0,12,3.0,7.0,766,1.0,0.0,4,3.0,2.0,3,2.0,66,1.0,1.0,1,3.0,1,0.0,1.0,0
0.0,24,3.0,1.0,1246,2.0,2.0,4,3.0,2.0,2,2.0,23,2.0,1.0,1,3.0,1,0.0,1.0,0
3.0,12,3.0,0.0,1542,2.0,1.0,2,3.0,2.0,4,1.0,36,1.0,1.0,1,1.0,1,1.0,1.0,1
3.0,24,3.0,5.0,929,4.0,1.0,4,3.0,2.0,2,1.0,31,2.0,1.0,1,1.0,1,1.0,1.0,1
3.0,15,3.0,2.0,3029,2.0,1.0,2,3.0,2.0,2,1.0,33,1.0,1.0,1,1.0,1,0.0,1.0,1
3.0,18,3.0,5.0,1533,2.0,2.0,4,2.0,0.0,1,0.0,43,1.0,1.0,1,3.0,2,0.0,1.0,0
0.0,48,2.0,0.0,6681,4.0,0.0,4,3.0,2.0,4,3.0,38,1.0,0.0,1,1.0,2,1.0,1.0,1
0.0,12,3.0,1.0,888,2.0,3.0,4,3.0,2.0,4,1.0,41,0.0,1.0,1,3.0,2,0.0,1.0,0
0.0,18,2.0,5.0,4297,2.0,3.0,4,1.0,2.0,3,3.0,40,1.0,1.0,1,0.0,1,1.0,1.0,0
2.0,30,2.0,0.0,1908,2.0,3.0,4,3.0,2.0,4,2.0,66,1.0,1.0,1,0.0,1,1.0,1.0,0
3.0,24,3.0,7.0,3235,1.0,3.0,3,1.0,2.0,2,1.0,26,1.0,1.0,1,0.0,1,1.0,1.0,1
0.0,60,3.0,1.0,7408,0.0,2.0,4,0.0,2.0,2,0.0,24,1.0,1.0,1,0.0,1,0.0,1.0,0
1.0,24,3.0,0.0,6568,2.0,0.0,2,2.0,2.0,2,1.0,21,2.0,1.0,1,3.0,1,0.0,1.0,1
1.0,24,0.0,2.0,3632,2.0,0.0,1,0.0,1.0,4,1.0,22,0.0,2.0,1,1.0,1,0.0,0.0,1
3.0,54,4.0,2.0,9436,4.0,0.0,2,3.0,2.0,2,0.0,39,1.0,1.0,1,3.0,2,0.0,1.0,1
1.0,60,2.0,0.0,6836,2.0,3.0,3,3.0,2.0,4,3.0,63,1.0,1.0,2,1.0,1,1.0,1.0,0
2.0,21,1.0,4.0,2319,2.0,2.0,2,1.0,2.0,1,1.0,33,1.0,2.0,1,1.0,1,0.0,1.0,0
3.0,6,3.0,2.0,1236,1.0,0.0,2,3.0,2.0,4,0.0,50,1.0,2.0,1,1.0,1,0.0,1.0,1
3.0,21,4.0,1.0,5003,4.0,0.0,1,0.0,2.0,4,0.0,29,0.0,1.0,2,1.0,1,1.0,1.0,0
3.0,12,3.0,7.0,886,4.0,0.0,4,0.0,2.0,2,1.0,21,1.0,1.0,1,1.0,1,0.0,1.0,1
1.0,24,3.0,1.0,1442,2.0,1.0,4,0.0,2.0,4,1.0,23,1.0,2.0,2,1.0,1,0.0,1.0,0
3.0,6,3.0,5.0,2978,1.0,0.0,1,3.0,2.0,2,1.0,32,1.0,1.0,1,1.0,1,1.0,1.0,1
1.0,24,3.0,5.0,2359,0.0,4.0,1,1.0,2.0,1,0.0,33,1.0,1.0,1,1.0,1,0.0,1.0,0
1.0,24,3.0,5.0,2996,4.0,0.0,2,2.0,2.0,4,1.0,20,1.0,1.0,1,1.0,1,0.0,1.0,0
3.0,18,1.0,5.0,3780,2.0,2.0,3,1.0,2.0,2,1.0,35,1.0,1.0,2,0.0,1,1.0,1.0,1
3.0,27,3.0,8.0,5190,4.0,3.0,4,3.0,2.0,4,0.0,48,1.0,1.0,4,1.0,2,1.0,1.0,1
0.0,36,3.0,7.0,4795,2.0,2.0,4,0.0,2.0,1,3.0,30,1.0,1.0,1,0.0,1,1.0,1.0,1
1.0,12,0.0,1.0,697,2.0,2.0,4,3.0,2.0,2,1.0,46,0.0,1.0,2,1.0,1,1.0,1.0,0
3.0,18,4.0,0.0,4165,2.0,0.0,2,3.0,2.0,2,1.0,36,2.0,1.0,2,1.0,2,0.0,1.0,0
1.0,14,3.0,1.0,3973,2.0,4.0,1,3.0,2.0,4,3.0,22,1.0,0.0,1,1.0,1,0.0,1.0,1
3.0,18,1.0,4.0,1864,0.0,0.0,4,0.0,2.0,2,2.0,30,1.0,1.0,2,1.0,1,0.0,1.0,0
2.0,6,1.0,4.0,1047,2.0,0.0,2,0.0,2.0,4,0.0,50,1.0,1.0,1,3.0,1,0.0,1.0,1
3.0,18,3.0,7.0,433,2.0,4.0,3,0.0,0.0,4,2.0,22,1.0,2.0,1,1.0,1,0.0,1.0,0
0.0,36,3.0,4.0,3711,4.0,0.0,2,2.0,2.0,2,1.0,27,1.0,1.0,1,1.0,1,0.0,1.0,1
0.0,9,3.0,7.0,1206,2.0,3.0,4,0.0,2.0,4,2.0,25,1.0,1.0,1,1.0,1,0.0,1.0,1
3.0,6,3.0,5.0,1543,3.0,0.0,4,1.0,2.0,2,2.0,33,1.0,1.0,1,1.0,1,0.0,1.0,1
3.0,4,1.0,1.0,3380,2.0,1.0,1,0.0,2.0,1,2.0,37,1.0,1.0,1,1.0,2,0.0,1.0,1
2.0,24,3.0,7.0,1258,1.0,0.0,3,0.0,2.0,3,1.0,57,1.0,1.0,1,3.0,1,0.0,1.0,1
3.0,12,3.0,7.0,2073,0.0,0.0,4,0.0,0.0,2,2.0,28,1.0,1.0,1,1.0,1,0.0,1.0,1
1.0,21,3.0,7.0,2606,2.0,2.0,4,0.0,2.0,4,0.0,28,1.0,2.0,1,0.0,1,1.0,1.0,1
3.0,12,1.0,4.0,2096,2.0,1.0,2,3.0,2.0,3,2.0,49,1.0,1.0,1,3.0,2,0.0,1.0,1
3.0,12,1.0,1.0,1255,2.0,3.0,4,3.0,2.0,4,2.0,61,1.0,1.0,2,3.0,1,0.0,1.0,1
3.0,9,3.0,3.0,1236,2.0,2.0,1,0.0,2.0,4,2.0,23,1.0,2.0,1,1.0,1,1.0,1.0,1
3.0,24,3.0,7.0,1278,2.0,3.0,4,3.0,2.0,1,2.0,36,1.0,1.0,1,0.0,1,1.0,1.0,1
1.0,6,3.0,1.0,1374,4.0,4.0,4,0.0,2.0,3,0.0,75,1.0,1.0,1,0.0,1,1.0,1.0,1
2.0,10,3.0,1.0,3949,2.0,2.0,1,3.0,1.0,1,0.0,37,1.0,1.0,1,3.0,2,0.0,1.0,1
3.0,12,3.0,1.0,2390,4.0,3.0,4,3.0,2.0,3,1.0,50,1.0,1.0,1,1.0,1,1.0,1.0,1
0.0,24,3.0,1.0,1201,2.0,2.0,4,3.0,2.0,1,0.0,26,1.0,1.0,1,1.0,1,0.0,1.0,1
3.0,15,1.0,5.0,2788,2.0,1.0,2,0.0,0.0,3,1.0,24,0.0,1.0,2,1.0,1,0.0,1.0,1
3.0,12,1.0,0.0,1264,4.0,3.0,4,3.0,2.0,4,3.0,57,1.0,2.0,1,3.0,1,0.0,1.0,1
1.0,24,3.0,5.0,4020,2.0,0.0,2,3.0,2.0,2,1.0,27,2.0,1.0,1,1.0,1,0.0,1.0,1
3.0,9,3.0,1.0,2507,1.0,3.0,2,3.0,2.0,4,3.0,51,1.0,0.0,1,3.0,1,0.0,1.0,1
3.0,24,3.0,7.0,2397,1.0,3.0,3,3.0,2.0,2,1.0,35,0.0,1.0,2,1.0,1,1.0,1.0,0
0.0,27,3.0,0.0,3915,2.0,0.0,4,3.0,2.0,2,1.0,36,1.0,1.0,1,1.0,2,1.0,1.0,0
3.0,48,1.0,2.0,11590,0.0,0.0,2,0.0,2.0,4,1.0,24,0.0,2.0,2,3.0,1,0.0,1.0,0
1.0,42,3.0,5.0,7882,2.0,1.0,2,3.0,1.0,4,0.0,45,1.0,0.0,1,1.0,2,0.0,1.0,1
3.0,12,1.0,1.0,1495,2.0,3.0,4,3.0,2.0,1,2.0,38,1.0,1.0,2,3.0,2,0.0,1.0,1
3.0,24,3.0,1.0,2255,4.0,2.0,4,3.0,2.0,1,0.0,54,1.0,1.0,1,1.0,1,0.0,1.0,1
0.0,9,3.0,1.0,1549,4.0,2.0,4,3.0,2.0,2,2.0,35,1.0,1.0,1,2.0,1,0.0,1.0,1
3.0,30,3.0,2.0,4811,4.0,1.0,2,0.0,2.0,4,0.0,24,2.0,2.0,1,3.0,1,0.0,1.0,1
0.0,14,3.0,0.0,1410,1.0,3.0,1,2.0,2.0,2,2.0,35,1.0,1.0,1,1.0,1,1.0,1.0,1
3.0,5,3.0,0.0,3448,2.0,1.0,1,3.0,2.0,4,2.0,74,1.0,1.0,1,3.0,1,0.0,1.0,1
0.0,11,2.0,7.0,4771,2.0,1.0,2,3.0,2.0,4,0.0,51,1.0,1.0,1,1.0,1,0.0,1.0,1
1.0,10,3.0,7.0,2315,2.0,3.0,3,3.0,2.0,4,2.0,52,1.0,1.0,1,3.0,1,0.0,1.0,1
1.0,48,3.0,2.0,4788,2.0,1.0,4,3.0,2.0,3,0.0,26,1.0,1.0,1,1.0,2,0.0,1.0,1
3.0,18,3.0,0.0,1568,0.0,0.0,3,0.0,2.0,4,0.0,24,1.0,2.0,1,3.0,1,0.0,1.0,1
3.0,15,0.0,7.0,1569,0.0,3.0,4,3.0,2.0,4,1.0,34,0.0,1.0,1,3.0,2,0.0,1.0,1
1.0,40,1.0,4.0,5998,2.0,0.0,4,3.0,2.0,3,3.0,27,0.0,1.0,1,1.0,1,1.0,1.0,0
3.0,18,1.0,7.0,1169,4.0,0.0,4,3.0,2.0,3,0.0,29,1.0,1.0,2,1.0,1,1.0,1.0,1
0.0,12,3.0,1.0,1223,2.0,3.0,1,1.0,2.0,1,2.0,46,1.0,2.0,2,1.0,1,0.0,1.0,0
1.0,18,3.0,5.0,2659,3.0,0.0,4,3.0,2.0,2,1.0,28,1.0,1.0,1,1.0,1,0.0,1.0,1
3.0,6,1.0,7.0,700,4.0,3.0,4,3.0,2.0,4,3.0,36,1.0,0.0,2,1.0,1,0.0,1.0,1
3.0,10,3.0,2.0,2848,0.0,0.0,1,3.0,0.0,2,2.0,32,1.0,1.0,1,1.0,2,0.0,1.0,1
1.0,9,3.0,7.0,1366,2.0,2.0,3,0.0,2.0,4,0.0,22,1.0,2.0,1,1.0,1,0.0,1.0,0
3.0,36,3.0,4.0,9055,4.0,0.0,2,3.0,2.0,4,3.0,35,1.0,0.0,1,3.0,2,1.0,1.0,1
1.0,24,3.0,7.0,1987,2.0,0.0,2,3.0,2.0,4,2.0,21,1.0,2.0,1,3.0,2,0.0,1.0,0
1.0,24,3.0,2.0,2924,2.0,0.0,3,3.0,1.0,4,3.0,63,0.0,1.0,1,1.0,2,1.0,1.0,1
0.0,18,3.0,0.0,2622,0.0,0.0,4,3.0,2.0,4,1.0,34,1.0,1.0,1,1.0,1,0.0,1.0,1
3.0,36,1.0,0.0,6304,4.0,3.0,4,3.0,2.0,4,2.0,36,1.0,1.0,2,1.0,1,0.0,1.0,1
3.0,36,2.0,7.0,4463,2.0,0.0,4,3.0,2.0,2,1.0,26,1.0,1.0,2,0.0,1,1.0,1.0,0
3.0,36,3.0,0.0,7409,4.0,3.0,3,3.0,2.0,2,0.0,37,1.0,1.0,2,1.0,1,0.0,1.0,1
3.0,24,2.0,1.0,717,4.0,3.0,4,2.0,2.0,4,1.0,54,1.0,1.0,2,1.0,1,1.0,1.0,1
1.0,20,3.0,5.0,2212,4.0,1.0,4,3.0,2.0,4,1.0,39,1.0,1.0,1,1.0,1,1.0,1.0,1
1.0,18,0.0,5.0,1553,2.0,0.0,4,3.0,2.0,3,1.0,44,0.0,1.0,1,1.0,1,0.0,1.0,0
0.0,18,3.0,2.0,12976,2.0,4.0,3,0.0,2.0,4,3.0,38,1.0,0.0,1,0.0,1,1.0,1.0,0
3.0,12,1.0,7.0,1934,2.0,3.0,2,3.0,2.0,2,3.0,26,1.0,1.0,2,1.0,1,0.0,1.0,1
1.0,33,1.0,5.0,4281,1.0,0.0,1,0.0,2.0,4,1.0,23,1.0,1.0,2,1.0,1,0.0,1.0,0
1.0,16,1.0,1.0,2625,2.0,3.0,2,3.0,1.0,4,0.0,43,0.0,2.0,1,1.0,1,1.0,1.0,0
1.0,6,1.0,1.0,666,3.0,1.0,3,0.0,2.0,4,2.0,39,1.0,1.0,2,3.0,1,1.0,1.0,1
3.0,24,3.0,2.0,3488,0.0,1.0,3,0.0,2.0,4,1.0,23,1.0,1.0,1,1.0,1,0.0,1.0,1
0.0,30,1.0,1.0,5234,2.0,4.0,4,2.0,2.0,2,1.0,28,1.0,1.0,2,0.0,1,0.0,1.0,0
3.0,6,1.0,7.0,1382,2.0,0.0,1,0.0,2.0,1,1.0,28,1.0,1.0,2,1.0,1,1.0,1.0,1
3.0,36,3.0,5.0,3349,2.0,0.0,4,0.0,2.0,2,1.0,28,1.0,1.0,1,0.0,1,1.0,1.0,0
3.0,15,3.0,7.0,1213,1.0,3.0,4,3.0,2.0,3,0.0,47,2.0,1.0,1,1.0,1,1.0,1.0,1
0.0,12,3.0,1.0,836,0.0,2.0,4,0.0,2.0,2,0.0,23,0.0,1.0,1,3.0,1,0.0,1.0,0
1.0,12,3.0,5.0,1289,2.0,0.0,4,3.0,1.0,1,0.0,21,1.0,1.0,1,3.0,1,0.0,1.0,1
3.0,12,1.0,5.0,1258,2.0,2.0,2,0.0,2.0,4,0.0,22,1.0,2.0,2,3.0,1,0.0,1.0,1
1.0,30,3.0,7.0,2522,2.0,3.0,1,3.0,1.0,3,0.0,39,1.0,1.0,1,1.0,2,0.0,1.0,1
3.0,12,3.0,0.0,1076,2.0,0.0,2,2.0,2.0,2,2.0,26,1.0,1.0,1,1.0,1,1.0,0.0,1
3.0,36,3.0,7.0,3835,4.0,3.0,2,0.0,2.0,4,2.0,45,1.0,1.0,1,3.0,1,1.0,1.0,1
3.0,18,3.0,7.0,1505,2.0,0.0,4,3.0,2.0,2,3.0,32,1.0,0.0,1,0.0,1,1.0,1.0,1
1.0,30,3.0,5.0,2406,2.0,1.0,4,0.0,2.0,4,2.0,23,1.0,2.0,1,1.0,1,0.0,1.0,0
0.0,15,2.0,8.0,1512,3.0,0.0,3,2.0,2.0,3,0.0,61,2.0,1.0,2,1.0,1,0.0,1.0,0
1.0,12,3.0,5.0,7865,2.0,3.0,4,3.0,2.0,4,3.0,53,1.0,0.0,1,0.0,1,1.0,1.0,0
0.0,18,1.0,0.0,3590,2.0,4.0,3,2.0,2.0,3,1.0,40,1.0,1.0,3,2.0,2,1.0,1.0,1
1.0,24,0.0,5.0,3349,1.0,2.0,4,3.0,2.0,4,3.0,30,1.0,0.0,1,1.0,2,1.0,1.0,0
1.0,18,3.0,2.0,7511,4.0,3.0,1,3.0,2.0,4,0.0,51,1.0,0.0,1,1.0,2,1.0,1.0,0
1.0,36,3.0,2.0,5493,2.0,3.0,2,3.0,2.0,4,3.0,42,1.0,0.0,1,1.0,2,0.0,1.0,1
3.0,18,3.0,0.0,1950,2.0,1.0,4,3.0,2.0,1,1.0,34,2.0,1.0,2,1.0,1,1.0,1.0,1
2.0,12,2.0,1.0,2247,2.0,0.0,2,0.0,2.0,2,1.0,36,2.0,1.0,2,1.0,1,1.0,1.0,1
3.0,33,2.0,0.0,2764,2.0,0.0,2,0.0,2.0,2,1.0,26,1.0,1.0,2,1.0,1,1.0,1.0,1
0.0,30,2.0,7.0,1919,0.0,2.0,4,3.0,2.0,3,3.0,30,2.0,1.0,2,0.0,1,0.0,1.0,0
3.0,9,3.0,5.0,1313,2.0,3.0,1,3.0,2.0,4,1.0,20,1.0,1.0,1,1.0,1,0.0,1.0,1
0.0,36,3.0,2.0,6948,2.0,0.0,2,3.0,2.0,2,1.0,35,1.0,2.0,1,0.0,1,1.0,1.0,1
1.0,12,3.0,5.0,1282,2.0,0.0,2,0.0,2.0,4,1.0,20,1.0,2.0,1,1.0,1,0.0,1.0,0
3.0,24,2.0,1.0,2032,2.0,3.0,4,3.0,2.0,4,3.0,60,1.0,0.0,2,1.0,1,1.0,1.0,1
3.0,12,3.0,1.0,1884,2.0,3.0,4,3.0,2.0,4,1.0,39,1.0,1.0,1,0.0,1,1.0,1.0,1
1.0,30,3.0,5.0,3622,3.0,3.0,4,0.0,2.0,4,0.0,57,1.0,2.0,2,1.0,1,1.0,1.0,1
0.0,12,1.0,1.0,958,2.0,1.0,2,3.0,2.0,3,2.0,47,1.0,1.0,2,3.0,2,0.0,1.0,1
3.0,36,1.0,2.0,5711,3.0,3.0,4,3.0,2.0,2,1.0,38,1.0,1.0,2,0.0,1,1.0,1.0,1
3.0,24,3.0,7.0,3621,0.0,3.0,2,3.0,2.0,4,1.0,31,1.0,1.0,2,1.0,1,0.0,1.0,0
1.0,24,4.0,5.0,4110,2.0,3.0,3,3.0,2.0,4,3.0,23,0.0,2.0,2,1.0,2,0.0,1.0,0
0.0,12,3.0,7.0,2930,2.0,1.0,2,0.0,2.0,1,2.0,27,1.0,1.0,1,1.0,1,0.0,1.0,1
1.0,12,3.0,7.0,1498,2.0,0.0,4,0.0,2.0,1,1.0,23,0.0,1.0,1,1.0,1,0.0,1.0,1
3.0,24,1.0,7.0,2578,3.0,3.0,2,3.0,2.0,2,1.0,34,1.0,1.0,1,1.0,1,0.0,1.0,1
1.0,24,0.0,6.0,1358,4.0,3.0,4,3.0,2.0,3,1.0,40,2.0,1.0,1,0.0,1,1.0,1.0,0
0.0,36,3.0,4.0,2273,2.0,1.0,3,3.0,2.0,1,1.0,32,1.0,1.0,2,1.0,2,0.0,1.0,1
0.0,12,1.0,1.0,3124,2.0,2.0,1,3.0,2.0,3,2.0,49,0.0,1.0,2,3.0,2,0.0,1.0,1
0.0,12,4.0,5.0,2969,2.0,2.0,4,0.0,2.0,3,0.0,25,1.0,2.0,2,1.0,1,0.0,1.0,0
2.0,12,3.0,5.0,1424,4.0,3.0,3,0.0,2.0,4,2.0,55,1.0,1.0,1,0.0,1,1.0,1.0,1
3.0,24,3.0,2.0,2670,2.0,3.0,4,3.0,2.0,4,1.0,35,1.0,1.0,1,0.0,1,1.0,1.0,1
3.0,9,3.0,7.0,1478,2.0,1.0,4,3.0,2.0,2,1.0,22,1.0,1.0,1,1.0,1,0.0,1.0,0
3.0,18,1.0,2.0,3229,4.0,4.0,2,3.0,2.0,4,3.0,38,1.0,1.0,1,0.0,1,1.0,1.0,1
0.0,48,0.0,0.0,6416,2.0,3.0,4,0.0,2.0,3,3.0,59,1.0,2.0,1,1.0,1,0.0,1.0,0
1.0,27,4.0,0.0,5293,2.0,4.0,2,3.0,2.0,4,0.0,50,2.0,1.0,2,1.0,1,1.0,1.0,0
0.0,30,3.0,5.0,3832,2.0,2.0,2,2.0,2.0,1,0.0,22,1.0,1.0,1,1.0,1,0.0,1.0,1
1.0,36,1.0,5.0,5371,2.0,0.0,3,3.0,1.0,2,0.0,28,1.0,1.0,2,1.0,1,0.0,1.0,1
2.0,24,1.0,1.0,1344,4.0,1.0,4,3.0,2.0,2,2.0,37,0.0,1.0,2,3.0,2,0.0,1.0,0
3.0,42,1.0,5.0,4042,1.0,0.0,4,3.0,2.0,4,2.0,36,1.0,1.0,2,1.0,1,1.0,1.0,1
1.0,18,3.0,7.0,3509,2.0,1.0,4,0.0,1.0,1,2.0,25,1.0,1.0,1,1.0,1,0.0,1.0,1
2.0,15,1.0,2.0,2360,1.0,0.0,2,3.0,2.0,2,1.0,36,1.0,1.0,1,1.0,1,1.0,1.0,1
0.0,18,3.0,7.0,3213,1.0,2.0,1,2.0,2.0,3,2.0,25,1.0,2.0,1,1.0,1,0.0,1.0,1
0.0,6,2.0,1.0,1209,2.0,4.0,4,3.0,2.0,4,0.0,47,1.0,1.0,1,0.0,1,1.0,1.0,0
1.0,6,0.0,4.0,1198,2.0,3.0,4,0.0,2.0,4,3.0,35,1.0,0.0,1,1.0,1,0.0,1.0,0
3.0,18,3.0,5.0,1984,2.0,0.0,4,3.0,2.0,4,3.0,47,0.0,0.0,2,1.0,1,0.0,1.0,1
0.0,30,2.0,0.0,2503,0.0,3.0,4,3.0,2.0,2,0.0,41,2.0,1.0,2,1.0,1,0.0,1.0,1
3.0,24,3.0,5.0,5511,0.0,0.0,4,3.0,2.0,1,1.0,25,2.0,1.0,1,1.0,1,0.0,1.0,1
1.0,12,3.0,1.0,1228,2.0,0.0,4,0.0,2.0,2,2.0,24,1.0,1.0,1,3.0,1,0.0,1.0,0
3.0,9,3.0,4.0,3832,4.0,3.0,1,3.0,2.0,4,2.0,64,1.0,1.0,1,3.0,1,0.0,1.0,1
1.0,6,1.0,7.0,1169,4.0,3.0,4,3.0,2.0,4,2.0,67,1.0,1.0,2,1.0,1,1.0,1.0,1
1.0,12,3.0,5.0,708,2.0,0.0,2,3.0,1.0,3,0.0,38,1.0,1.0,1,3.0,2,0.0,1.0,1
0.0,48,3.0,1.0,6560,0.0,1.0,3,3.0,2.0,2,0.0,24,1.0,1.0,1,1.0,1,0.0,1.0,0
3.0,24,3.0,7.0,1552,2.0,1.0,3,3.0,2.0,1,1.0,32,0.0,1.0,1,1.0,2,0.0,1.0,1
1.0,24,1.0,0.0,1382,0.0,1.0,4,3.0,2.0,1,2.0,26,1.0,1.0,2,1.0,1,1.0,1.0,1
3.0,12,2.0,2.0,1503,2.0,0.0,4,2.0,2.0,4,2.0,41,1.0,2.0,1,1.0,1,0.0,1.0,1
2.0,24,3.0,7.0,5152,2.0,1.0,4,3.0,2.0,2,1.0,25,0.0,1.0,1,1.0,1,0.0,1.0,1
0.0,18,2.0,1.0,2899,4.0,3.0,4,3.0,2.0,4,1.0,43,1.0,1.0,1,1.0,2,0.0,1.0,1
0.0,24,2.0,5.0,2064,2.0,4.0,3,0.0,2.0,2,0.0,34,1.0,1.0,1,0.0,1,1.0,1.0,0
1.0,12,1.0,1.0,2121,2.0,0.0,4,3.0,2.0,2,0.0,30,1.0,1.0,2,1.0,1,0.0,1.0,1
3.0,9,1.0,5.0,2406,2.0,4.0,2,3.0,2.0,3,1.0,31,1.0,1.0,1,0.0,1,0.0,1.0,1
3.0,15,3.0,1.0,3186,3.0,1.0,2,0.0,2.0,3,1.0,20,1.0,2.0,1,1.0,1,0.0,1.0,1
1.0,48,3.0,7.0,6999,2.0,1.0,1,2.0,1.0,1,2.0,34,1.0,1.0,2,1.0,1,1.0,1.0,0
3.0,15,3.0,7.0,1386,4.0,0.0,4,2.0,2.0,2,2.0,40,1.0,2.0,1,1.0,1,1.0,1.0,1
3.0,12,1.0,7.0,618,2.0,3.0,4,3.0,2.0,4,2.0,56,1.0,1.0,1,1.0,1,0.0,1.0,1
3.0,24,1.0,2.0,6842,4.0,0.0,2,3.0,2.0,4,0.0,46,1.0,1.0,2,0.0,2,1.0,1.0,1
0.0,36,2.0,0.0,4455,2.0,0.0,2,1.0,2.0,2,2.0,30,2.0,1.0,2,0.0,1,1.0,1.0,0
1.0,30,3.0,8.0,11998,2.0,2.0,1,1.0,2.0,1,3.0,34,1.0,1.0,1,3.0,1,1.0,1.0,0
3.0,36,2.0,2.0,8947,4.0,1.0,3,3.0,2.0,2,1.0,31,2.0,1.0,1,0.0,2,1.0,1.0,1
3.0,36,3.0,7.0,2394,4.0,0.0,4,0.0,2.0,4,1.0,25,1.0,1.0,1,1.0,1,0.0,1.0,1
0.0,36,3.0,2.0,9398,2.0,2.0,1,2.0,2.0,4,1.0,28,1.0,2.0,1,0.0,1,1.0,1.0,0
1.0,36,2.0,4.0,6887,2.0,0.0,4,3.0,2.0,3,0.0,29,2.0,1.0,1,1.0,1,1.0,1.0,0
3.0,6,3.0,1.0,672,2.0,4.0,1,0.0,2.0,4,2.0,54,1.0,1.0,1,2.0,1,1.0,1.0,1
0.0,12,3.0,5.0,2762,4.0,3.0,1,0.0,2.0,2,0.0,25,0.0,1.0,1,1.0,1,1.0,1.0,0
3.0,12,1.0,5.0,5801,4.0,3.0,2,3.0,2.0,4,0.0,49,1.0,2.0,1,1.0,1,1.0,1.0,1
3.0,21,1.0,5.0,2288,2.0,2.0,4,0.0,2.0,4,0.0,23,1.0,1.0,1,1.0,1,1.0,1.0,1
3.0,21,2.0,5.0,1591,0.0,1.0,4,3.0,2.0,3,2.0,34,1.0,1.0,2,0.0,1,0.0,1.0,1
0.0,18,1.0,1.0,1056,2.0,3.0,3,3.0,1.0,3,2.0,30,0.0,1.0,2,1.0,1,0.0,1.0,0
3.0,12,1.0,7.0,1240,4.0,3.0,4,0.0,2.0,2,2.0,38,1.0,1.0,2,1.0,1,1.0,1.0,1
3.0,36,1.0,2.0,11054,4.0,0.0,4,3.0,2.0,2,1.0,30,1.0,1.0,1,0.0,1,1.0,1.0,1
3.0,36,3.0,1.0,909,1.0,3.0,4,3.0,2.0,4,0.0,36,1.0,1.0,1,1.0,1,0.0,1.0,1
0.0,7,3.0,7.0,2415,2.0,0.0,3,3.0,1.0,2,2.0,34,1.0,1.0,1,1.0,1,0.0,1.0,1
3.0,24,1.0,7.0,2223,0.0,3.0,4,3.0,2.0,4,0.0,52,0.0,1.0,2,1.0,1,0.0,1.0,1
3.0,6,3.0,7.0,2108,2.0,1.0,2,2.0,2.0,2,2.0,29,1.0,2.0,1,1.0,1,0.0,1.0,1
0.0,15,1.0,0.0,2326,1.0,0.0,2,3.0,2.0,4,1.0,27,0.0,1.0,1,1.0,1,0.0,1.0,1
3.0,15,1.0,7.0,1471,2.0,0.0,4,3.0,2.0,4,3.0,35,1.0,0.0,2,1.0,1,1.0,1.0,1
0.0,24,1.0,0.0,1935,2.0,3.0,4,1.0,2.0,4,2.0,31,1.0,1.0,2,1.0,1,1.0,1.0,0
3.0,15,3.0,1.0,5324,1.0,3.0,1,0.0,2.0,4,3.0,35,1.0,0.0,1,1.0,1,0.0,1.0,1
2.0,6,3.0,1.0,709,3.0,2.0,2,2.0,2.0,2,2.0,27,1.0,1.0,1,2.0,1,0.0,0.0,1
0.0,8,3.0,7.0,1414,2.0,0.0,4,3.0,1.0,2,2.0,33,1.0,1.0,1,1.0,1,0.0,0.0,1
3.0,24,3.0,5.0,2835,1.0,3.0,3,3.0,2.0,4,0.0,53,1.0,1.0,1,1.0,1,0.0,1.0,1
1.0,13,1.0,0.0,1797,2.0,2.0,3,3.0,2.0,1,0.0,28,0.0,1.0,2,3.0,1,0.0,1.0,1
0.0,12,3.0,0.0,1037,0.0,1.0,3,3.0,2.0,4,2.0,39,1.0,1.0,1,3.0,1,0.0,1.0,1
0.0,42,1.0,0.0,5954,2.0,1.0,2,0.0,2.0,1,2.0,41,0.0,1.0,2,3.0,1,0.0,1.0,1
3.0,36,2.0,7.0,4454,2.0,0.0,4,0.0,2.0,4,2.0,34,1.0,1.0,2,1.0,1,0.0,1.0,1
1.0,48,3.0,3.0,3051,2.0,0.0,3,3.0,2.0,4,1.0,54,1.0,1.0,1,1.0,1,0.0,1.0,0
3.0,12,1.0,7.0,1291,2.0,0.0,4,0.0,2.0,2,0.0,35,1.0,1.0,2,1.0,1,0.0,1.0,1
0.0,48,0.0,0.0,3566,0.0,1.0,4,3.0,2.0,2,1.0,30,1.0,1.0,1,1.0,1,0.0,1.0,1
3.0,6,1.0,5.0,1221,4.0,0.0,1,2.0,2.0,2,0.0,27,1.0,1.0,2,1.0,1,0.0,1.0,1
3.0,4,1.0,7.0,1544,2.0,1.0,2,3.0,2.0,1,2.0,42,1.0,1.0,3,3.0,2,0.0,1.0,1
0.0,12,3.0,7.0,625,2.0,2.0,4,2.0,1.0,1,2.0,26,0.0,1.0,1,3.0,1,0.0,1.0,1
0.0,12,3.0,1.0,2002,2.0,1.0,3,3.0,2.0,4,0.0,30,1.0,2.0,1,1.0,2,1.0,1.0,1
1.0,24,3.0,1.0,3123,2.0,2.0,4,0.0,2.0,1,0.0,27,1.0,1.0,1,1.0,1,0.0,1.0,0
3.0,15,3.0,5.0,2708,2.0,2.0,2,3.0,2.0,3,0.0,27,0.0,1.0,2,3.0,1,0.0,1.0,1
3.0,12,1.0,4.0,3565,4.0,2.0,2,3.0,2.0,1,0.0,37,1.0,1.0,2,3.0,2,0.0,1.0,1
2.0,12,1.0,1.0,1480,1.0,4.0,2,3.0,2.0,4,3.0,66,0.0,0.0,3,2.0,1,0.0,1.0,1
3.0,15,1.0,7.0,1360,2.0,0.0,4,3.0,2.0,2,0.0,31,1.0,1.0,2,1.0,1,0.0,1.0,1
0.0,12,3.0,7.0,1158,1.0,0.0,3,1.0,2.0,1,1.0,26,1.0,1.0,1,1.0,1,1.0,1.0,1
0.0,12,3.0,7.0,1103,2.0,1.0,4,3.0,1.0,3,2.0,29,1.0,1.0,2,1.0,1,0.0,0.0,1
1.0,24,3.0,5.0,7721,4.0,2.0,1,0.0,2.0,2,0.0,30,1.0,1.0,1,1.0,1,1.0,0.0,1
1.0,18,3.0,3.0,1217,2.0,0.0,4,2.0,2.0,3,2.0,47,1.0,1.0,1,3.0,1,1.0,1.0,0
0.0,12,3.0,7.0,6468,4.0,4.0,2,3.0,2.0,1,3.0,52,1.0,1.0,1,0.0,1,1.0,1.0,0
0.0,24,3.0,7.0,2039,2.0,2.0,1,2.0,2.0,1,0.0,22,1.0,1.0,1,1.0,1,1.0,1.0,0
0.0,20,2.0,6.0,2629,2.0,0.0,2,3.0,2.0,3,1.0,29,0.0,1.0,2,1.0,1,1.0,1.0,1
2.0,15,1.0,7.0,1271,4.0,0.0,3,3.0,2.0,4,3.0,39,1.0,0.0,2,1.0,1,1.0,1.0,0
3.0,12,3.0,7.0,804,2.0,3.0,4,3.0,2.0,4,1.0,38,1.0,1.0,1,1.0,1,0.0,1.0,1
3.0,10,1.0,5.0,2069,4.0,0.0,2,2.0,2.0,1,1.0,26,1.0,1.0,2,1.0,1,0.0,0.0,1
3.0,48,2.0,7.0,7238,4.0,3.0,3,3.0,2.0,3,1.0,32,0.0,1.0,2,1.0,2,0.0,1.0,1
2.0,18,3.0,5.0,3049,2.0,2.0,1,0.0,2.0,1,0.0,45,2.0,1.0,1,3.0,1,0.0,1.0,1
0.0,15,3.0,1.0,2631,0.0,0.0,2,0.0,2.0,4,1.0,28,1.0,2.0,2,1.0,1,1.0,1.0,0
0.0,30,3.0,5.0,3441,0.0,0.0,2,0.0,0.0,4,1.0,21,1.0,2.0,1,1.0,1,0.0,1.0,0
3.0,24,3.0,7.0,2284,2.0,1.0,4,3.0,2.0,2,1.0,28,1.0,1.0,1,1.0,1,1.0,1.0,1
1.0,18,1.0,5.0,1049,2.0,2.0,4,0.0,2.0,4,0.0,21,1.0,2.0,1,1.0,1,0.0,1.0,1
1.0,24,3.0,5.0,4169,2.0,0.0,4,3.0,2.0,4,0.0,28,1.0,1.0,1,1.0,1,0.0,1.0,1
0.0,27,2.0,2.0,5965,2.0,3.0,1,3.0,2.0,2,1.0,30,1.0,1.0,2,0.0,1,1.0,1.0,1
0.0,15,0.0,1.0,6850,0.0,4.0,1,3.0,2.0,2,0.0,34,1.0,1.0,1,0.0,2,1.0,1.0,0
1.0,6,1.0,1.0,1361,2.0,2.0,2,3.0,2.0,4,2.0,40,1.0,1.0,1,3.0,2,0.0,0.0,1
3.0,18,1.0,5.0,1817,2.0,0.0,4,0.0,2.0,2,3.0,28,1.0,1.0,2,1.0,1,0.0,1.0,1
3.0,24,1.0,1.0,1940,3.0,3.0,4,3.0,2.0,4,2.0,60,1.0,1.0,1,1.0,1,1.0,1.0,1
3.0,10,1.0,1.0,1231,2.0,3.0,3,3.0,2.0,4,2.0,32,1.0,1.0,2,3.0,2,0.0,0.0,1
3.0,6,1.0,7.0,1554,2.0,1.0,1,0.0,2.0,2,1.0,24,1.0,2.0,2,1.0,1,1.0,1.0,1
3.0,18,1.0,7.0,629,1.0,3.0,4,3.0,2.0,3,0.0,32,0.0,1.0,2,0.0,1,1.0,1.0,1
3.0,15,2.0,7.0,1478,2.0,0.0,4,2.0,2.0,3,2.0,33,0.0,1.0,2,1.0,1,0.0,1.0,1
1.0,45,4.0,0.0,11816,2.0,3.0,2,3.0,2.0,4,1.0,29,1.0,2.0,2,1.0,1,0.0,1.0,0
1.0,6,3.0,1.0,1203,0.0,3.0,3,3.0,2.0,2,0.0,43,1.0,1.0,1,1.0,1,1.0,1.0,1
0.0,7,3.0,7.0,2576,2.0,0.0,2,3.0,1.0,2,2.0,35,1.0,1.0,1,1.0,1,0.0,1.0,1
0.0,24,3.0,2.0,12579,2.0,3.0,4,0.0,2.0,2,3.0,44,1.0,0.0,1,0.0,1,1.0,1.0,0
3.0,30,1.0,2.0,7596,4.0,3.0,1,3.0,2.0,4,1.0,63,1.0,1.0,2,1.0,1,0.0,1.0,1
3.0,15,2.0,5.0,960,3.0,1.0,3,0.0,2.0,2,0.0,30,1.0,1.0,2,1.0,1,0.0,1.0,1
0.0,48,3.0,7.0,3979,4.0,1.0,4,3.0,2.0,1,1.0,41,1.0,1.0,2,1.0,2,1.0,1.0,1
3.0,24,1.0,8.0,2058,2.0,0.0,4,1.0,2.0,2,2.0,33,1.0,1.0,2,1.0,1,1.0,1.0,1
1.0,18,3.0,5.0,3650,2.0,2.0,1,0.0,2.0,4,1.0,22,1.0,2.0,1,1.0,1,0.0,1.0,1
1.0,24,3.0,6.0,1755,2.0,3.0,4,0.0,1.0,4,2.0,58,1.0,1.0,1,3.0,1,1.0,1.0,1
0.0,15,1.0,7.0,1537,4.0,3.0,4,3.0,1.0,4,2.0,50,1.0,1.0,2,1.0,1,1.0,1.0,1
3.0,12,3.0,7.0,1493,2.0,2.0,4,0.0,2.0,3,1.0,34,1.0,1.0,1,1.0,2,0.0,1.0,1
0.0,48,0.0,1.0,12169,4.0,4.0,4,3.0,0.0,4,3.0,36,1.0,0.0,1,0.0,1,1.0,1.0,1
1.0,47,3.0,1.0,10722,2.0,2.0,1,0.0,2.0,1,2.0,35,1.0,1.0,1,3.0,1,1.0,1.0,1
0.0,18,3.0,4.0,1239,4.0,0.0,4,3.0,2.0,4,3.0,61,1.0,0.0,1,1.0,1,0.0,1.0,1
3.0,10,3.0,4.0,727,1.0,3.0,4,3.0,2.0,4,3.0,46,1.0,0.0,1,1.0,1,1.0,1.0,1
1.0,11,1.0,1.0,3905,2.0,0.0,2,3.0,2.0,2,2.0,36,1.0,2.0,2,1.0,2,0.0,1.0,1
3.0,6,3.0,5.0,4611,2.0,2.0,1,0.0,2.0,4,0.0,32,1.0,1.0,1,1.0,1,0.0,1.0,0
0.0,12,3.0,7.0,1567,2.0,0.0,1,0.0,2.0,1,1.0,22,1.0,1.0,1,1.0,1,1.0,1.0,1
1.0,21,0.0,1.0,1647,4.0,0.0,4,3.0,2.0,2,0.0,40,1.0,1.0,2,3.0,2,0.0,1.0,0
1.0,36,3.0,5.0,3446,2.0,3.0,4,3.0,2.0,2,1.0,42,1.0,1.0,1,1.0,2,0.0,1.0,0
3.0,24,3.0,2.0,9277,4.0,0.0,2,1.0,2.0,4,3.0,48,1.0,0.0,1,1.0,1,1.0,1.0,1
0.0,48,4.0,0.0,12204,4.0,0.0,2,3.0,2.0,2,1.0,48,0.0,1.0,1,0.0,1,1.0,1.0,1
3.0,24,2.0,0.0,2978,4.0,0.0,4,3.0,2.0,4,2.0,32,1.0,1.0,2,1.0,2,1.0,1.0,1
3.0,24,3.0,2.0,5433,4.0,4.0,2,0.0,2.0,4,0.0,26,1.0,2.0,1,0.0,1,1.0,1.0,1
0.0,15,3.0,8.0,1514,0.0,0.0,4,3.0,1.0,2,2.0,22,1.0,1.0,1,1.0,1,0.0,1.0,1
0.0,36,2.0,1.0,8086,0.0,3.0,2,3.0,2.0,4,1.0,42,1.0,1.0,4,0.0,1,1.0,1.0,0
1.0,24,2.0,1.0,1333,2.0,4.0,4,3.0,2.0,2,2.0,43,1.0,0.0,2,1.0,2,0.0,1.0,0
3.0,9,3.0,5.0,1388,2.0,0.0,4,0.0,2.0,2,2.0,26,1.0,2.0,1,1.0,1,0.0,1.0,1
3.0,9,3.0,5.0,1980,2.0,2.0,2,0.0,0.0,2,1.0,19,1.0,2.0,2,1.0,1,0.0,1.0,0
1.0,12,3.0,5.0,2577,2.0,0.0,2,1.0,2.0,1,1.0,42,1.0,1.0,1,1.0,1,0.0,1.0,1
3.0,24,1.0,6.0,6314,2.0,4.0,4,3.0,0.0,2,3.0,27,0.0,1.0,2,0.0,1,1.0,1.0,1
3.0,6,1.0,1.0,2080,1.0,0.0,1,2.0,2.0,2,1.0,24,1.0,1.0,1,1.0,1,0.0,1.0,1
1.0,18,3.0,5.0,2039,2.0,0.0,1,0.0,2.0,4,2.0,20,0.0,2.0,1,1.0,1,0.0,1.0,0
3.0,15,3.0,3.0,874,4.0,2.0,4,0.0,2.0,1,2.0,24,1.0,1.0,1,1.0,1,0.0,1.0,1
1.0,6,1.0,7.0,1957,2.0,1.0,1,0.0,2.0,4,1.0,31,1.0,1.0,1,1.0,1,0.0,1.0,1
0.0,10,3.0,1.0,7308,2.0,4.0,2,3.0,2.0,4,3.0,70,0.0,0.0,1,0.0,1,1.0,1.0,1
2.0,24,3.0,5.0,1925,2.0,0.0,2,3.0,2.0,2,2.0,26,1.0,1.0,1,1.0,1,0.0,1.0,1
0.0,24,3.0,1.0,1355,2.0,2.0,3,0.0,2.0,4,1.0,25,1.0,1.0,1,3.0,1,1.0,1.0,0
1.0,12,3.0,4.0,795,2.0,2.0,4,0.0,2.0,4,0.0,53,1.0,1.0,1,1.0,1,0.0,1.0,0
2.0,30,1.0,7.0,3017,2.0,3.0,4,3.0,2.0,4,0.0,47,1.0,1.0,1,1.0,1,0.0,1.0,1
1.0,48,0.0,0.0,7685,2.0,1.0,2,0.0,1.0,4,1.0,37,1.0,2.0,1,1.0,1,0.0,1.0,0
3.0,12,1.0,0.0,2292,2.0,4.0,4,3.0,2.0,2,1.0,42,2.0,1.0,2,0.0,1,1.0,1.0,0
1.0,36,3.0,4.0,1977,4.0,3.0,4,3.0,2.0,4,3.0,40,1.0,1.0,1,0.0,1,1.0,1.0,0
3.0,36,1.0,1.0,7855,2.0,0.0,4,0.0,2.0,2,2.0,25,2.0,1.0,2,1.0,1,1.0,1.0,0
3.0,18,1.0,1.0,2775,2.0,1.0,2,3.0,2.0,2,0.0,31,0.0,1.0,2,1.0,1,0.0,1.0,0
0.0,21,2.0,1.0,2353,2.0,0.0,1,1.0,2.0,4,0.0,47,1.0,1.0,2,1.0,1,0.0,1.0,1
3.0,18,3.0,1.0,1820,2.0,0.0,2,2.0,2.0,2,0.0,30,1.0,1.0,1,0.0,1,1.0,1.0,1
3.0,12,3.0,2.0,2445,4.0,2.0,2,2.0,2.0,4,1.0,26,1.0,2.0,1,1.0,1,1.0,1.0,1
1.0,12,3.0,7.0,1680,1.0,3.0,3,2.0,2.0,1,2.0,35,1.0,1.0,1,1.0,1,0.0,1.0,1
1.0,18,2.0,4.0,8471,4.0,0.0,1,0.0,2.0,2,1.0,23,1.0,2.0,2,1.0,1,1.0,1.0,1
0.0,26,3.0,2.0,7966,2.0,2.0,2,3.0,2.0,3,1.0,30,1.0,1.0,2,1.0,1,0.0,1.0,1
1.0,12,3.0,2.0,3386,2.0,3.0,3,3.0,2.0,4,3.0,35,1.0,0.0,1,1.0,1,1.0,1.0,0
2.0,12,1.0,1.0,939,1.0,1.0,4,2.0,2.0,2,2.0,28,1.0,1.0,3,1.0,1,1.0,1.0,0
3.0,12,1.0,7.0,797,4.0,3.0,4,0.0,2.0,3,0.0,33,0.0,1.0,1,3.0,2,0.0,1.0,0
1.0,24,3.0,5.0,1747,2.0,2.0,4,3.0,0.0,1,0.0,24,1.0,1.0,1,3.0,1,0.0,0.0,1
1.0,12,4.0,8.0,1108,2.0,1.0,4,3.0,2.0,3,2.0,28,1.0,1.0,2,1.0,1,0.0,1.0,0
0.0,13,3.0,7.0,2101,2.0,2.0,2,0.0,1.0,4,0.0,23,1.0,1.0,1,3.0,1,0.0,1.0,1
1.0,24,3.0,2.0,6579,2.0,4.0,4,3.0,2.0,2,3.0,29,1.0,0.0,1,0.0,1,1.0,1.0,1
3.0,48,2.0,7.0,12749,1.0,1.0,4,3.0,2.0,1,1.0,37,1.0,1.0,1,0.0,1,1.0,1.0,1
3.0,12,1.0,7.0,522,1.0,3.0,4,3.0,2.0,4,0.0,42,1.0,1.0,2,1.0,2,1.0,1.0,1
1.0,24,0.0,5.0,2828,1.0,0.0,4,3.0,2.0,4,2.0,22,2.0,1.0,1,1.0,1,1.0,1.0,1
0.0,24,3.0,1.0,2718,2.0,0.0,3,0.0,2.0,4,0.0,20,1.0,2.0,1,3.0,1,1.0,1.0,0
2.0,10,3.0,1.0,1240,0.0,3.0,1,0.0,2.0,4,3.0,48,1.0,0.0,1,3.0,2,0.0,1.0,0
0.0,12,3.0,1.0,1318,3.0,3.0,4,3.0,2.0,4,2.0,54,1.0,1.0,1,1.0,1,1.0,1.0,1
1.0,48,3.0,0.0,4308,2.0,2.0,3,0.0,2.0,4,0.0,24,1.0,2.0,1,1.0,1,0.0,1.0,0
1.0,12,3.0,5.0,2578,2.0,4.0,3,0.0,2.0,4,3.0,55,1.0,0.0,1,0.0,1,0.0,1.0,1
3.0,24,3.0,7.0,1311,0.0,1.0,4,2.0,2.0,3,0.0,26,1.0,1.0,1,1.0,1,1.0,1.0,1
1.0,30,1.0,2.0,6187,0.0,1.0,1,2.0,2.0,4,1.0,24,1.0,2.0,2,1.0,1,0.0,1.0,1
0.0,18,2.0,8.0,6204,2.0,0.0,2,3.0,2.0,4,2.0,44,1.0,1.0,1,3.0,2,1.0,1.0,1
0.0,6,3.0,7.0,1068,2.0,3.0,4,3.0,2.0,4,1.0,28,1.0,1.0,1,1.0,2,0.0,1.0,1
0.0,11,3.0,5.0,1577,3.0,2.0,4,0.0,2.0,1,2.0,20,1.0,1.0,1,1.0,1,0.0,1.0,1
3.0,24,1.0,5.0,1585,2.0,1.0,4,3.0,2.0,3,0.0,40,1.0,1.0,2,1.0,1,0.0,1.0,1
1.0,18,0.0,7.0,1940,2.0,2.0,3,3.0,0.0,4,3.0,36,0.0,0.0,1,0.0,1,1.0,1.0,1
0.0,24,4.0,0.0,4241,2.0,0.0,1,3.0,2.0,4,2.0,36,1.0,1.0,3,3.0,1,1.0,1.0,0
2.0,6,1.0,1.0,1299,2.0,0.0,1,3.0,2.0,1,2.0,74,1.0,1.0,3,2.0,2,0.0,0.0,1
3.0,24,3.0,1.0,1469,0.0,3.0,4,2.0,2.0,4,2.0,41,1.0,2.0,1,3.0,1,0.0,1.0,1
3.0,28,1.0,7.0,2743,2.0,3.0,4,3.0,2.0,2,1.0,29,1.0,1.0,2,1.0,1,0.0,1.0,1
3.0,12,3.0,7.0,1963,2.0,1.0,4,3.0,2.0,2,1.0,31,1.0,2.0,2,0.0,2,1.0,1.0,1
0.0,48,1.0,5.0,5096,2.0,0.0,2,0.0,2.0,3,1.0,30,1.0,1.0,1,0.0,1,1.0,1.0,0
1.0,12,3.0,1.0,2579,2.0,2.0,4,3.0,2.0,1,2.0,33,1.0,1.0,1,3.0,2,0.0,1.0,0
3.0,36,2.0,5.0,7678,1.0,1.0,2,0.0,2.0,4,1.0,40,1.0,1.0,2,1.0,1,1.0,1.0,1
0.0,30,1.0,1.0,2181,4.0,3.0,4,3.0,2.0,4,2.0,36,1.0,1.0,2,1.0,1,0.0,1.0,1
3.0,6,3.0,4.0,1538,2.0,2.0,1,0.0,2.0,2,3.0,56,1.0,1.0,1,1.0,1,0.0,1.0,1
1.0,6,1.0,7.0,338,1.0,3.0,4,3.0,2.0,4,1.0,52,1.0,1.0,2,1.0,1,0.0,1.0,1
0.0,39,2.0,4.0,11760,0.0,1.0,2,3.0,2.0,3,3.0,32,1.0,2.0,1,1.0,1,1.0,1.0,1
0.0,24,1.0,5.0,4736,2.0,2.0,2,0.0,2.0,4,1.0,25,0.0,1.0,1,3.0,1,0.0,1.0,0
2.0,24,3.0,5.0,2892,2.0,3.0,3,1.0,2.0,4,3.0,51,1.0,0.0,1,1.0,1,0.0,1.0,1
3.0,6,1.0,7.0,1740,2.0,3.0,2,2.0,2.0,2,2.0,30,1.0,2.0,2,1.0,1,0.0,1.0,1
0.0,36,2.0,0.0,9857,0.0,1.0,1,3.0,2.0,3,0.0,31,1.0,1.0,2,3.0,2,1.0,1.0,1
2.0,12,3.0,1.0,1330,2.0,2.0,4,3.0,2.0,1,2.0,26,1.0,1.0,1,1.0,1,0.0,1.0,1
2.0,30,1.0,7.0,3656,4.0,3.0,4,3.0,2.0,4,0.0,49,2.0,1.0,2,3.0,1,0.0,1.0,1
1.0,18,3.0,1.0,976,2.0,2.0,1,0.0,2.0,2,1.0,23,1.0,1.0,1,3.0,1,0.0,1.0,0
1.0,12,0.0,7.0,2149,2.0,0.0,4,1.0,2.0,1,3.0,29,1.0,0.0,1,1.0,1,0.0,1.0,0
1.0,48,3.0,1.0,7763,2.0,3.0,4,3.0,2.0,4,3.0,42,0.0,0.0,1,0.0,1,0.0,1.0,0
1.0,6,1.0,5.0,3384,2.0,0.0,1,1.0,2.0,4,2.0,44,1.0,2.0,1,0.0,1,1.0,1.0,0
1.0,24,3.0,7.0,1282,0.0,0.0,4,0.0,2.0,2,1.0,32,1.0,1.0,1,3.0,1,0.0,1.0,0
3.0,18,1.0,1.0,1028,2.0,0.0,4,0.0,2.0,3,2.0,36,1.0,1.0,2,1.0,1,0.0,1.0,1
3.0,24,3.0,1.0,1393,2.0,0.0,2,3.0,1.0,2,2.0,31,1.0,1.0,1,1.0,1,1.0,1.0,1
3.0,12,3.0,7.0,707,2.0,0.0,4,3.0,2.0,2,2.0,30,0.0,1.0,2,1.0,1,0.0,1.0,1
1.0,21,1.0,1.0,571,2.0,3.0,4,3.0,2.0,4,2.0,65,1.0,1.0,2,1.0,1,0.0,1.0,1
1.0,36,3.0,2.0,8229,2.0,0.0,2,3.0,2.0,2,0.0,26,1.0,1.0,1,1.0,2,0.0,1.0,0
1.0,10,1.0,1.0,2241,2.0,2.0,1,3.0,2.0,3,2.0,48,1.0,2.0,2,3.0,2,0.0,0.0,1
3.0,12,1.0,7.0,2331,4.0,3.0,1,3.0,0.0,4,2.0,49,1.0,1.0,1,1.0,1,1.0,1.0,1
0.0,30,0.0,5.0,3496,3.0,0.0,4,3.0,2.0,2,1.0,34,2.0,1.0,1,1.0,2,1.0,1.0,1
3.0,18,2.0,0.0,2169,2.0,0.0,4,2.0,2.0,2,1.0,28,1.0,1.0,1,1.0,1,1.0,1.0,0
0.0,24,1.0,4.0,5743,2.0,2.0,2,0.0,2.0,4,3.0,24,1.0,0.0,2,1.0,1,1.0,1.0,1
0.0,24,3.0,6.0,11328,2.0,0.0,2,3.0,0.0,3,1.0,29,0.0,1.0,2,0.0,1,1.0,1.0,0
3.0,6,0.0,7.0,1750,1.0,3.0,2,3.0,2.0,4,0.0,45,0.0,1.0,1,3.0,2,0.0,1.0,1
0.0,24,3.0,7.0,5084,4.0,3.0,2,0.0,2.0,4,1.0,42,1.0,1.0,1,1.0,1,1.0,1.0,1
1.0,12,3.0,9.0,902,2.0,1.0,4,2.0,2.0,4,0.0,21,1.0,2.0,1,1.0,1,0.0,1.0,0
1.0,24,3.0,7.0,3660,2.0,0.0,2,0.0,2.0,4,1.0,28,1.0,1.0,1,1.0,1,0.0,1.0,1
2.0,24,1.0,5.0,3617,4.0,3.0,4,3.0,0.0,4,3.0,20,1.0,2.0,2,1.0,1,0.0,1.0,1
1.0,24,0.0,5.0,3552,2.0,1.0,3,3.0,2.0,4,1.0,27,0.0,1.0,1,1.0,1,0.0,1.0,0
3.0,36,3.0,4.0,1819,2.0,0.0,4,3.0,2.0,4,3.0,37,2.0,0.0,1,1.0,1,1.0,1.0,0
3.0,48,3.0,0.0,3914,4.0,0.0,4,1.0,2.0,2,2.0,38,0.0,1.0,1,1.0,1,0.0,1.0,0
0.0,24,1.0,1.0,3878,0.0,2.0,4,1.0,2.0,2,1.0,37,1.0,1.0,1,1.0,1,1.0,1.0,1
3.0,18,3.0,5.0,3422,2.0,3.0,4,3.0,2.0,4,0.0,47,0.0,1.0,3,1.0,2,1.0,1.0,1
1.0,9,3.0,5.0,2136,2.0,0.0,3,3.0,2.0,2,2.0,25,1.0,1.0,1,1.0,1,0.0,1.0,1
0.0,24,1.0,2.0,7758,3.0,3.0,2,0.0,2.0,4,3.0,29,1.0,2.0,1,1.0,1,0.0,1.0,1
1.0,12,1.0,2.0,1526,2.0,3.0,4,3.0,2.0,4,3.0,66,1.0,0.0,2,0.0,1,0.0,1.0,1
0.0,24,2.0,7.0,6403,2.0,2.0,1,3.0,2.0,2,1.0,33,1.0,1.0,1,1.0,1,0.0,1.0,1
1.0,36,3.0,1.0,1842,2.0,2.0,4,0.0,2.0,4,1.0,34,1.0,1.0,1,1.0,1,1.0,1.0,0
1.0,12,3.0,7.0,674,0.0,1.0,4,2.0,2.0,1,0.0,20,1.0,1.0,1,1.0,1,0.0,1.0,0
3.0,12,1.0,5.0,1402,1.0,1.0,3,0.0,2.0,4,1.0,37,1.0,2.0,1,1.0,1,1.0,1.0,1
0.0,6,3.0,1.0,14555,4.0,4.0,1,3.0,2.0,2,0.0,23,1.0,1.0,1,2.0,1,1.0,1.0,0
3.0,24,3.0,1.0,3757,2.0,3.0,4,0.0,0.0,4,3.0,62,1.0,0.0,1,1.0,1,1.0,1.0,1
1.0,10,1.0,5.0,2132,4.0,2.0,2,0.0,0.0,3,2.0,27,1.0,2.0,2,1.0,1,0.0,0.0,1
3.0,4,1.0,1.0,1455,2.0,1.0,2,3.0,2.0,1,2.0,42,1.0,1.0,3,3.0,2,0.0,1.0,1
2.0,15,3.0,0.0,2687,2.0,1.0,2,3.0,2.0,4,0.0,26,1.0,2.0,1,1.0,1,1.0,1.0,1
1.0,21,1.0,1.0,1602,2.0,3.0,4,2.0,2.0,3,1.0,30,1.0,1.0,2,1.0,1,1.0,1.0,1
0.0,24,2.0,1.0,1965,4.0,0.0,4,0.0,2.0,4,1.0,42,1.0,2.0,2,1.0,1,1.0,1.0,1
1.0,12,3.0,7.0,701,2.0,0.0,4,2.0,2.0,2,2.0,40,1.0,1.0,1,3.0,1,0.0,1.0,1
1.0,42,3.0,7.0,7174,4.0,1.0,4,0.0,2.0,3,1.0,30,1.0,1.0,1,0.0,1,1.0,1.0,0
3.0,6,3.0,9.0,1238,4.0,4.0,4,3.0,2.0,4,0.0,36,1.0,1.0,1,0.0,2,1.0,1.0,1
1.0,6,1.0,1.0,4716,4.0,2.0,1,3.0,2.0,3,2.0,44,1.0,1.0,2,3.0,2,0.0,1.0,1
3.0,36,1.0,7.0,9566,2.0,0.0,2,0.0,2.0,2,1.0,31,2.0,1.0,2,1.0,1,0.0,1.0,1
3.0,27,1.0,5.0,4526,3.0,2.0,4,3.0,2.0,2,2.0,32,2.0,1.0,2,3.0,2,1.0,1.0,1
0.0,30,3.0,7.0,2991,4.0,3.0,2,0.0,2.0,4,1.0,25,1.0,1.0,1,1.0,1,0.0,1.0,1
0.0,18,3.0,5.0,3001,2.0,1.0,2,0.0,2.0,4,2.0,40,1.0,2.0,1,1.0,1,0.0,1.0,1
1.0,14,3.0,1.0,8978,2.0,3.0,1,1.0,2.0,4,0.0,45,1.0,1.0,1,0.0,1,1.0,0.0,0
3.0,36,3.0,7.0,2299,1.0,3.0,4,3.0,2.0,4,1.0,39,1.0,1.0,1,1.0,1,0.0,1.0,1
0.0,9,1.0,4.0,1136,3.0,3.0,4,3.0,2.0,3,3.0,32,1.0,0.0,2,1.0,2,0.0,1.0,0
0.0,9,1.0,4.0,1501,2.0,3.0,2,0.0,2.0,3,1.0,34,1.0,1.0,2,0.0,1,1.0,1.0,0
0.0,45,1.0,2.0,4576,0.0,4.0,3,3.0,2.0,4,1.0,27,1.0,1.0,1,1.0,1,0.0,1.0,1
2.0,15,3.0,7.0,2327,2.0,2.0,2,0.0,2.0,3,2.0,25,1.0,1.0,1,3.0,1,0.0,1.0,0
0.0,24,3.0,2.0,11560,2.0,0.0,1,0.0,2.0,4,1.0,23,1.0,2.0,2,0.0,1,0.0,1.0,0
3.0,12,1.0,4.0,2748,2.0,3.0,2,0.0,2.0,4,3.0,57,0.0,0.0,3,3.0,1,0.0,1.0,1
3.0,12,3.0,4.0,719,2.0,3.0,4,3.0,2.0,4,1.0,41,0.0,1.0,1,3.0,2,0.0,1.0,0
3.0,30,1.0,7.0,4530,2.0,1.0,4,0.0,2.0,4,1.0,26,1.0,2.0,1,0.0,1,1.0,1.0,1
3.0,48,1.0,1.0,10127,1.0,0.0,2,3.0,2.0,2,3.0,44,0.0,0.0,1,1.0,1,0.0,1.0,0
1.0,21,3.0,5.0,3599,2.0,1.0,1,0.0,2.0,4,1.0,26,1.0,2.0,1,3.0,1,0.0,1.0,1
0.0,27,1.0,7.0,2520,1.0,0.0,4,3.0,2.0,2,0.0,23,1.0,1.0,2,3.0,1,0.0,1.0,0
3.0,18,1.0,7.0,1582,3.0,3.0,4,3.0,2.0,4,1.0,46,1.0,1.0,2,1.0,1,0.0,1.0,1
0.0,18,3.0,5.0,1924,4.0,2.0,4,0.0,2.0,3,2.0,27,1.0,2.0,1,1.0,1,0.0,1.0,0
3.0,22,3.0,7.0,2675,1.0,3.0,3,3.0,2.0,4,1.0,40,1.0,1.0,1,1.0,1,0.0,1.0,1
0.0,24,2.0,5.0,2333,4.0,2.0,4,3.0,2.0,2,0.0,29,0.0,1.0,1,3.0,1,0.0,1.0,1
1.0,12,4.0,7.0,6199,2.0,0.0,4,3.0,2.0,2,0.0,28,1.0,2.0,2,1.0,1,1.0,1.0,0
1.0,48,3.0,2.0,10297,2.0,1.0,4,3.0,2.0,4,3.0,39,2.0,0.0,3,1.0,2,1.0,1.0,0
1.0,27,3.0,7.0,3416,2.0,0.0,3,3.0,2.0,2,1.0,27,1.0,1.0,1,0.0,1,0.0,1.0,1
0.0,24,3.0,7.0,3092,0.0,2.0,3,2.0,2.0,2,1.0,22,1.0,2.0,1,1.0,1,1.0,1.0,0
3.0,24,1.0,7.0,1516,3.0,0.0,4,0.0,2.0,1,2.0,43,1.0,1.0,2,3.0,1,0.0,1.0,1
3.0,15,3.0,7.0,1979,4.0,3.0,4,3.0,2.0,2,1.0,35,1.0,1.0,1,1.0,1,0.0,1.0,1
0.0,30,1.0,1.0,4249,2.0,4.0,4,2.0,2.0,2,1.0,28,1.0,1.0,2,0.0,1,0.0,1.0,0
3.0,24,3.0,7.0,3430,1.0,3.0,3,3.0,2.0,2,1.0,31,1.0,1.0,1,1.0,2,1.0,1.0,1
0.0,15,4.0,1.0,1778,2.0,2.0,2,0.0,2.0,1,2.0,26,1.0,2.0,2,2.0,1,0.0,1.0,0
0.0,21,3.0,0.0,1188,2.0,3.0,2,0.0,2.0,4,0.0,39,1.0,1.0,1,1.0,2,0.0,1.0,0
0.0,42,0.0,2.0,9283,2.0,4.0,1,3.0,2.0,2,3.0,55,0.0,0.0,1,0.0,1,1.0,1.0,1
1.0,15,3.0,7.0,1053,2.0,2.0,4,2.0,2.0,2,2.0,27,1.0,1.0,1,1.0,1,0.0,0.0,1
0.0,18,1.0,5.0,3612,2.0,3.0,3,0.0,2.0,4,0.0,37,1.0,1.0,1,1.0,1,1.0,1.0,1
0.0,21,1.0,0.0,3652,2.0,1.0,2,3.0,2.0,3,0.0,27,1.0,1.0,2,1.0,1,0.0,1.0,1
2.0,10,3.0,3.0,1225,2.0,0.0,2,3.0,2.0,2,1.0,37,1.0,1.0,1,1.0,1,1.0,1.0,1
3.0,30,0.0,2.0,7485,4.0,4.0,4,0.0,2.0,1,2.0,53,0.0,1.0,1,0.0,1,1.0,1.0,0
3.0,24,3.0,0.0,1258,2.0,1.0,4,3.0,2.0,1,2.0,25,1.0,1.0,1,1.0,1,1.0,1.0,1
1.0,36,3.0,2.0,8335,4.0,3.0,3,3.0,2.0,4,3.0,47,1.0,0.0,1,1.0,1,0.0,1.0,0
3.0,48,0.0,0.0,3609,2.0,0.0,1,0.0,2.0,1,2.0,27,2.0,1.0,1,1.0,1,0.0,1.0,1
3.0,12,2.0,8.0,1555,3.0,3.0,4,3.0,2.0,4,3.0,55,1.0,0.0,2,1.0,2,0.0,1.0,0
1.0,15,3.0,1.0,3959,2.0,0.0,3,0.0,2.0,2,0.0,29,1.0,1.0,1,1.0,1,1.0,1.0,0
0.0,24,2.0,0.0,6967,0.0,1.0,4,3.0,2.0,4,1.0,36,1.0,2.0,1,0.0,1,1.0,1.0,1
0.0,48,2.0,6.0,7582,0.0,4.0,2,3.0,2.0,4,3.0,31,1.0,0.0,1,0.0,1,1.0,1.0,1
0.0,24,0.0,4.0,1837,2.0,1.0,4,0.0,2.0,4,3.0,34,0.0,0.0,1,3.0,1,0.0,1.0,0
1.0,48,3.0,7.0,6758,2.0,0.0,3,0.0,2.0,2,1.0,31,1.0,1.0,1,1.0,1,1.0,1.0,0
1.0,24,0.0,5.0,2483,1.0,0.0,4,3.0,2.0,4,2.0,22,2.0,1.0,1,1.0,1,1.0,1.0,1
1.0,30,4.0,0.0,8072,4.0,2.0,2,3.0,2.0,3,1.0,25,0.0,1.0,3,1.0,1,0.0,1.0,1
0.0,12,3.0,8.0,639,2.0,0.0,4,3.0,2.0,2,1.0,30,1.0,1.0,1,1.0,1,0.0,1.0,0
1.0,24,3.0,2.0,2910,2.0,1.0,2,3.0,2.0,1,3.0,34,1.0,0.0,1,0.0,1,1.0,1.0,1
0.0,60,2.0,7.0,7418,4.0,0.0,1,3.0,2.0,1,2.0,27,1.0,1.0,1,3.0,1,0.0,1.0,1
3.0,48,3.0,7.0,10222,4.0,1.0,4,3.0,2.0,3,1.0,37,2.0,1.0,1,1.0,1,1.0,1.0,1
0.0,6,3.0,8.0,454,2.0,2.0,3,2.0,2.0,1,0.0,22,1.0,1.0,1,3.0,1,0.0,1.0,1
3.0,24,3.0,0.0,4591,3.0,0.0,2,3.0,2.0,3,0.0,54,1.0,1.0,3,0.0,1,1.0,1.0,0
3.0,48,1.0,7.0,3578,4.0,3.0,4,3.0,2.0,1,2.0,47,1.0,1.0,1,1.0,1,1.0,1.0,1
0.0,60,2.0,7.0,9157,4.0,0.0,2,3.0,2.0,2,3.0,27,1.0,0.0,1,0.0,1,0.0,1.0,1
3.0,24,1.0,0.0,4526,2.0,0.0,3,3.0,2.0,2,2.0,74,1.0,1.0,1,0.0,1,1.0,1.0,1
3.0,36,2.0,0.0,9572,2.0,2.0,1,1.0,2.0,1,1.0,28,1.0,1.0,2,1.0,1,0.0,1.0,0
0.0,36,4.0,7.0,3804,2.0,0.0,4,0.0,2.0,1,1.0,42,1.0,1.0,1,1.0,1,1.0,1.0,0
1.0,12,1.0,1.0,691,2.0,3.0,4,3.0,2.0,3,0.0,35,1.0,1.0,2,1.0,1,0.0,1.0,0
3.0,21,3.0,2.0,2476,4.0,3.0,4,3.0,2.0,4,2.0,46,1.0,1.0,1,0.0,1,1.0,1.0,1
0.0,9,3.0,7.0,790,1.0,0.0,4,0.0,2.0,3,2.0,66,1.0,1.0,1,3.0,1,0.0,1.0,1
3.0,60,3.0,1.0,6527,4.0,0.0,4,3.0,2.0,4,3.0,34,1.0,0.0,1,1.0,2,1.0,1.0,1
0.0,15,0.0,1.0,1264,0.0,0.0,2,2.0,2.0,2,0.0,25,1.0,2.0,1,1.0,1,0.0,1.0,0
3.0,36,1.0,5.0,7127,2.0,2.0,2,0.0,2.0,4,0.0,23,1.0,2.0,2,1.0,1,1.0,1.0,0
3.0,24,1.0,5.0,2028,2.0,1.0,2,3.0,2.0,2,0.0,30,1.0,1.0,2,3.0,1,0.0,1.0,1
3.0,11,1.0,1.0,1393,2.0,2.0,4,0.0,2.0,4,1.0,35,1.0,1.0,2,0.0,1,0.0,1.0,1
0.0,9,3.0,1.0,3195,4.0,0.0,1,0.0,2.0,2,2.0,33,1.0,1.0,1,3.0,1,0.0,1.0,1
1.0,12,0.0,9.0,339,2.0,3.0,4,2.0,2.0,1,1.0,45,0.0,1.0,1,3.0,1,0.0,1.0,1
3.0,24,1.0,2.0,4042,4.0,1.0,3,3.0,2.0,4,0.0,43,1.0,1.0,2,1.0,1,1.0,1.0,1
3.0,12,3.0,5.0,763,2.0,0.0,4,0.0,2.0,1,2.0,26,1.0,1.0,1,1.0,1,1.0,1.0,1
3.0,24,1.0,7.0,2424,4.0,3.0,4,3.0,2.0,4,0.0,53,1.0,1.0,2,1.0,1,0.0,1.0,1
3.0,36,3.0,2.0,4686,2.0,0.0,2,3.0,2.0,2,3.0,32,1.0,0.0,1,0.0,1,1.0,1.0,1
3.0,11,1.0,1.0,7228,2.0,0.0,1,3.0,2.0,4,0.0,39,1.0,1.0,2,3.0,1,0.0,1.0,1
3.0,24,3.0,1.0,7393,2.0,0.0,1,3.0,2.0,4,0.0,43,1.0,1.0,1,3.0,2,0.0,1.0,1
3.0,12,3.0,1.0,3527,4.0,2.0,2,3.0,2.0,3,0.0,45,1.0,1.0,1,0.0,2,1.0,1.0,1
1.0,6,1.0,1.0,609,2.0,1.0,4,0.0,2.0,3,0.0,37,1.0,1.0,2,1.0,1,0.0,0.0,1
0.0,24,3.0,2.0,4113,1.0,2.0,3,0.0,2.0,4,1.0,28,1.0,2.0,1,1.0,1,0.0,1.0,0
0.0,12,1.0,7.0,3573,2.0,0.0,1,0.0,2.0,1,2.0,23,1.0,1.0,1,3.0,1,0.0,1.0,1
3.0,15,1.0,5.0,1520,4.0,3.0,4,3.0,2.0,4,0.0,63,1.0,1.0,1,1.0,1,0.0,1.0,1
2.0,24,1.0,7.0,3148,4.0,0.0,3,3.0,2.0,2,1.0,31,1.0,1.0,2,1.0,1,1.0,1.0,1
3.0,36,3.0,7.0,3595,2.0,3.0,4,3.0,2.0,2,1.0,28,1.0,1.0,1,1.0,1,0.0,1.0,1
3.0,36,4.0,8.0,2613,2.0,0.0,4,3.0,2.0,2,1.0,27,1.0,1.0,2,1.0,1,0.0,1.0,1
3.0,6,4.0,7.0,426,2.0,3.0,4,2.0,2.0,4,1.0,39,1.0,1.0,1,3.0,1,0.0,1.0,1
1.0,12,3.0,1.0,1893,2.0,0.0,4,0.0,1.0,4,0.0,29,1.0,1.0,1,1.0,1,1.0,1.0,1
3.0,24,1.0,1.0,1287,3.0,3.0,4,0.0,2.0,4,2.0,37,1.0,1.0,2,1.0,1,1.0,1.0,1
1.0,36,2.0,0.0,2145,2.0,1.0,2,3.0,2.0,1,1.0,24,1.0,1.0,2,1.0,1,1.0,1.0,0
1.0,18,3.0,5.0,2473,2.0,4.0,4,3.0,2.0,1,1.0,25,1.0,1.0,1,2.0,1,0.0,1.0,0
1.0,24,3.0,5.0,3149,2.0,2.0,4,3.0,2.0,1,3.0,22,0.0,0.0,1,1.0,1,0.0,1.0,1
2.0,18,3.0,7.0,2100,2.0,0.0,4,3.0,0.0,2,2.0,37,2.0,1.0,1,1.0,1,0.0,1.0,0
0.0,30,3.0,7.0,1715,4.0,0.0,4,0.0,2.0,1,1.0,26,1.0,1.0,1,1.0,1,0.0,1.0,1
0.0,60,0.0,6.0,14782,0.0,3.0,3,0.0,2.0,4,3.0,60,0.0,0.0,2,0.0,1,1.0,1.0,0
3.0,24,2.0,2.0,4679,2.0,1.0,3,3.0,2.0,3,1.0,35,1.0,1.0,2,3.0,1,1.0,1.0,1
3.0,15,3.0,7.0,3568,2.0,3.0,4,0.0,2.0,2,1.0,54,0.0,2.0,1,0.0,1,1.0,1.0,1
1.0,20,1.0,1.0,2235,2.0,0.0,4,2.0,1.0,2,0.0,33,0.0,2.0,2,1.0,1,0.0,0.0,0
0.0,27,3.0,0.0,2528,2.0,2.0,4,0.0,2.0,1,0.0,32,1.0,1.0,1,1.0,2,1.0,1.0,1
3.0,21,2.0,2.0,2993,2.0,0.0,3,3.0,2.0,2,2.0,28,2.0,1.0,2,3.0,1,0.0,1.0,1
0.0,45,3.0,7.0,3031,0.0,0.0,4,3.0,1.0,4,0.0,21,1.0,2.0,1,1.0,1,0.0,1.0,0
3.0,36,2.0,1.0,10875,2.0,3.0,2,3.0,2.0,2,1.0,45,1.0,1.0,2,1.0,2,1.0,1.0,1
3.0,10,3.0,5.0,2210,2.0,0.0,2,3.0,2.0,2,2.0,25,0.0,2.0,1,3.0,1,0.0,1.0,0
0.0,24,1.0,7.0,1216,0.0,2.0,4,3.0,2.0,4,3.0,38,0.0,1.0,2,1.0,2,0.0,1.0,0
1.0,11,1.0,1.0,3939,2.0,0.0,1,3.0,2.0,2,2.0,40,1.0,1.0,2,3.0,2,0.0,1.0,1
3.0,24,2.0,0.0,2375,1.0,0.0,4,3.0,2.0,2,1.0,44,1.0,1.0,2,1.0,2,1.0,1.0,1
3.0,24,3.0,9.0,937,2.0,2.0,4,2.0,2.0,3,1.0,27,1.0,1.0,2,3.0,1,0.0,1.0,1
3.0,42,3.0,7.0,7166,4.0,1.0,2,2.0,2.0,4,0.0,29,1.0,2.0,1,1.0,1,1.0,1.0,1
3.0,15,3.0,3.0,1262,1.0,1.0,4,3.0,2.0,3,0.0,36,1.0,1.0,2,1.0,1,1.0,1.0,1
3.0,15,2.0,2.0,3594,2.0,2.0,1,0.0,2.0,2,0.0,46,1.0,1.0,2,3.0,1,0.0,1.0,1
2.0,36,3.0,7.0,5848,2.0,0.0,4,3.0,2.0,1,1.0,24,1.0,1.0,1,1.0,1,0.0,1.0,1
0.0,18,1.0,7.0,1795,2.0,3.0,3,0.0,1.0,4,2.0,48,0.0,2.0,2,3.0,1,1.0,1.0,1
1.0,36,3.0,5.0,3959,2.0,4.0,4,3.0,2.0,3,0.0,30,1.0,1.0,1,0.0,1,1.0,1.0,1
1.0,24,3.0,1.0,1285,4.0,1.0,4,0.0,2.0,4,3.0,32,1.0,2.0,1,1.0,1,0.0,1.0,0
2.0,15,3.0,4.0,392,2.0,2.0,4,0.0,2.0,4,0.0,23,1.0,2.0,1,1.0,1,1.0,1.0,1
0.0,48,3.0,7.0,10961,3.0,1.0,1,3.0,0.0,2,3.0,27,0.0,1.0,2,1.0,1,1.0,1.0,0
3.0,9,3.0,7.0,2753,0.0,3.0,3,3.0,0.0,4,1.0,35,1.0,1.0,1,1.0,1,1.0,1.0,1
0.0,9,1.0,5.0,1919,2.0,1.0,4,3.0,2.0,3,1.0,35,1.0,2.0,1,1.0,1,1.0,1.0,1
0.0,12,3.0,2.0,2028,4.0,0.0,4,3.0,2.0,2,1.0,30,1.0,1.0,1,1.0,1,0.0,1.0,1
0.0,18,3.0,1.0,1042,4.0,0.0,4,0.0,2.0,2,0.0,33,1.0,1.0,1,1.0,1,0.0,1.0,0
1.0,6,3.0,5.0,428,2.0,3.0,2,0.0,2.0,1,0.0,49,0.0,1.0,1,1.0,1,1.0,1.0,1
1.0,9,1.0,1.0,2799,2.0,0.0,2,3.0,2.0,2,2.0,36,1.0,2.0,2,1.0,2,0.0,1.0,1
0.0,39,1.0,7.0,4933,2.0,1.0,2,3.0,1.0,2,2.0,25,1.0,1.0,2,1.0,1,0.0,1.0,0
3.0,60,3.0,1.0,10366,2.0,3.0,2,3.0,2.0,4,0.0,42,1.0,1.0,1,0.0,1,1.0,1.0,1
0.0,12,1.0,1.0,2366,1.0,1.0,3,1.0,2.0,3,1.0,36,1.0,1.0,1,0.0,1,1.0,1.0,1
3.0,18,3.0,2.0,3378,4.0,0.0,2,3.0,2.0,1,0.0,31,1.0,1.0,1,1.0,1,1.0,1.0,1
3.0,10,3.0,7.0,1924,2.0,0.0,1,3.0,2.0,4,0.0,38,1.0,1.0,1,1.0,1,1.0,0.0,1
3.0,14,2.0,1.0,802,2.0,0.0,4,3.0,2.0,2,1.0,27,1.0,1.0,2,3.0,1,0.0,1.0,1
0.0,48,4.0,1.0,8358,1.0,2.0,1,0.0,2.0,1,1.0,30,1.0,1.0,2,1.0,1,0.0,1.0,1
0.0,12,1.0,3.0,1424,2.0,1.0,4,3.0,2.0,3,0.0,26,1.0,1.0,1,1.0,1,0.0,1.0,1
0.0,30,4.0,0.0,4221,2.0,0.0,2,0.0,2.0,1,1.0,28,1.0,1.0,2,1.0,1,0.0,1.0,1
3.0,24,0.0,0.0,1559,2.0,1.0,4,3.0,2.0,4,1.0,50,0.0,1.0,1,1.0,1,1.0,1.0,1
1.0,12,3.0,7.0,2214,2.0,0.0,4,3.0,2.0,3,0.0,24,1.0,1.0,1,3.0,1,0.0,1.0,1
3.0,12,3.0,7.0,3059,3.0,1.0,2,1.0,2.0,4,2.0,61,1.0,1.0,1,3.0,1,0.0,1.0,1
3.0,12,1.0,7.0,930,4.0,3.0,4,3.0,2.0,4,2.0,65,1.0,1.0,4,1.0,1,0.0,1.0,1
3.0,48,1.0,4.0,6110,2.0,0.0,1,3.0,2.0,3,3.0,31,0.0,0.0,1,1.0,1,1.0,1.0,1
3.0,12,4.0,5.0,2759,2.0,3.0,2,3.0,2.0,4,0.0,34,1.0,1.0,2,1.0,1,0.0,1.0,1
0.0,12,3.0,5.0,1922,2.0,0.0,4,3.0,2.0,2,0.0,37,1.0,1.0,1,3.0,1,0.0,1.0,0
3.0,24,2.0,5.0,4151,0.0,0.0,2,3.0,2.0,3,0.0,35,1.0,1.0,2,1.0,1,0.0,1.0,1
1.0,10,1.0,1.0,1038,2.0,1.0,4,3.0,0.0,3,0.0,49,1.0,1.0,2,1.0,1,1.0,1.0,1
1.0,15,3.0,1.0,2511,2.0,4.0,1,0.0,2.0,4,1.0,23,1.0,2.0,1,1.0,1,0.0,1.0,1
3.0,30,1.0,7.0,5954,2.0,1.0,3,3.0,0.0,2,1.0,38,1.0,1.0,1,1.0,1,0.0,1.0,1
1.0,12,3.0,5.0,1858,2.0,2.0,4,0.0,2.0,1,1.0,22,1.0,2.0,1,1.0,1,0.0,1.0,1
0.0,8,3.0,7.0,760,2.0,1.0,4,0.0,1.0,2,2.0,44,1.0,1.0,1,3.0,1,0.0,1.0,1
3.0,15,1.0,7.0,1829,2.0,3.0,4,3.0,2.0,4,1.0,46,1.0,1.0,2,1.0,1,1.0,1.0,1
1.0,18,1.0,1.0,5302,2.0,3.0,2,3.0,2.0,4,3.0,36,1.0,0.0,3,0.0,1,1.0,1.0,1
1.0,12,3.0,3.0,741,0.0,4.0,4,0.0,2.0,3,0.0,22,1.0,1.0,1,1.0,1,0.0,1.0,0
3.0,10,3.0,1.0,1287,4.0,3.0,4,3.0,0.0,2,0.0,45,1.0,1.0,1,3.0,1,0.0,0.0,1
1.0,24,3.0,1.0,1381,4.0,0.0,4,0.0,2.0,2,0.0,35,1.0,1.0,1,1.0,1,0.0,1.0,0
3.0,6,3.0,7.0,1346,0.0,3.0,2,3.0,2.0,4,3.0,42,0.0,0.0,1,1.0,2,1.0,1.0,1
0.0,48,2.0,4.0,6224,2.0,3.0,4,3.0,2.0,4,3.0,50,1.0,0.0,1,1.0,1,0.0,1.0,0
1.0,18,3.0,4.0,750,2.0,4.0,4,0.0,2.0,1,2.0,27,1.0,1.0,1,2.0,1,0.0,1.0,0
3.0,28,0.0,2.0,7824,4.0,2.0,3,3.0,1.0,4,2.0,40,0.0,2.0,2,1.0,2,1.0,1.0,1
3.0,12,1.0,8.0,996,4.0,1.0,4,0.0,2.0,4,2.0,23,1.0,1.0,2,1.0,1,0.0,1.0,1
0.0,24,1.0,0.0,2825,4.0,1.0,4,3.0,2.0,3,3.0,34,1.0,1.0,2,1.0,2,1.0,1.0,1
3.0,10,3.0,1.0,1418,0.0,0.0,3,3.0,2.0,2,2.0,35,1.0,2.0,1,3.0,1,0.0,0.0,1
3.0,12,1.0,1.0,682,0.0,1.0,4,0.0,2.0,3,1.0,51,1.0,1.0,2,1.0,1,1.0,1.0,1
1.0,6,1.0,1.0,860,2.0,3.0,1,0.0,2.0,4,3.0,39,1.0,1.0,2,1.0,1,1.0,1.0,1
2.0,9,4.0,7.0,1337,2.0,2.0,4,3.0,2.0,2,1.0,34,1.0,1.0,2,0.0,1,1.0,1.0,0
0.0,9,3.0,7.0,1670,2.0,2.0,4,0.0,2.0,2,1.0,22,1.0,1.0,1,1.0,1,1.0,1.0,0
0.0,30,4.0,0.0,4280,0.0,0.0,4,0.0,2.0,4,1.0,26,1.0,2.0,2,3.0,1,0.0,1.0,0
0.0,18,1.0,5.0,6361,2.0,3.0,2,3.0,2.0,1,3.0,41,1.0,1.0,1,1.0,1,1.0,1.0,1
3.0,6,2.0,0.0,1743,0.0,0.0,1,3.0,2.0,2,2.0,34,1.0,1.0,2,3.0,1,0.0,1.0,1
0.0,12,3.0,9.0,754,4.0,3.0,4,3.0,2.0,4,0.0,38,1.0,1.0,2,1.0,1,0.0,1.0,1
1.0,8,1.0,1.0,3398,2.0,1.0,1,3.0,2.0,4,2.0,39,1.0,1.0,2,3.0,1,0.0,0.0,1
0.0,9,0.0,2.0,5129,2.0,3.0,2,0.0,2.0,4,3.0,74,0.0,0.0,1,0.0,2,1.0,1.0,0
2.0,10,1.0,1.0,781,2.0,3.0,4,3.0,2.0,4,3.0,63,1.0,0.0,2,1.0,1,1.0,1.0,1
1.0,18,0.0,1.0,1442,2.0,1.0,4,3.0,2.0,4,3.0,32,1.0,0.0,2,3.0,2,0.0,1.0,0
3.0,18,3.0,7.0,2051,2.0,2.0,4,3.0,2.0,1,2.0,33,1.0,1.0,1,1.0,1,0.0,1.0,1
1.0,18,3.0,5.0,2462,2.0,0.0,2,3.0,2.0,2,1.0,22,1.0,1.0,1,1.0,1,0.0,1.0,0
1.0,28,3.0,1.0,4006,2.0,0.0,3,3.0,2.0,2,1.0,45,1.0,1.0,1,3.0,1,0.0,1.0,0
0.0,12,3.0,5.0,951,0.0,2.0,4,0.0,2.0,4,1.0,27,0.0,2.0,4,1.0,1,0.0,1.0,0
3.0,15,3.0,2.0,1300,4.0,3.0,4,3.0,2.0,4,3.0,45,0.0,0.0,1,1.0,2,0.0,1.0,1
3.0,24,3.0,7.0,1901,0.0,0.0,4,3.0,2.0,4,1.0,29,1.0,2.0,1,0.0,1,1.0,1.0,1
2.0,42,1.0,2.0,4796,2.0,3.0,4,3.0,2.0,4,3.0,56,1.0,0.0,1,1.0,1,0.0,1.0,1
3.0,18,3.0,7.0,1473,2.0,2.0,3,2.0,2.0,4,2.0,39,1.0,1.0,1,1.0,1,1.0,1.0,1
3.0,12,3.0,5.0,1768,2.0,0.0,3,3.0,2.0,2,2.0,24,1.0,2.0,1,3.0,1,0.0,1.0,1
3.0,24,1.0,5.0,3777,3.0,0.0,4,3.0,2.0,4,2.0,50,1.0,1.0,1,1.0,1,1.0,1.0,1
3.0,27,2.0,0.0,5117,2.0,1.0,3,3.0,2.0,4,1.0,26,1.0,1.0,2,1.0,1,0.0,1.0,1
1.0,42,1.0,8.0,3394,2.0,4.0,4,3.0,0.0,4,1.0,65,1.0,1.0,2,2.0,1,0.0,1.0,1
3.0,12,1.0,7.0,717,2.0,3.0,4,3.0,2.0,4,2.0,52,1.0,1.0,3,1.0,1,0.0,1.0,1
3.0,36,1.0,2.0,5842,2.0,3.0,2,3.0,2.0,2,0.0,35,1.0,1.0,2,1.0,2,1.0,1.0,1
3.0,9,1.0,1.0,1224,2.0,0.0,3,3.0,2.0,1,2.0,30,1.0,1.0,2,1.0,1,0.0,1.0,1
0.0,12,3.0,7.0,1155,2.0,3.0,3,2.0,1.0,3,2.0,40,0.0,1.0,2,3.0,1,0.0,1.0,1
1.0,21,3.0,1.0,3763,4.0,1.0,2,3.0,0.0,2,2.0,24,1.0,1.0,1,3.0,1,0.0,0.0,1
1.0,12,4.0,1.0,1082,2.0,0.0,4,3.0,2.0,4,1.0,48,0.0,1.0,2,1.0,1,0.0,1.0,0
0.0,48,3.0,0.0,15672,2.0,0.0,2,3.0,2.0,2,1.0,23,1.0,1.0,1,1.0,1,1.0,1.0,0
1.0,12,1.0,1.0,3499,2.0,0.0,3,0.0,0.0,2,2.0,29,1.0,1.0,2,1.0,1,0.0,1.0,0
3.0,60,2.0,7.0,15653,2.0,1.0,2,3.0,2.0,4,1.0,21,1.0,1.0,2,1.0,1,1.0,1.0,1
3.0,24,2.0,0.0,8648,2.0,2.0,2,3.0,2.0,2,1.0,27,0.0,1.0,2,1.0,1,1.0,1.0,0
0.0,20,3.0,2.0,6468,4.0,4.0,1,1.0,2.0,4,2.0,60,1.0,1.0,1,0.0,1,1.0,1.0,1
1.0,24,3.0,2.0,2812,4.0,3.0,2,0.0,2.0,4,2.0,26,1.0,2.0,1,1.0,1,0.0,1.0,1
0.0,36,0.0,3.0,3990,4.0,2.0,3,0.0,2.0,2,3.0,29,0.0,1.0,1,2.0,1,0.0,1.0,1
3.0,11,3.0,0.0,2142,3.0,3.0,1,1.0,2.0,2,2.0,28,1.0,1.0,1,1.0,1,1.0,1.0,1
3.0,10,3.0,1.0,1364,2.0,0.0,2,0.0,2.0,4,1.0,64,1.0,1.0,1,1.0,1,1.0,1.0,1
0.0,15,3.0,8.0,1308,2.0,3.0,4,3.0,2.0,4,1.0,38,1.0,1.0,2,3.0,1,0.0,1.0,1
0.0,48,4.0,6.0,18424,2.0,0.0,1,0.0,2.0,2,0.0,32,0.0,1.0,1,0.0,1,1.0,0.0,0
0.0,12,3.0,0.0,841,0.0,1.0,2,0.0,2.0,4,2.0,23,1.0,2.0,1,3.0,1,0.0,1.0,1
0.0,6,3.0,7.0,590,2.0,2.0,3,2.0,2.0,3,2.0,26,1.0,1.0,1,3.0,1,0.0,0.0,1
1.0,24,3.0,5.0,3345,2.0,3.0,4,3.0,2.0,2,0.0,39,1.0,2.0,1,0.0,1,1.0,1.0,0
1.0,18,3.0,7.0,2600,2.0,0.0,4,3.0,2.0,4,3.0,65,1.0,0.0,2,1.0,1,0.0,1.0,0
1.0,12,3.0,5.0,3590,2.0,0.0,2,3.0,0.0,2,0.0,29,1.0,1.0,1,3.0,2,0.0,1.0,1
3.0,15,1.0,1.0,5045,4.0,3.0,1,0.0,2.0,4,1.0,59,1.0,1.0,1,1.0,1,1.0,1.0,1
3.0,18,3.0,7.0,1126,4.0,2.0,4,0.0,2.0,2,2.0,21,1.0,2.0,1,1.0,1,1.0,1.0,1
1.0,24,0.0,1.0,1193,2.0,4.0,1,0.0,0.0,4,3.0,29,1.0,2.0,2,2.0,1,0.0,1.0,0
3.0,39,3.0,2.0,8588,0.0,3.0,4,3.0,2.0,2,1.0,45,1.0,1.0,1,0.0,1,1.0,1.0,1
3.0,24,3.0,7.0,1533,2.0,2.0,4,0.0,2.0,3,1.0,38,2.0,1.0,1,1.0,1,1.0,1.0,1
1.0,18,3.0,7.0,1345,2.0,0.0,4,2.0,2.0,3,2.0,26,0.0,1.0,1,1.0,1,0.0,1.0,0
1.0,12,3.0,5.0,1620,2.0,0.0,2,0.0,0.0,3,0.0,30,1.0,1.0,1,1.0,1,0.0,1.0,1
0.0,36,3.0,5.0,9034,0.0,2.0,4,3.0,0.0,1,3.0,29,1.0,2.0,1,0.0,1,1.0,1.0,0
0.0,18,3.0,1.0,6260,2.0,1.0,3,3.0,2.0,3,2.0,28,1.0,2.0,1,3.0,1,0.0,1.0,1
0.0,15,3.0,8.0,2631,0.0,0.0,3,0.0,2.0,2,2.0,25,1.0,1.0,1,3.0,1,0.0,1.0,1
3.0,12,3.0,7.0,2141,0.0,1.0,3,3.0,2.0,1,3.0,35,1.0,1.0,1,1.0,1,0.0,1.0,1
1.0,12,3.0,5.0,652,2.0,3.0,4,0.0,2.0,4,0.0,24,1.0,2.0,1,1.0,1,0.0,1.0,1
0.0,36,3.0,7.0,2671,0.0,0.0,4,0.0,0.0,4,3.0,50,1.0,0.0,1,1.0,1,0.0,1.0,0
3.0,36,3.0,0.0,5742,0.0,1.0,2,3.0,2.0,2,1.0,31,1.0,1.0,2,1.0,1,1.0,1.0,1
3.0,60,1.0,1.0,13756,4.0,3.0,2,3.0,2.0,4,3.0,63,0.0,0.0,1,0.0,1,1.0,1.0,1
3.0,48,3.0,0.0,4844,2.0,4.0,3,3.0,2.0,2,1.0,33,0.0,2.0,1,0.0,1,1.0,1.0,0
3.0,18,3.0,8.0,1943,2.0,2.0,4,0.0,2.0,4,2.0,23,1.0,1.0,1,1.0,1,0.0,1.0,0
0.0,18,3.0,7.0,866,2.0,0.0,4,2.0,1.0,2,2.0,25,1.0,1.0,1,3.0,1,0.0,1.0,1
0.0,18,3.0,0.0,1941,3.0,0.0,4,3.0,2.0,2,0.0,35,1.0,1.0,1,3.0,1,1.0,1.0,1
3.0,24,1.0,5.0,5150,2.0,3.0,4,3.0,2.0,4,1.0,33,1.0,1.0,1,1.0,1,1.0,1.0,1
0.0,24,3.0,5.0,4351,4.0,0.0,1,0.0,2.0,4,0.0,48,1.0,1.0,1,3.0,1,1.0,1.0,1
2.0,24,3.0,1.0,947,2.0,1.0,4,3.0,2.0,3,3.0,38,0.0,0.0,1,1.0,2,0.0,1.0,0
0.0,24,3.0,7.0,1967,2.0,3.0,4,0.0,2.0,4,1.0,20,1.0,1.0,1,1.0,1,1.0,1.0,1
3.0,15,3.0,5.0,2186,4.0,1.0,1,0.0,2.0,4,2.0,33,0.0,2.0,1,3.0,1,0.0,1.0,1
0.0,9,3.0,7.0,2118,2.0,0.0,2,3.0,2.0,2,2.0,37,1.0,1.0,1,3.0,2,0.0,1.0,1
3.0,12,3.0,7.0,776,2.0,0.0,4,2.0,2.0,2,2.0,28,1.0,1.0,1,1.0,1,0.0,1.0,1
3.0,15,3.0,2.0,3812,0.0,2.0,1,0.0,2.0,4,1.0,23,1.0,1.0,1,1.0,1,1.0,1.0,1
1.0,39,1.0,5.0,14179,4.0,1.0,4,3.0,2.0,4,0.0,30,1.0,1.0,2,0.0,1,1.0,1.0,1
0.0,9,0.0,1.0,1437,0.0,1.0,2,3.0,2.0,3,3.0,29,1.0,1.0,1,1.0,1,0.0,1.0,0
0.0,15,3.0,7.0,1444,4.0,2.0,4,3.0,2.0,1,0.0,23,1.0,1.0,1,1.0,1,0.0,1.0,1
2.0,18,0.0,7.0,1445,4.0,1.0,4,3.0,2.0,4,1.0,49,0.0,1.0,1,3.0,1,0.0,1.0,1
3.0,18,2.0,7.0,2320,2.0,4.0,2,2.0,2.0,3,2.0,34,1.0,1.0,2,1.0,1,0.0,1.0,1
3.0,30,2.0,0.0,4272,0.0,0.0,2,3.0,2.0,2,0.0,26,1.0,1.0,2,3.0,1,0.0,1.0,1
3.0,15,3.0,2.0,4657,2.0,0.0,3,3.0,2.0,2,1.0,30,1.0,1.0,1,1.0,1,1.0,1.0,1
3.0,36,3.0,5.0,10974,2.0,4.0,4,0.0,2.0,2,1.0,26,1.0,1.0,2,0.0,1,1.0,1.0,0
1.0,48,3.0,1.0,3931,2.0,1.0,4,3.0,2.0,4,3.0,46,1.0,0.0,1,1.0,2,0.0,1.0,0
1.0,9,3.0,1.0,654,2.0,0.0,4,3.0,2.0,3,1.0,28,1.0,1.0,1,3.0,1,0.0,1.0,0
0.0,24,3.0,7.0,3758,1.0,4.0,1,0.0,2.0,4,3.0,23,1.0,2.0,1,2.0,1,0.0,1.0,1
3.0,10,3.0,1.0,1309,4.0,0.0,4,3.0,1.0,4,0.0,27,1.0,1.0,1,3.0,1,0.0,1.0,0
1.0,42,2.0,7.0,4370,2.0,1.0,3,3.0,2.0,2,0.0,26,0.0,1.0,2,1.0,2,1.0,1.0,0
3.0,13,3.0,7.0,1409,0.0,4.0,2,0.0,2.0,4,2.0,64,1.0,1.0,1,1.0,1,0.0,1.0,1
3.0,30,3.0,7.0,1867,4.0,3.0,4,3.0,2.0,4,1.0,58,1.0,1.0,1,1.0,1,1.0,1.0,1
1.0,12,3.0,7.0,1107,2.0,0.0,2,3.0,2.0,2,2.0,20,1.0,2.0,1,0.0,2,1.0,1.0,1
3.0,12,3.0,1.0,640,2.0,0.0,4,1.0,2.0,2,2.0,49,1.0,1.0,1,3.0,1,0.0,1.0,1
3.0,24,3.0,1.0,1474,0.0,2.0,4,2.0,2.0,3,2.0,33,1.0,1.0,1,1.0,1,1.0,1.0,1
3.0,12,1.0,7.0,976,4.0,3.0,4,3.0,2.0,4,1.0,35,1.0,1.0,2,1.0,1,0.0,1.0,1
3.0,36,2.0,0.0,7980,4.0,2.0,4,3.0,2.0,4,1.0,27,1.0,2.0,2,1.0,1,1.0,1.0,0
3.0,18,3.0,1.0,6761,4.0,0.0,2,3.0,2.0,4,1.0,68,1.0,2.0,2,1.0,1,0.0,1.0,0
0.0,18,4.0,1.0,2278,0.0,2.0,3,0.0,2.0,3,1.0,28,1.0,1.0,2,1.0,1,0.0,1.0,0
0.0,9,1.0,7.0,1154,2.0,3.0,2,3.0,2.0,4,2.0,37,1.0,1.0,3,3.0,1,0.0,1.0,1
3.0,24,1.0,4.0,1927,4.0,0.0,3,0.0,2.0,2,1.0,33,1.0,1.0,2,1.0,1,1.0,1.0,1
3.0,9,3.0,5.0,2301,0.0,2.0,2,0.0,2.0,4,0.0,22,1.0,2.0,1,1.0,1,0.0,1.0,1
3.0,12,1.0,0.0,1412,2.0,0.0,4,0.0,1.0,2,2.0,29,1.0,1.0,2,0.0,1,1.0,1.0,1
1.0,48,4.0,2.0,4605,2.0,3.0,3,3.0,2.0,4,3.0,24,1.0,0.0,2,1.0,2,0.0,1.0,0
3.0,18,1.0,7.0,1800,2.0,0.0,4,3.0,2.0,2,1.0,24,1.0,1.0,2,1.0,1,0.0,1.0,1
3.0,6,1.0,7.0,1898,4.0,0.0,1,3.0,2.0,2,2.0,34,1.0,1.0,2,3.0,2,0.0,1.0,1
0.0,18,3.0,7.0,1113,2.0,0.0,4,0.0,1.0,4,2.0,26,1.0,1.0,1,3.0,2,0.0,1.0,1
0.0,45,1.0,7.0,4746,2.0,2.0,4,3.0,2.0,2,0.0,25,1.0,1.0,2,3.0,1,0.0,1.0,0
0.0,12,3.0,7.0,1534,2.0,2.0,1,2.0,2.0,1,2.0,23,1.0,2.0,1,1.0,1,0.0,1.0,0
1.0,15,4.0,1.0,950,2.0,3.0,4,3.0,2.0,3,1.0,33,1.0,2.0,2,1.0,2,0.0,1.0,0
3.0,24,1.0,2.0,2346,2.0,1.0,4,3.0,2.0,3,1.0,35,1.0,1.0,2,1.0,1,1.0,1.0,1
1.0,27,1.0,0.0,2442,2.0,3.0,4,3.0,2.0,4,1.0,43,2.0,1.0,4,0.0,2,1.0,1.0,1
3.0,15,1.0,5.0,3343,2.0,0.0,4,3.0,2.0,2,3.0,28,1.0,0.0,1,1.0,1,1.0,1.0,1
3.0,24,3.0,1.0,1249,2.0,2.0,4,2.0,2.0,2,2.0,28,1.0,1.0,1,1.0,1,0.0,1.0,1
1.0,15,3.0,5.0,1845,2.0,2.0,4,0.0,1.0,1,0.0,46,1.0,2.0,1,1.0,1,0.0,1.0,1
3.0,24,3.0,2.0,2603,3.0,0.0,2,0.0,2.0,4,1.0,28,1.0,2.0,1,1.0,1,1.0,1.0,1
0.0,54,4.0,0.0,15945,2.0,2.0,3,3.0,2.0,4,3.0,58,1.0,2.0,1,1.0,1,1.0,1.0,0
0.0,36,3.0,1.0,12389,4.0,0.0,1,3.0,2.0,4,3.0,37,1.0,0.0,1,1.0,1,1.0,1.0,0
1.0,24,3.0,1.0,915,4.0,3.0,4,0.0,2.0,2,1.0,29,0.0,1.0,1,1.0,1,0.0,1.0,0
3.0,21,3.0,7.0,3160,4.0,3.0,4,3.0,2.0,3,0.0,41,1.0,1.0,1,1.0,1,1.0,1.0,1
0.0,9,3.0,7.0,1082,2.0,3.0,4,3.0,2.0,4,1.0,27,1.0,1.0,2,3.0,1,0.0,1.0,1
1.0,15,1.0,5.0,975,2.0,0.0,2,1.0,2.0,3,0.0,25,1.0,1.0,2,1.0,1,0.0,1.0,1
1.0,36,3.0,5.0,3620,2.0,0.0,1,3.0,1.0,2,0.0,37,1.0,1.0,1,1.0,2,0.0,1.0,1
0.0,12,1.0,1.0,1995,0.0,2.0,4,3.0,2.0,1,1.0,27,1.0,1.0,1,1.0,1,0.0,1.0,1
3.0,36,1.0,1.0,6614,2.0,3.0,4,3.0,2.0,4,1.0,34,1.0,1.0,2,0.0,1,1.0,1.0,1
3.0,12,1.0,5.0,1935,2.0,3.0,4,3.0,2.0,4,2.0,43,1.0,1.0,3,1.0,1,1.0,1.0,1
1.0,36,3.0,1.0,3249,2.0,1.0,2,3.0,2.0,4,3.0,39,0.0,0.0,1,0.0,2,1.0,1.0,1
3.0,24,3.0,5.0,3062,1.0,3.0,4,3.0,2.0,3,3.0,32,1.0,2.0,1,1.0,1,1.0,1.0,1
1.0,36,1.0,5.0,2348,2.0,0.0,3,2.0,2.0,2,0.0,46,1.0,1.0,2,1.0,1,1.0,1.0,1
1.0,30,3.0,5.0,3108,2.0,2.0,2,1.0,2.0,4,0.0,31,1.0,1.0,1,3.0,1,0.0,1.0,0
1.0,9,3.0,7.0,1364,2.0,1.0,3,3.0,2.0,4,2.0,59,1.0,1.0,1,1.0,1,0.0,1.0,1
2.0,36,3.0,7.0,3913,2.0,0.0,2,3.0,2.0,2,2.0,23,1.0,1.0,1,1.0,1,1.0,1.0,1
1.0,24,2.0,1.0,4870,2.0,0.0,3,3.0,2.0,4,3.0,53,1.0,0.0,2,1.0,2,0.0,1.0,0
0.0,12,1.0,5.0,3617,2.0,3.0,1,3.0,2.0,4,1.0,28,1.0,2.0,3,1.0,1,1.0,1.0,1
3.0,15,3.0,4.0,4623,0.0,0.0,3,3.0,2.0,2,0.0,40,1.0,1.0,1,0.0,1,1.0,1.0,0
1.0,12,2.0,1.0,1344,2.0,0.0,4,3.0,2.0,2,2.0,43,1.0,1.0,2,3.0,2,0.0,1.0,1
1.0,21,3.0,7.0,3357,3.0,2.0,4,0.0,2.0,2,1.0,29,0.0,1.0,1,1.0,1,0.0,1.0,1
3.0,6,1.0,1.0,6761,2.0,1.0,1,3.0,2.0,3,3.0,45,1.0,1.0,2,0.0,2,1.0,1.0,1
3.0,24,1.0,1.0,2022,2.0,0.0,4,0.0,2.0,4,1.0,37,1.0,1.0,1,1.0,1,1.0,1.0,1
3.0,6,1.0,1.0,250,3.0,0.0,2,0.0,2.0,2,2.0,41,0.0,1.0,2,3.0,1,0.0,1.0,1
3.0,24,1.0,7.0,5103,2.0,2.0,3,2.0,2.0,3,3.0,47,1.0,0.0,3,1.0,1,1.0,1.0,1
0.0,36,1.0,7.0,2337,2.0,3.0,4,3.0,2.0,4,2.0,36,1.0,1.0,1,1.0,1,0.0,1.0,1
0.0,12,3.0,1.0,7472,4.0,4.0,1,0.0,2.0,2,2.0,24,1.0,2.0,1,2.0,1,0.0,1.0,1
1.0,18,3.0,7.0,1882,2.0,0.0,4,0.0,2.0,4,1.0,25,0.0,2.0,2,1.0,1,0.0,1.0,0
1.0,15,3.0,0.0,806,2.0,0.0,4,0.0,2.0,4,0.0,22,1.0,1.0,1,3.0,1,0.0,1.0,1
3.0,24,1.0,2.0,2197,4.0,1.0,4,3.0,2.0,4,1.0,43,1.0,1.0,2,1.0,2,1.0,1.0,1
2.0,9,3.0,7.0,1126,0.0,3.0,2,1.0,2.0,4,2.0,49,1.0,1.0,1,1.0,1,0.0,1.0,1
1.0,6,3.0,2.0,1352,1.0,4.0,1,0.0,2.0,2,0.0,23,1.0,2.0,1,2.0,1,1.0,1.0,1
0.0,18,3.0,1.0,5866,0.0,0.0,2,3.0,2.0,2,1.0,30,1.0,1.0,2,1.0,1,1.0,1.0,1
0.0,18,3.0,8.0,3872,2.0,4.0,2,0.0,2.0,4,1.0,67,1.0,1.0,1,1.0,1,1.0,1.0,1
3.0,24,1.0,7.0,2611,2.0,3.0,4,2.0,0.0,3,2.0,46,1.0,1.0,2,1.0,1,0.0,1.0,1
3.0,9,1.0,4.0,936,1.0,3.0,4,3.0,2.0,2,1.0,52,1.0,1.0,2,1.0,1,1.0,1.0,1
3.0,60,3.0,7.0,10144,0.0,1.0,2,0.0,2.0,4,2.0,21,1.0,1.0,1,1.0,1,1.0,1.0,1
2.0,12,0.0,7.0,409,3.0,0.0,3,0.0,2.0,3,2.0,42,1.0,2.0,2,1.0,1,0.0,1.0,1
3.0,24,3.0,2.0,7814,2.0,1.0,3,3.0,2.0,3,1.0,38,1.0,1.0,1,0.0,1,1.0,1.0,1
2.0,36,3.0,7.0,4210,2.0,0.0,4,3.0,2.0,2,1.0,26,1.0,1.0,1,1.0,1,0.0,1.0,0
3.0,6,3.0,1.0,3518,2.0,0.0,2,3.0,1.0,3,0.0,26,1.0,2.0,1,1.0,1,0.0,1.0,1
3.0,21,1.0,2.0,3275,2.0,3.0,1,3.0,2.0,4,1.0,36,1.0,1.0,1,0.0,1,1.0,1.0,1
0.0,36,3.0,1.0,14318,2.0,3.0,4,3.0,2.0,2,3.0,57,1.0,0.0,1,0.0,1,1.0,1.0,0
0.0,12,3.0,7.0,1092,2.0,0.0,4,0.0,1.0,4,2.0,49,1.0,1.0,2,1.0,1,1.0,1.0,1
3.0,21,3.0,1.0,2782,1.0,1.0,1,0.0,2.0,2,1.0,31,0.0,1.0,1,0.0,1,0.0,1.0,1
3.0,21,2.0,0.0,2580,1.0,2.0,4,3.0,2.0,2,2.0,41,0.0,1.0,1,3.0,2,0.0,1.0,0
0.0,12,3.0,5.0,983,3.0,2.0,1,0.0,2.0,4,2.0,19,1.0,2.0,1,3.0,1,0.0,1.0,1
3.0,21,3.0,0.0,1572,3.0,3.0,4,0.0,2.0,4,2.0,36,0.0,1.0,1,3.0,1,0.0,1.0,1
0.0,18,3.0,7.0,1301,2.0,3.0,4,2.0,1.0,2,2.0,32,1.0,1.0,1,3.0,1,0.0,1.0,1
0.0,15,1.0,7.0,2728,4.0,1.0,4,3.0,1.0,2,2.0,35,0.0,1.0,3,1.0,1,1.0,1.0,1
0.0,36,4.0,0.0,1953,2.0,3.0,4,3.0,2.0,4,3.0,61,1.0,0.0,1,0.0,1,1.0,1.0,0
1.0,6,3.0,4.0,448,2.0,2.0,4,0.0,2.0,4,0.0,23,1.0,1.0,1,1.0,1,0.0,1.0,0
3.0,12,3.0,1.0,1386,1.0,0.0,2,0.0,2.0,2,0.0,26,1.0,1.0,1,1.0,1,0.0,1.0,0
0.0,12,1.0,2.0,1860,2.0,4.0,4,3.0,2.0,2,1.0,34,1.0,1.0,2,0.0,1,1.0,1.0,1
0.0,6,3.0,7.0,753,2.0,0.0,2,0.0,1.0,3,2.0,64,1.0,1.0,1,1.0,1,0.0,1.0,1
3.0,24,1.0,8.0,5507,2.0,3.0,3,3.0,2.0,4,3.0,44,1.0,0.0,2,1.0,1,0.0,1.0,1
1.0,24,1.0,2.0,2957,2.0,3.0,4,3.0,2.0,4,0.0,63,1.0,1.0,2,1.0,1,1.0,1.0,1
3.0,15,3.0,1.0,3556,4.0,0.0,3,3.0,2.0,2,3.0,29,1.0,1.0,1,1.0,1,0.0,1.0,1
3.0,24,3.0,7.0,3181,2.0,2.0,4,0.0,2.0,4,0.0,26,1.0,1.0,1,1.0,1,1.0,1.0,1
1.0,36,1.0,2.0,9629,2.0,1.0,4,3.0,2.0,4,1.0,24,1.0,1.0,2,1.0,1,1.0,1.0,0
1.0,15,3.0,1.0,1403,2.0,0.0,2,0.0,2.0,4,1.0,28,1.0,2.0,1,1.0,1,0.0,1.0,1
1.0,9,1.0,8.0,1288,0.0,3.0,3,3.0,1.0,4,2.0,48,1.0,1.0,2,1.0,2,0.0,0.0,1
3.0,30,3.0,7.0,2333,1.0,3.0,4,3.0,2.0,2,1.0,30,0.0,1.0,1,0.0,1,0.0,1.0,1
3.0,6,1.0,7.0,1237,0.0,0.0,1,0.0,2.0,1,0.0,27,1.0,1.0,2,1.0,1,0.0,1.0,1
3.0,6,1.0,1.0,362,0.0,0.0,4,0.0,2.0,4,1.0,52,1.0,1.0,2,3.0,1,0.0,1.0,1
0.0,16,1.0,1.0,1175,2.0,4.0,2,3.0,2.0,3,1.0,68,1.0,0.0,3,2.0,1,1.0,1.0,1
3.0,21,1.0,1.0,12680,4.0,3.0,4,3.0,2.0,4,3.0,30,1.0,0.0,1,0.0,1,1.0,1.0,0
1.0,18,4.0,0.0,3104,2.0,1.0,3,3.0,2.0,1,0.0,31,0.0,1.0,1,1.0,1,1.0,1.0,1
3.0,24,3.0,2.0,6313,4.0,3.0,3,3.0,2.0,4,1.0,41,1.0,1.0,1,0.0,2,1.0,1.0,1
3.0,12,3.0,7.0,1262,2.0,0.0,3,3.0,2.0,2,1.0,25,1.0,1.0,1,1.0,1,0.0,1.0,1
1.0,9,3.0,1.0,1422,2.0,2.0,3,3.0,2.0,2,3.0,27,1.0,0.0,1,0.0,1,1.0,1.0,0
1.0,15,3.0,3.0,1275,4.0,0.0,4,0.0,2.0,2,1.0,24,1.0,2.0,1,1.0,1,0.0,1.0,0
3.0,21,3.0,2.0,5248,4.0,0.0,1,3.0,2.0,3,1.0,26,1.0,1.0,1,1.0,1,0.0,1.0,1
0.0,20,4.0,2.0,6148,0.0,3.0,3,2.0,2.0,4,1.0,31,0.0,1.0,2,1.0,1,1.0,1.0,1
3.0,27,3.0,1.0,2570,2.0,0.0,3,0.0,2.0,3,2.0,21,1.0,2.0,1,1.0,1,0.0,1.0,0
0.0,48,3.0,5.0,9960,2.0,2.0,1,0.0,2.0,2,1.0,26,1.0,1.0,1,1.0,1,1.0,1.0,0
1.0,48,1.0,2.0,6331,2.0,3.0,4,3.0,2.0,4,3.0,46,1.0,0.0,2,1.0,1,1.0,1.0,0
2.0,12,3.0,5.0,2251,2.0,0.0,1,0.0,2.0,2,1.0,46,1.0,1.0,1,3.0,1,0.0,1.0,1
3.0,15,1.0,7.0,1316,1.0,0.0,2,2.0,2.0,2,0.0,47,1.0,1.0,2,3.0,1,0.0,1.0,1
1.0,15,3.0,1.0,1721,2.0,2.0,2,3.0,2.0,3,2.0,36,1.0,1.0,1,1.0,1,0.0,1.0,1
3.0,24,3.0,2.0,2679,2.0,2.0,4,0.0,2.0,1,3.0,29,1.0,1.0,1,0.0,1,1.0,1.0,1
1.0,30,3.0,2.0,3857,2.0,0.0,4,1.0,2.0,4,0.0,40,1.0,1.0,1,0.0,1,1.0,1.0,1
0.0,36,2.0,1.0,7432,2.0,0.0,2,0.0,2.0,2,0.0,54,1.0,2.0,1,1.0,1,0.0,1.0,1
1.0,24,3.0,7.0,2439,2.0,2.0,4,0.0,2.0,4,2.0,35,1.0,1.0,1,1.0,1,1.0,1.0,0
3.0,24,3.0,7.0,999,4.0,3.0,4,3.0,2.0,2,1.0,25,1.0,1.0,2,1.0,1,0.0,1.0,1
1.0,12,3.0,1.0,1168,2.0,0.0,4,2.0,2.0,3,2.0,27,1.0,1.0,1,3.0,1,0.0,1.0,1
3.0,18,1.0,1.0,1055,2.0,2.0,4,0.0,2.0,1,0.0,30,1.0,1.0,2,1.0,1,0.0,1.0,1
0.0,12,3.0,7.0,1331,2.0,2.0,2,3.0,2.0,1,1.0,22,2.0,1.0,1,1.0,1,0.0,1.0,0
2.0,24,1.0,0.0,1275,3.0,0.0,2,1.0,2.0,4,2.0,36,1.0,1.0,2,1.0,1,1.0,1.0,1
0.0,18,1.0,0.0,1887,4.0,0.0,4,2.0,2.0,4,2.0,28,0.0,1.0,2,1.0,1,0.0,1.0,1
2.0,24,3.0,7.0,1377,0.0,3.0,4,0.0,2.0,2,3.0,47,1.0,0.0,1,1.0,1,1.0,1.0,1
3.0,39,3.0,2.0,2569,1.0,0.0,4,3.0,2.0,4,1.0,24,1.0,1.0,1,1.0,1,0.0,1.0,1
2.0,12,3.0,7.0,3016,2.0,0.0,3,2.0,2.0,1,1.0,24,1.0,1.0,1,1.0,1,0.0,1.0,1
1.0,36,1.0,4.0,8065,2.0,0.0,3,0.0,2.0,2,3.0,25,1.0,1.0,2,0.0,1,1.0,1.0,0
0.0,24,1.0,6.0,11938,2.0,0.0,2,3.0,0.0,3,1.0,39,1.0,1.0,2,0.0,2,1.0,1.0,0
0.0,24,2.0,7.0,1553,0.0,1.0,3,0.0,2.0,2,0.0,23,1.0,2.0,2,1.0,1,1.0,1.0,1
3.0,9,3.0,0.0,1449,2.0,1.0,3,0.0,2.0,2,1.0,27,1.0,1.0,2,1.0,1,0.0,1.0,1
0.0,48,3.0,7.0,5951,2.0,0.0,2,0.0,2.0,2,2.0,22,1.0,1.0,1,1.0,1,0.0,1.0,0
0.0,6,3.0,7.0,2063,2.0,2.0,4,2.0,2.0,3,1.0,30,1.0,2.0,1,0.0,1,1.0,1.0,1
2.0,21,3.0,1.0,2923,0.0,0.0,1,0.0,2.0,1,1.0,28,0.0,1.0,1,0.0,1,1.0,1.0,1
1.0,24,0.0,7.0,1546,2.0,1.0,4,3.0,1.0,4,1.0,24,0.0,2.0,1,3.0,1,0.0,1.0,0
3.0,24,3.0,7.0,5943,4.0,2.0,1,0.0,2.0,1,1.0,44,1.0,1.0,2,1.0,1,1.0,1.0,0
1.0,30,1.0,2.0,10623,2.0,3.0,3,3.0,2.0,4,3.0,38,1.0,0.0,3,0.0,2,1.0,1.0,1
2.0,12,3.0,5.0,1474,2.0,2.0,4,0.0,2.0,1,0.0,33,0.0,1.0,1,0.0,1,1.0,1.0,1
1.0,24,3.0,1.0,1371,4.0,0.0,4,0.0,2.0,4,2.0,25,1.0,2.0,1,1.0,1,0.0,1.0,0
3.0,24,3.0,7.0,1413,2.0,0.0,4,2.0,2.0,2,0.0,28,1.0,1.0,1,1.0,1,0.0,1.0,1
3.0,18,1.0,7.0,1149,3.0,0.0,4,3.0,2.0,3,2.0,46,1.0,1.0,2,1.0,1,0.0,1.0,1
1.0,24,3.0,1.0,4817,2.0,1.0,2,3.0,0.0,3,0.0,31,1.0,1.0,1,1.0,1,1.0,1.0,0
3.0,18,1.0,2.0,3850,2.0,1.0,3,3.0,2.0,1,1.0,27,1.0,1.0,2,1.0,1,0.0,1.0,1
1.0,12,1.0,2.0,1409,2.0,3.0,4,3.0,2.0,3,2.0,54,1.0,1.0,1,1.0,1,0.0,1.0,1
0.0,10,3.0,5.0,1521,2.0,0.0,4,1.0,2.0,2,1.0,31,1.0,1.0,1,3.0,1,0.0,1.0,1
3.0,12,1.0,5.0,1592,3.0,1.0,3,0.0,2.0,2,0.0,35,1.0,1.0,1,1.0,1,0.0,0.0,1
0.0,24,2.0,0.0,4712,4.0,0.0,4,3.0,2.0,2,0.0,37,0.0,1.0,2,0.0,1,1.0,1.0,1
3.0,15,1.0,7.0,1459,2.0,0.0,4,0.0,2.0,2,1.0,43,1.0,1.0,1,3.0,1,0.0,1.0,1
3.0,36,1.0,1.0,3535,2.0,1.0,4,3.0,2.0,4,1.0,37,1.0,1.0,2,1.0,1,1.0,1.0,1
3.0,6,3.0,7.0,1595,2.0,1.0,3,3.0,2.0,2,0.0,51,1.0,1.0,1,1.0,2,0.0,1.0,1
1.0,24,1.0,1.0,1199,2.0,3.0,4,3.0,2.0,4,1.0,60,1.0,1.0,2,3.0,1,0.0,1.0,0
1.0,36,0.0,5.0,2746,2.0,3.0,4,3.0,2.0,4,1.0,31,0.0,1.0,1,1.0,1,0.0,1.0,0
0.0,7,3.0,7.0,2329,2.0,2.0,1,0.0,1.0,1,2.0,45,1.0,1.0,1,1.0,1,0.0,1.0,1
0.0,18,1.0,5.0,7374,2.0,4.0,4,3.0,2.0,4,0.0,40,2.0,1.0,2,0.0,1,1.0,1.0,1
0.0,48,3.0,7.0,3060,2.0,1.0,4,3.0,2.0,4,2.0,28,1.0,1.0,2,1.0,1,0.0,1.0,0
1.0,18,3.0,5.0,1131,2.0,4.0,4,0.0,2.0,2,1.0,33,1.0,1.0,1,1.0,1,0.0,1.0,0
1.0,36,3.0,5.0,5179,2.0,1.0,4,3.0,2.0,2,0.0,29,1.0,1.0,1,1.0,1,0.0,1.0,0
1.0,18,3.0,7.0,1936,4.0,1.0,2,2.0,2.0,4,1.0,23,1.0,2.0,2,3.0,1,0.0,1.0,1
1.0,30,4.0,5.0,4583,2.0,0.0,2,1.0,1.0,2,2.0,32,1.0,1.0,2,1.0,1,0.0,1.0,1
1.0,36,3.0,6.0,15857,2.0,4.0,2,1.0,0.0,3,1.0,43,1.0,1.0,1,0.0,1,0.0,1.0,1
3.0,12,1.0,1.0,1163,1.0,0.0,4,3.0,2.0,4,2.0,44,1.0,1.0,1,1.0,1,1.0,1.0,1
0.0,30,1.0,5.0,8386,2.0,1.0,2,3.0,2.0,2,0.0,49,1.0,1.0,1,1.0,1,0.0,1.0,0
1.0,24,3.0,1.0,1207,2.0,2.0,4,0.0,2.0,4,0.0,24,1.0,2.0,1,1.0,1,0.0,1.0,0
1.0,18,3.0,1.0,1216,2.0,2.0,4,0.0,2.0,3,1.0,23,1.0,2.0,1,1.0,1,1.0,1.0,0
3.0,12,1.0,0.0,1185,2.0,0.0,3,0.0,2.0,2,2.0,27,1.0,1.0,2,1.0,1,0.0,1.0,1
1.0,12,3.0,1.0,1372,2.0,1.0,2,1.0,2.0,3,1.0,36,1.0,1.0,1,1.0,1,0.0,1.0,0
0.0,11,1.0,1.0,1322,3.0,0.0,4,0.0,2.0,4,1.0,40,1.0,1.0,2,1.0,1,0.0,1.0,1
2.0,6,2.0,7.0,683,2.0,2.0,2,0.0,2.0,1,0.0,29,0.0,1.0,1,1.0,1,0.0,1.0,1
2.0,10,1.0,7.0,1347,4.0,1.0,4,3.0,2.0,2,0.0,27,1.0,1.0,2,1.0,1,1.0,1.0,1
0.0,18,4.0,5.0,3244,2.0,0.0,1,0.0,2.0,4,1.0,33,0.0,1.0,2,1.0,1,1.0,1.0,1
0.0,12,4.0,9.0,1410,2.0,0.0,2,3.0,2.0,2,2.0,31,1.0,1.0,1,3.0,1,1.0,1.0,1
2.0,15,3.0,4.0,1905,2.0,3.0,4,3.0,2.0,4,1.0,40,1.0,2.0,1,0.0,1,1.0,1.0,1
1.0,18,4.0,5.0,3114,2.0,2.0,1,0.0,2.0,4,0.0,26,1.0,2.0,1,1.0,1,0.0,1.0,0
3.0,12,3.0,7.0,2279,4.0,0.0,4,3.0,2.0,4,3.0,37,1.0,0.0,1,1.0,1,1.0,1.0,1
1.0,12,3.0,1.0,759,2.0,1.0,4,3.0,2.0,2,2.0,26,1.0,1.0,1,1.0,1,0.0,1.0,0
2.0,18,3.0,1.0,1961,2.0,3.0,3,0.0,2.0,2,1.0,23,1.0,1.0,1,0.0,1,0.0,1.0,1
0.0,18,1.0,7.0,1245,2.0,0.0,4,2.0,2.0,2,1.0,33,1.0,1.0,1,1.0,1,0.0,1.0,0
1.0,24,3.0,2.0,2964,4.0,3.0,4,3.0,2.0,4,3.0,49,0.0,0.0,1,1.0,2,1.0,1.0,1
3.0,10,3.0,9.0,894,4.0,1.0,4,0.0,2.0,3,0.0,40,1.0,1.0,1,1.0,1,1.0,1.0,1
1.0,12,3.0,1.0,1274,2.0,2.0,3,0.0,2.0,1,2.0,37,1.0,1.0,1,3.0,1,0.0,1.0,0
0.0,30,3.0,1.0,2150,2.0,0.0,4,0.0,1.0,2,3.0,24,0.0,1.0,1,1.0,1,0.0,1.0,0
1.0,6,3.0,7.0,2647,1.0,0.0,2,3.0,2.0,3,2.0,44,1.0,2.0,1,1.0,2,0.0,1.0,1
0.0,12,3.0,1.0,685,2.0,1.0,2,2.0,2.0,3,1.0,25,0.0,1.0,1,3.0,1,0.0,1.0,0
3.0,18,3.0,7.0,4594,2.0,2.0,3,3.0,2.0,2,1.0,32,1.0,1.0,1,1.0,1,1.0,1.0,1
3.0,24,1.0,7.0,2872,0.0,3.0,3,3.0,2.0,4,2.0,36,1.0,1.0,1,1.0,2,1.0,1.0,1
3.0,18,1.0,7.0,2404,2.0,0.0,2,0.0,2.0,2,1.0,26,1.0,1.0,2,1.0,1,0.0,1.0,1
1.0,24,1.0,7.0,1231,3.0,3.0,4,0.0,2.0,4,0.0,57,1.0,2.0,2,0.0,1,1.0,1.0,1
0.0,48,4.0,0.0,3844,0.0,1.0,4,3.0,2.0,4,3.0,34,1.0,0.0,1,3.0,2,0.0,1.0,0
3.0,18,1.0,7.0,2238,2.0,0.0,2,0.0,2.0,1,1.0,25,1.0,1.0,2,1.0,1,0.0,1.0,1
1.0,36,3.0,1.0,9271,2.0,1.0,2,3.0,2.0,1,1.0,24,1.0,1.0,1,1.0,1,1.0,1.0,0
3.0,10,3.0,1.0,1597,1.0,0.0,3,3.0,2.0,2,3.0,40,1.0,2.0,1,3.0,2,0.0,0.0,1
0.0,27,4.0,0.0,8318,2.0,3.0,2,0.0,2.0,4,3.0,42,1.0,0.0,2,0.0,1,1.0,1.0,0
0.0,18,3.0,0.0,4439,2.0,3.0,1,3.0,0.0,1,2.0,33,0.0,1.0,1,0.0,1,1.0,1.0,1
3.0,12,1.0,7.0,1655,2.0,3.0,2,3.0,2.0,4,2.0,63,1.0,1.0,2,3.0,1,1.0,1.0,1
0.0,8,3.0,5.0,1237,2.0,0.0,3,0.0,2.0,4,2.0,24,1.0,1.0,1,1.0,1,0.0,1.0,0
1.0,12,3.0,1.0,900,4.0,0.0,4,2.0,2.0,2,1.0,23,1.0,1.0,1,1.0,1,0.0,1.0,0
0.0,48,3.0,1.0,8487,4.0,1.0,1,0.0,2.0,2,1.0,24,1.0,1.0,1,1.0,1,0.0,1.0,1
0.0,6,2.0,5.0,1050,2.0,4.0,4,3.0,2.0,1,0.0,35,2.0,1.0,2,0.0,1,1.0,1.0,1
2.0,6,1.0,1.0,1343,2.0,3.0,1,3.0,2.0,4,2.0,46,1.0,1.0,2,1.0,2,0.0,0.0,1
0.0,20,2.0,2.0,7057,4.0,1.0,3,3.0,2.0,4,0.0,36,0.0,2.0,2,0.0,2,1.0,1.0,1
3.0,10,1.0,5.0,2146,2.0,2.0,1,0.0,2.0,3,2.0,23,1.0,2.0,2,1.0,1,0.0,1.0,1
0.0,36,3.0,4.0,12612,0.0,0.0,1,3.0,2.0,4,3.0,47,1.0,0.0,1,1.0,2,1.0,1.0,0
1.0,6,3.0,3.0,343,2.0,2.0,4,0.0,2.0,1,2.0,27,1.0,1.0,1,1.0,1,0.0,1.0,1
1.0,24,1.0,2.0,6615,2.0,4.0,2,3.0,2.0,4,3.0,75,1.0,0.0,2,0.0,1,1.0,1.0,1
3.0,36,1.0,7.0,3342,4.0,3.0,4,3.0,2.0,2,1.0,51,1.0,1.0,1,1.0,1,1.0,1.0,1
1.0,24,2.0,7.0,1659,2.0,2.0,4,0.0,2.0,2,1.0,29,1.0,2.0,1,3.0,1,1.0,1.0,0
3.0,24,1.0,2.0,3868,2.0,3.0,4,0.0,2.0,2,1.0,41,1.0,2.0,2,0.0,1,1.0,1.0,1
3.0,18,2.0,5.0,1808,2.0,1.0,4,0.0,2.0,1,2.0,22,1.0,1.0,1,1.0,1,0.0,1.0,0
3.0,9,1.0,1.0,2134,2.0,0.0,4,3.0,2.0,4,1.0,48,1.0,1.0,3,1.0,1,1.0,1.0,1
3.0,12,3.0,5.0,1123,1.0,0.0,4,0.0,2.0,4,1.0,29,1.0,2.0,1,3.0,1,0.0,1.0,0
3.0,7,1.0,7.0,730,4.0,3.0,4,3.0,2.0,2,0.0,46,1.0,2.0,2,3.0,1,1.0,1.0,1
3.0,18,0.0,1.0,6458,2.0,3.0,2,3.0,2.0,4,3.0,39,0.0,1.0,2,0.0,2,1.0,1.0,0
3.0,18,3.0,1.0,2662,4.0,1.0,4,3.0,2.0,3,0.0,32,1.0,1.0,1,1.0,1,0.0,0.0,1
3.0,24,1.0,2.0,5804,3.0,0.0,4,3.0,2.0,2,2.0,27,1.0,1.0,2,1.0,1,0.0,1.0,1
0.0,12,3.0,7.0,1484,4.0,0.0,2,2.0,2.0,1,2.0,25,1.0,1.0,1,1.0,1,1.0,1.0,0
3.0,6,2.0,7.0,932,2.0,0.0,3,0.0,2.0,2,2.0,24,1.0,1.0,1,1.0,1,0.0,1.0,1
