model,engine_power,age_in_days,km,previous_owners,lat,lon,__target__
0.0,62,3074,61000,1,45.51815032958984,10.350669860839844,8450
0.0,51,790,29395,1,41.90322113037109,12.495650291442873,8650
0.0,51,821,28220,1,41.90322113037109,12.495650291442873,10400
0.0,51,397,11997,1,41.90322113037109,12.495650291442873,9999
1.0,51,366,10295,1,41.90322113037109,12.495650291442873,10100
0.0,51,1492,30795,1,45.14241027832031,10.015210151672363,10700
0.0,51,701,37083,1,40.465370178222656,17.250539779663086,9000
0.0,51,1886,110000,1,40.83581161499024,14.504409790039062,6990
1.0,51,2192,60786,1,43.9381217956543,10.912579536437988,7900
0.0,51,701,21580,1,41.12586975097656,16.86665916442871,11090
1.0,51,3439,125684,1,43.879859924316406,10.78281021118164,4390
0.0,51,2861,50000,1,44.55202865600586,7.7258100509643555,6950
0.0,51,640,5591,1,45.92216873168945,12.361499786376951,10500
0.0,51,397,19037,1,45.70724868774414,11.47760009765625,10500
0.0,51,1492,64600,1,45.49222946166992,12.101679801940918,8300
0.0,51,456,13600,1,45.73727035522461,11.389789581298828,10400
0.0,51,3378,132000,2,45.69522857666016,9.669509887695312,4800
0.0,51,2496,85598,1,45.6114387512207,8.901260375976562,7400
0.0,51,1096,55851,1,41.90322113037109,12.495650291442873,7100
0.0,51,2831,41000,1,41.15206146240234,15.083089828491213,7900
1.0,51,366,5870,1,45.467960357666016,9.181779861450195,10999
0.0,51,701,37093,1,41.10787963867188,14.208809852600098,9400
1.0,51,731,56000,3,40.84014129638672,14.252260208129885,8900
0.0,51,397,18877,2,45.51256942749024,10.329010009765623,10850
0.0,51,701,24000,1,41.90322113037109,12.495650291442873,8990
0.0,51,2616,56400,1,45.78324890136719,12.488120079040527,6900
0.0,51,3774,119000,1,45.47908020019531,8.819459915161133,4800
2.0,62,2953,102800,1,45.00070190429688,7.682270050048828,6600
0.0,51,701,17000,1,45.60689163208008,9.30661964416504,9900
1.0,51,2496,57200,1,41.90322113037109,12.495650291442873,7900
0.0,51,3227,70751,1,41.90322113037109,12.495650291442873,5900
0.0,51,1278,24162,1,45.06967926025391,7.704919815063477,8990
0.0,51,397,15003,1,45.51256942749024,10.329010009765623,10850
0.0,51,1155,53589,1,45.23141098022461,9.592889785766602,8950
0.0,51,3804,130000,2,44.5418701171875,10.78141975402832,6400
0.0,51,1858,94752,1,45.53659057617188,10.232040405273438,7900
0.0,51,456,11186,1,41.90322113037109,12.495650291442873,10800
0.0,51,762,18467,1,40.40106964111328,15.592869758605955,9999
0.0,51,456,14900,1,45.716590881347656,9.708080291748049,10400
0.0,51,821,33224,1,45.59859848022461,9.164039611816406,9890
0.0,51,670,32835,1,41.10787963867188,14.208809852600098,9400
0.0,51,1066,69916,1,41.8029899597168,12.59893035888672,8980
0.0,51,548,14181,1,40.74824142456055,14.528349876403809,9840
0.0,51,366,14000,1,44.2943000793457,9.674440383911133,10500
2.0,51,3166,90000,1,40.66714096069336,16.604450225830078,6500
0.0,51,609,27370,1,41.10787963867188,14.208809852600098,9400
1.0,51,2282,85000,1,45.68352890014648,11.95294952392578,8400
2.0,51,4261,95000,1,43.37266159057617,13.219809532165527,4800
0.0,51,762,18609,1,41.57223892211914,13.33368968963623,10250
0.0,51,397,18740,1,45.35776901245117,9.612210273742676,10950
1.0,51,1066,52125,1,44.41175842285156,12.204059600830078,8900
1.0,62,3258,84740,1,45.33552169799805,11.785840034484863,6900
0.0,51,670,32156,1,41.10787963867188,14.208809852600098,10900
0.0,51,366,9248,1,41.90322113037109,12.495650291442873,10000
0.0,51,821,15546,1,41.90322113037109,12.495650291442873,9500
0.0,51,731,36303,1,45.57122039794922,9.159139633178713,9980
0.0,51,397,21886,1,45.51256942749024,10.329010009765623,10850
0.0,51,790,37000,1,45.43830108642578,10.991700172424316,8990
0.0,51,790,21600,1,41.90322113037109,12.495650291442873,8750
0.0,51,425,18276,1,38.31806945800781,16.394899368286133,11000
0.0,51,425,17300,1,41.2026481628418,13.853010177612305,9900
0.0,51,2739,85366,1,45.69522857666016,9.669509887695312,7400
0.0,51,578,32057,1,44.50482177734375,11.345179557800291,9600
1.0,51,3623,77000,1,45.63404083251953,10.194869995117188,7990
0.0,51,701,25692,1,45.43878936767578,10.764240264892578,10300
1.0,51,2070,57000,1,45.467960357666016,9.181779861450195,7900
0.0,51,1217,28000,1,40.658321380615234,17.70716094970703,8600
1.0,51,1096,83000,1,41.959720611572266,12.798055648803713,7900
0.0,51,366,12000,1,42.09685897827149,11.789810180664062,9990
0.0,51,3804,78000,1,45.59614944458008,8.915809631347656,6600
1.0,51,2922,31350,1,43.78451156616211,10.924659729003906,6500
0.0,51,456,21907,1,43.43975830078125,13.607259750366213,10800
0.0,51,2192,86500,1,45.56373977661133,9.974530220031738,6800
1.0,51,2769,72000,1,44.138370513916016,12.23882007598877,7800
0.0,51,4108,134000,2,45.17787170410156,7.644120216369629,5550
0.0,51,4627,171150,1,45.8306884765625,12.033340454101562,2900
1.0,51,4383,107600,1,44.63998031616211,8.644689559936523,3950
1.0,51,1186,19000,1,41.11426162719727,16.48571014404297,8450
0.0,51,762,16700,1,40.40106964111328,15.592869758605955,9990
0.0,51,640,33767,1,41.10787963867188,14.208809852600098,9400
0.0,51,425,17770,1,41.40813827514648,13.765939712524414,10790
1.0,51,2647,75500,1,44.50883865356445,11.469079971313477,7500
0.0,51,1066,69916,1,41.90322113037109,12.495650291442873,8980
1.0,51,1858,33000,1,45.60868835449219,9.26980972290039,9800
0.0,51,397,17250,1,45.467960357666016,9.181779861450195,10050
0.0,51,2922,60600,1,44.50482177734375,11.345179557800291,9500
0.0,51,456,12693,1,45.39360046386719,10.482239723205566,10900
2.0,74,4658,142228,1,45.503299713134766,11.417840003967283,4200
1.0,51,1886,33530,1,40.8213996887207,14.122380256652832,7300
1.0,51,2527,106000,1,45.7646484375,8.994500160217285,6900
0.0,51,425,16805,1,40.84014129638672,14.252260208129885,10690
1.0,51,1155,28000,1,45.7646484375,8.994500160217285,10900
0.0,51,731,10400,1,44.00981140136719,10.590370178222656,10800
0.0,51,366,13180,1,41.90322113037109,12.495650291442873,10100
0.0,51,425,18443,1,43.23400115966797,12.782150268554688,10800
0.0,51,821,32150,1,45.51256942749024,10.329010009765623,9950
1.0,51,731,34300,1,41.450721740722656,12.625020027160645,9490
0.0,51,731,22125,1,40.871429443359375,14.438960075378418,9950
0.0,51,2496,104000,1,40.465370178222656,17.250539779663086,6900
0.0,51,882,56779,1,41.90322113037109,12.495650291442873,10000
0.0,51,731,24700,1,41.90322113037109,12.495650291442873,9450
0.0,51,3684,71000,1,40.92850112915039,14.203669548034668,6000
1.0,51,2039,82990,1,45.467960357666016,9.181779861450195,7990
0.0,51,670,28642,1,45.60982894897461,9.147000312805176,9990
0.0,51,640,34873,1,40.8588981628418,14.357190132141112,9500
1.0,51,3500,80320,1,41.90322113037109,12.495650291442873,7000
0.0,51,425,17900,1,41.90322113037109,12.495650291442873,9970
0.0,51,731,20000,1,41.57223892211914,13.33368968963623,9900
0.0,51,2251,117000,1,40.83581161499024,14.504409790039062,6500
0.0,51,3227,105000,1,45.68487930297852,9.717909812927246,6500
0.0,51,790,40100,1,45.33407974243164,11.376870155334473,10200
0.0,51,790,31650,1,45.68825912475586,8.731450080871582,10200
0.0,51,456,13716,1,45.39360046386719,10.482239723205566,10900
0.0,51,790,28191,1,43.529029846191406,12.16218376159668,9490
0.0,51,1583,29064,1,45.51256942749024,10.329010009765623,9500
0.0,51,731,22551,1,38.1220703125,13.361120223999023,9900
0.0,62,3347,94000,1,41.90322113037109,12.495650291442873,5800
0.0,51,640,37428,1,41.10787963867188,14.208809852600098,9400
0.0,51,2162,78817,1,45.40943908691406,11.871709823608398,8500
0.0,51,609,45053,1,41.10787963867188,14.208809852600098,9600
1.0,51,2922,120000,1,41.9963493347168,12.723440170288086,7950
0.0,51,1339,39000,1,45.60953140258789,10.208569526672363,10450
0.0,51,456,18450,1,45.426570892333984,11.788129806518556,9700
0.0,51,731,17228,1,42.66495895385742,13.917869567871094,9900
0.0,51,1705,65000,1,45.4635009765625,9.913140296936035,6900
1.0,51,943,55000,1,45.77859115600586,8.946249961853027,7500
0.0,51,1066,76391,2,45.53659057617188,10.232040405273438,8900
0.0,51,1066,77020,1,45.53659057617188,10.232040405273438,8900
1.0,51,1858,75000,2,45.641239166259766,11.556180000305176,9999
1.0,51,4322,76000,1,45.851661682128906,9.39186954498291,5500
0.0,51,821,25922,1,45.59859848022461,9.164039611816406,9890
2.0,51,4535,133900,1,44.03533172607422,10.139490127563477,5900
1.0,51,852,17000,1,45.50516128540039,8.93910026550293,8990
0.0,51,1155,40700,1,41.90322113037109,12.495650291442873,8750
1.0,51,1492,59000,1,44.00981140136719,10.590370178222656,7500
0.0,51,2101,29897,1,40.926490783691406,14.476420402526855,8200
0.0,51,397,14284,1,45.35776901245117,9.612210273742676,10850
1.0,51,1521,37500,1,45.53200149536133,9.281530380249023,8290
2.0,51,1886,107500,1,45.53371810913086,9.231049537658691,8500
0.0,51,762,17000,1,44.55202865600586,7.7258100509643555,9850
0.0,51,548,22609,1,45.695831298828125,9.180390357971191,9900
0.0,51,397,19510,1,45.4381103515625,12.31814956665039,10800
0.0,51,397,16755,1,39.29122161865234,16.252513885498047,9490
0.0,51,1766,66000,1,41.90322113037109,12.495650291442873,8900
0.0,51,4108,90000,1,45.783668518066406,8.967240333557129,5000
0.0,51,397,12473,1,45.4381103515625,12.31814956665039,10800
0.0,51,456,16043,1,45.46580123901367,8.886409759521484,9980
0.0,51,2982,36000,1,44.90724182128906,8.611559867858887,7500
0.0,51,2557,80750,1,45.00070190429688,7.682270050048828,5990
0.0,51,3957,136000,1,41.15206146240234,15.083089828491213,4990
1.0,51,1096,50000,1,40.921669006347656,14.196269989013672,9500
0.0,51,701,36342,1,41.10787963867188,14.208809852600098,9400
0.0,51,456,56779,1,45.4381103515625,12.31814956665039,10800
1.0,51,701,39700,1,41.90322113037109,12.495650291442873,8800
0.0,51,2892,70000,1,43.33272171020508,11.719329833984377,6900
0.0,51,366,19000,1,44.2943000793457,9.674440383911133,10500
1.0,51,1308,38000,1,45.06967926025391,7.704919815063477,8900
1.0,62,2892,90211,2,45.06312942504883,7.5767998695373535,6800
0.0,51,762,19600,1,45.53868865966797,9.92831039428711,9800
1.0,51,366,5870,1,41.08335113525391,16.778589248657227,10999
0.0,51,670,35755,2,41.10787963867188,14.208809852600098,9400
0.0,51,4505,102502,1,45.06967926025391,7.704919815063477,5700
1.0,51,366,16500,1,45.61186981201172,8.85474967956543,10500
1.0,51,670,17000,1,45.36412811279297,11.936019897460938,10499
0.0,51,609,21000,1,44.71540832519531,11.308300018310549,10900
0.0,51,578,12982,1,45.467960357666016,9.181779861450195,10800
0.0,51,366,17000,1,44.2943000793457,9.674440383911133,10500
0.0,51,821,14500,1,41.90322113037109,12.495650291442873,10600
0.0,51,397,14877,3,45.46580123901367,8.886409759521484,9980
0.0,51,2223,117000,2,39.21453857421875,9.11048984527588,7900
0.0,51,3347,148000,1,41.90322113037109,12.495650291442873,5400
0.0,51,790,20849,1,41.90322113037109,12.495650291442873,8100
0.0,51,1797,55595,3,45.7669792175293,11.73840045928955,7800
0.0,51,701,22669,1,45.06967926025391,7.704919815063477,9500
0.0,51,1096,57000,2,45.467960357666016,9.181779861450195,7900
0.0,51,762,29378,1,41.10787963867188,14.208809852600098,10900
1.0,51,3653,52000,1,44.64313125610352,10.934060096740724,9500
2.0,51,790,35000,1,45.33407974243164,11.376870155334473,10200
0.0,51,4108,45300,1,41.299560546875,13.03258991241455,7400
1.0,51,2404,85000,1,43.529029846191406,12.16218376159668,6499
0.0,51,731,33280,2,40.7522087097168,14.453410148620604,9980
1.0,51,517,3000,1,40.74824142456055,14.528349876403809,9999
0.0,51,1613,45000,1,44.2943000793457,9.674440383911133,8800
0.0,51,762,18000,2,45.58409118652344,9.270959854125977,9900
0.0,51,3197,51083,1,45.57122039794922,9.159139633178713,5880
0.0,51,1247,11000,1,45.06967926025391,7.704919815063477,9990
2.0,51,4139,87000,1,41.90322113037109,12.495650291442873,5900
0.0,51,4535,124000,1,45.06967926025391,7.704919815063477,4450
0.0,51,366,17272,1,38.1220703125,13.361120223999023,11000
0.0,51,3562,128000,2,45.50944900512695,9.088700294494627,4990
2.0,51,3743,68833,1,44.92488098144531,7.330989837646484,5490
0.0,51,701,35752,4,41.10787963867188,14.208809852600098,9400
0.0,51,1461,36000,1,41.90322113037109,12.495650291442873,9300
0.0,51,790,42000,1,45.06967926025391,7.704919815063477,8900
1.0,51,3347,85500,1,45.66635894775391,12.24188995361328,5699
0.0,51,2192,105000,1,45.520469665527344,10.886810302734377,8500
0.0,51,790,29220,1,41.90322113037109,12.495650291442873,8650
0.0,51,397,16300,1,41.90322113037109,12.495650291442873,10200
0.0,51,2496,75000,1,45.57373046875,8.913009643554688,6900
1.0,51,366,11236,1,45.4381103515625,12.31814956665039,9800
0.0,51,1155,38197,1,41.90322113037109,12.495650291442873,8899
0.0,51,366,10000,1,45.54597854614258,12.16055965423584,10990
0.0,51,4108,45300,1,41.299560546875,13.03258991241455,7400
0.0,51,640,33389,1,41.10787963867188,14.208809852600098,8900
0.0,51,2374,102600,1,40.96617889404297,17.116479873657227,6800
0.0,51,2101,82000,1,45.14241027832031,10.015210151672363,6700
0.0,51,3743,128000,1,37.50395965576172,14.96681022644043,6700
0.0,51,4292,65000,1,44.58037185668945,10.731550216674805,5000
1.0,51,1005,60879,1,45.58409118652344,9.270959854125977,8350
0.0,51,731,26200,1,44.00981140136719,10.590370178222656,10800
2.0,51,4353,119000,1,45.0472412109375,9.128809928894045,5200
1.0,73,3623,133000,1,45.467960357666016,9.181779861450195,6300
0.0,51,456,12872,1,41.90322113037109,12.495650291442873,10800
2.0,51,4049,110661,2,46.17649841308594,9.90367031097412,6300
0.0,51,2647,70000,1,43.52130126953125,11.568490028381348,7500
0.0,51,762,10100,1,41.90322113037109,12.495650291442873,9900
1.0,51,4322,135000,1,41.90322113037109,12.495650291442873,4800
0.0,51,762,60000,2,45.320011138916016,10.578590393066406,9400
0.0,51,3074,98000,1,45.60689163208008,9.30661964416504,6500
0.0,51,790,29340,1,41.90322113037109,12.495650291442873,8650
0.0,51,3592,111000,1,44.4103889465332,8.938980102539062,5499
1.0,51,1400,25282,1,45.06967926025391,7.704919815063477,8200
0.0,51,2616,56000,1,45.58409118652344,9.270959854125977,7699
1.0,51,701,39162,1,45.57122039794922,9.159139633178713,9780
0.0,51,3896,120000,1,44.11185836791992,9.958860397338867,5900
1.0,51,1217,58497,1,41.90322113037109,12.495650291442873,8900
1.0,51,1766,45000,1,45.43830108642578,10.991700172424316,8000
0.0,51,701,24446,1,40.40106964111328,15.592869758605955,10399
0.0,51,2131,59000,1,42.10237121582031,12.176400184631348,8400
0.0,51,670,29181,1,44.283878326416016,11.888139724731444,9790
0.0,51,366,17642,3,38.1220703125,13.361120223999023,11000
0.0,74,4322,170000,1,45.55812072753906,9.21360969543457,4600
0.0,51,1308,23500,1,43.817020416259766,10.682849884033203,9800
0.0,51,670,36900,1,40.91411972045898,14.266389846801758,8900
0.0,51,3927,121000,2,41.90322113037109,12.495650291442873,4500
0.0,62,3227,152577,1,40.74824142456055,14.528349876403809,6190
0.0,51,1492,46600,1,45.716590881347656,9.708080291748049,10600
0.0,51,762,20000,1,45.21540832519531,7.633669853210449,9800
0.0,51,2404,100000,1,45.73284912109375,11.78989028930664,6700
0.0,51,762,14586,1,42.34196853637695,12.358489990234377,10500
0.0,51,670,29000,1,45.7646484375,8.994500160217285,10800
0.0,51,609,32733,1,41.10787963867188,14.208809852600098,9400
0.0,51,4139,123105,2,45.65016174316406,9.20518970489502,4500
0.0,51,2861,84500,1,45.51256942749024,10.329010009765623,6500
0.0,74,4658,135000,1,40.83581161499024,14.504409790039062,4490
0.0,51,640,33000,1,45.40507125854492,9.927339553833008,9900
0.0,74,4658,118000,1,37.72546005249024,15.184280395507812,5500
0.0,51,790,34012,1,45.43878936767578,10.764240264892578,10550
0.0,51,3623,75900,1,43.782371520996094,11.254989624023438,6300
0.0,51,762,38300,1,44.332401275634766,8.515649795532227,10600
0.0,51,1247,22686,1,41.90322113037109,12.495650291442873,9390
0.0,51,762,12337,1,43.782371520996094,11.254989624023438,10700
0.0,51,1278,69140,1,41.90322113037109,12.495650291442873,8700
0.0,51,1858,64000,1,43.782371520996094,11.254989624023438,7700
0.0,51,456,23000,1,40.84014129638672,14.252260208129885,9499
1.0,51,701,56779,1,41.90322113037109,12.495650291442873,10180
0.0,51,762,15613,1,41.90322113037109,12.495650291442873,9900
0.0,51,1917,53182,1,45.62813186645508,9.045459747314451,7900
0.0,51,1644,47500,1,44.90724182128906,8.611559867858887,9500
0.0,51,762,44778,1,45.57122039794922,9.159139633178713,9390
0.0,51,366,12585,1,45.06967926025391,7.704919815063477,9900
2.0,51,3288,145000,2,42.948978424072266,13.87775993347168,4500
0.0,51,3927,117000,1,37.72546005249024,15.184280395507812,5500
0.0,51,3562,82000,1,45.50054931640625,9.326600074768066,5900
2.0,51,3835,83000,2,45.82658004760742,10.097169876098633,5900
0.0,51,670,32855,1,41.10787963867188,14.208809852600098,9400
0.0,51,670,38507,1,41.10787963867188,14.208809852600098,9400
0.0,51,456,18400,1,44.06312942504883,12.447010040283203,10900
0.0,51,701,34031,1,41.10787963867188,14.208809852600098,9400
0.0,51,456,24500,1,44.06312942504883,12.447010040283203,10900
0.0,51,456,17600,1,44.06312942504883,12.447010040283203,10900
0.0,51,640,35983,1,41.10787963867188,14.208809852600098,9400
0.0,51,1096,28400,1,44.138370513916016,12.23882007598877,9900
0.0,51,2131,79000,1,40.85470962524414,14.379210472106934,8190
0.0,51,1766,56205,1,44.50883865356445,11.469079971313477,9300
1.0,62,1492,79000,1,43.8989486694336,11.002059936523438,8000
1.0,51,2374,81600,1,43.9381217956543,10.912579536437988,7600
0.0,51,701,21000,1,44.71540832519531,11.308300018310549,10900
0.0,51,1155,32000,1,41.68379974365234,12.77451992034912,8900
0.0,51,366,14618,1,45.70724868774414,11.47760009765625,10500
0.0,51,701,34120,1,41.10787963867188,14.208809852600098,9400
1.0,51,517,11000,1,40.92314147949219,14.310099601745604,10500
1.0,51,1858,13373,1,41.90322113037109,12.495650291442873,9000
1.0,51,366,5870,1,43.782371520996094,11.254989624023438,10999
1.0,51,3835,120000,1,40.53158950805664,17.436159133911133,4800
0.0,51,397,17034,1,45.51256942749024,10.329010009765623,10950
0.0,51,1797,61000,1,40.8588981628418,14.357190132141112,6990
1.0,51,1066,82200,1,37.23033905029297,14.52340030670166,7990
0.0,51,701,20000,1,45.64250183105469,12.163619995117188,9800
0.0,51,670,24598,1,45.4381103515625,12.31814956665039,10000
0.0,51,1217,56779,1,45.66635894775391,12.24188995361328,10800
0.0,51,790,30779,1,45.29212188720703,12.03197956085205,10490
0.0,51,456,11700,1,44.06312942504883,12.447010040283203,10900
2.0,51,3957,38000,1,45.58409118652344,9.270959854125977,5490
0.0,51,3470,71500,1,41.46273040771485,12.905280113220217,6700
0.0,51,397,17250,3,45.06967926025391,7.704919815063477,10050
0.0,51,640,33626,2,41.10787963867188,14.208809852600098,9400
1.0,51,4474,56779,1,45.07107925415039,7.464029788970947,4490
2.0,73,3896,120000,1,44.2943000793457,9.674440383911133,5100
0.0,51,2861,108000,2,43.56518173217773,11.17848014831543,6900
0.0,51,790,30758,2,45.51256942749024,10.329010009765623,9950
0.0,51,1521,28760,1,45.69115829467773,9.478070259094238,10300
0.0,51,609,114000,1,40.84590148925781,14.369270324707031,4600
0.0,51,3592,80000,1,43.46353912353516,11.877650260925291,6500
0.0,51,701,35098,1,41.10787963867188,14.208809852600098,8900
0.0,74,425,18822,1,41.90322113037109,12.495650291442873,10500
0.0,51,670,42695,1,41.10787963867188,14.208809852600098,8900
1.0,51,790,43286,1,40.871429443359375,14.438960075378418,8950
0.0,51,821,26330,1,41.90322113037109,12.495650291442873,10500
0.0,51,2101,18205,2,41.90322113037109,12.495650291442873,9700
1.0,51,1400,57662,1,45.467960357666016,9.181779861450195,7800
0.0,51,2251,73453,4,45.06312942504883,7.5767998695373535,7300
0.0,51,4322,117000,1,45.32979965209961,10.12679958343506,5399
0.0,51,3013,80000,1,41.90322113037109,12.495650291442873,6500
1.0,51,3653,138116,2,40.63317108154297,17.63460922241211,5000
0.0,51,670,56779,1,45.25130844116211,10.668700218200684,10900
0.0,51,4018,152900,1,43.06753158569336,12.551549911499023,5500
0.0,51,670,34819,1,41.10787963867188,14.208809852600098,9400
0.0,51,366,14732,1,45.74074172973633,12.232669830322266,9950
0.0,51,397,15042,1,45.4381103515625,12.31814956665039,10800
1.0,51,2131,40388,1,45.0127182006836,7.821589946746826,8390
0.0,51,731,11600,1,44.90724182128906,8.611559867858887,10750
0.0,51,701,28438,1,41.10787963867188,14.208809852600098,9700
1.0,51,2527,82000,1,41.76905059814453,12.66281032562256,3950
2.0,51,3439,147448,1,45.320011138916016,10.578590393066406,4990
0.0,51,701,38315,1,41.10787963867188,14.208809852600098,9400
1.0,51,366,16100,1,44.69252014160156,10.103960037231444,10900
1.0,62,3135,113000,1,45.4381103515625,12.31814956665039,5800
0.0,51,821,18990,1,41.90322113037109,12.495650291442873,10700
0.0,51,366,14500,1,45.4381103515625,12.31814956665039,10100
1.0,51,3258,78681,1,45.67927932739258,9.237190246582031,7490
1.0,51,2374,94063,1,38.17837142944336,15.55307960510254,6900
0.0,51,790,31657,1,41.90322113037109,12.495650291442873,10200
0.0,51,1066,69000,1,41.90322113037109,12.495650291442873,8900
1.0,51,2282,69159,1,41.90322113037109,12.495650291442873,9200
1.0,51,1066,28000,1,41.76905059814453,12.66281032562256,8500
0.0,51,762,22760,1,40.8213996887207,14.122380256652832,9790
0.0,77,1674,32654,1,40.84014129638672,14.252260208129885,9990
0.0,51,790,27440,1,41.90322113037109,12.495650291442873,8650
0.0,51,425,18641,1,45.70724868774414,11.47760009765625,10500
1.0,51,2616,99999,1,45.68421173095703,12.375579833984377,7500
0.0,51,2251,62061,2,45.06967926025391,7.704919815063477,7400
0.0,51,790,37819,1,45.70724868774414,11.47760009765625,9700
0.0,51,609,21000,1,44.71540832519531,11.308300018310549,10900
0.0,51,3347,133000,1,41.299560546875,13.03258991241455,5400
0.0,51,1827,39439,1,45.66067886352539,10.06460952758789,9400
0.0,51,762,25100,1,44.0937385559082,12.39601993560791,10900
1.0,51,1066,52700,1,45.35438919067383,11.86925983428955,9000
0.0,74,4566,78000,1,45.467960357666016,9.181779861450195,5800
0.0,51,1127,37000,1,40.67237854003906,14.728219985961914,10500
0.0,51,1858,42000,2,41.66950988769531,12.502229690551758,8400
0.0,51,2739,90000,1,44.79853057861328,10.34022045135498,6200
0.0,51,701,23900,1,45.50442123413086,12.036080360412598,9800
0.0,62,3470,110000,1,40.83581161499024,14.504409790039062,4990
1.0,51,3409,56779,1,42.453369140625,14.140379905700684,8700
0.0,51,366,13464,1,45.36685943603516,10.218480110168455,9699
1.0,62,1917,37900,1,45.77878189086914,11.840539932250977,7600
0.0,51,4292,112400,1,45.70610046386719,11.80737018585205,5000
1.0,51,3347,85500,1,45.467960357666016,9.181779861450195,5699
0.0,51,3684,78000,1,43.55290985107422,10.319979667663574,6500
0.0,73,4658,143000,1,45.06967926025391,7.704919815063477,4500
0.0,51,1461,39500,3,45.92216873168945,12.361499786376951,9800
1.0,51,2039,47000,1,43.529029846191406,12.16218376159668,7490
0.0,51,790,39916,1,41.90322113037109,12.495650291442873,10280
0.0,51,578,32057,1,41.90322113037109,12.495650291442873,9600
1.0,51,366,14730,1,44.512428283691406,11.128379821777344,9500
1.0,51,2678,75000,1,45.4381103515625,12.31814956665039,6800
0.0,51,2162,56900,1,45.88607025146485,13.291170120239258,7200
0.0,51,548,20000,1,45.4635009765625,9.913140296936035,9600
1.0,51,366,19500,2,44.00981140136719,10.590370178222656,9900
0.0,51,456,19494,1,44.388221740722656,7.548329830169678,10900
1.0,51,2223,96848,1,43.782371520996094,11.254989624023438,7990
2.0,51,4596,107000,1,40.84590148925781,14.369270324707031,4300
0.0,51,366,15000,1,45.541481018066406,8.071920394897461,10900
1.0,51,2861,80000,1,40.85470962524414,14.379210472106934,7500
0.0,51,397,14796,1,45.36685943603516,10.218480110168455,9999
0.0,51,425,23638,1,45.35776901245117,9.612210273742676,10650
0.0,51,4018,174000,1,42.920440673828125,13.833550453186035,5400
0.0,51,4474,108400,1,46.17649841308594,9.90367031097412,6200
0.0,51,640,39038,1,41.9963493347168,12.723440170288086,9800
0.0,51,670,25000,1,45.07889938354492,9.302300453186035,10500
0.0,51,425,13900,1,41.90322113037109,12.495650291442873,9970
0.0,51,701,29506,1,46.2146110534668,13.219889640808104,10700
0.0,51,2953,80000,1,45.58409118652344,9.270959854125977,6900
0.0,51,397,18019,1,38.1220703125,13.361120223999023,11000
0.0,51,4018,113000,1,40.91917037963867,14.1533203125,4400
1.0,51,1978,53243,1,44.283878326416016,11.888139724731444,8990
0.0,51,1035,69900,1,41.90322113037109,12.495650291442873,9750
1.0,51,3957,95200,1,43.782371520996094,11.254989624023438,5300
1.0,51,2374,73000,1,45.4381103515625,12.31814956665039,8900
0.0,62,2282,69000,1,46.16872024536133,12.707489967346191,7800
0.0,51,425,20917,1,45.51256942749024,10.329010009765623,10850
0.0,51,762,17484,1,45.52003860473633,9.757160186767578,9900
0.0,51,425,24281,1,45.4381103515625,12.31814956665039,10800
0.0,51,762,33245,1,41.10787963867188,14.208809852600098,10900
0.0,51,2313,80000,1,40.92850112915039,14.203669548034668,6990
2.0,51,4261,188000,1,41.06240081787109,14.273880004882812,4490
0.0,51,2223,60000,1,45.31705856323242,8.858699798583984,7700
0.0,51,3988,31487,1,45.320011138916016,10.578590393066406,5900
0.0,51,578,32057,1,40.9952507019043,17.219160079956055,9600
0.0,51,1096,28200,1,45.697208404541016,9.845970153808594,9500
0.0,51,2527,95000,1,36.855838775634766,14.760470390319824,7500
0.0,51,456,13215,1,39.29122161865234,16.252513885498047,9490
0.0,51,821,29560,1,41.90322113037109,12.495650291442873,10400
0.0,51,1917,49000,3,45.35776901245117,9.612210273742676,7800
0.0,51,609,32665,2,41.10787963867188,14.208809852600098,9400
0.0,51,3409,70000,1,41.90322113037109,12.495650291442873,5800
0.0,51,366,15000,2,44.2943000793457,9.674440383911133,10500
0.0,51,2131,44659,1,38.1220703125,13.361120223999023,8900
1.0,51,397,17000,1,41.90322113037109,12.495650291442873,9970
1.0,51,1155,65235,1,45.57122039794922,9.159139633178713,8250
0.0,51,2892,67000,1,45.67483901977539,9.687859535217283,7900
0.0,62,3013,101417,1,41.90322113037109,12.495650291442873,7900
0.0,51,1066,1232,1,45.467960357666016,9.181779861450195,9900
0.0,51,701,42915,1,45.06967926025391,7.704919815063477,9500
0.0,51,3957,117000,1,39.21453857421875,9.11048984527588,8500
0.0,51,2861,85000,1,45.60953140258789,10.208569526672363,7700
0.0,73,4200,110000,1,41.08235168457031,14.254249572753906,5250
0.0,51,790,45381,1,43.782371520996094,11.254989624023438,9450
0.0,51,670,18560,1,45.81275177001953,9.224140167236328,10300
0.0,51,1066,59961,1,40.7522087097168,14.453410148620604,7479
0.0,51,1096,63500,1,46.79201889038086,11.98031997680664,9900
0.0,51,762,20900,1,44.9044303894043,8.199939727783203,10550
0.0,51,701,10800,1,41.0259895324707,14.46444034576416,9850
1.0,51,1066,64700,1,45.53659057617188,10.232040405273438,8800
1.0,51,1127,31350,1,45.81071090698242,9.087149620056152,8750
1.0,51,3347,85500,1,41.08335113525391,16.778589248657227,5699
0.0,51,397,13546,1,41.90322113037109,12.495650291442873,9550
1.0,73,2557,50000,1,42.15787887573242,11.9022798538208,8250
1.0,51,1066,74000,1,41.8059196472168,13.054019927978516,8900
0.0,62,2982,126003,1,45.06967926025391,7.704919815063477,5950
0.0,51,640,41000,1,43.06753158569336,12.551549911499023,10800
1.0,51,366,17845,1,45.467960357666016,9.181779861450195,9800
0.0,51,425,16562,1,45.51256942749024,10.329010009765623,10950
0.0,51,1461,54000,1,38.1220703125,13.361120223999023,10000
0.0,51,701,19000,1,40.734840393066406,14.573419570922852,9299
1.0,51,1552,52026,1,45.06967926025391,7.704919815063477,6900
1.0,51,3074,72500,1,45.467960357666016,9.181779861450195,8499
2.0,51,4383,74000,1,43.52069854736328,13.238080024719238,6900
2.0,51,3684,160000,1,45.40547180175781,10.278289794921877,4900
0.0,51,670,32213,2,41.10787963867188,14.208809852600098,8900
0.0,51,1127,13000,1,45.7646484375,8.994500160217285,9500
0.0,51,640,38231,1,41.10787963867188,14.208809852600098,8900
0.0,51,790,33232,1,42.948978424072266,13.87775993347168,9900
0.0,51,701,36500,1,44.332401275634766,8.515649795532227,9990
0.0,51,1858,55476,1,43.879859924316406,10.78281021118164,8990
0.0,51,1461,103519,1,43.879859924316406,10.78281021118164,7500
0.0,51,397,14991,1,45.35776901245117,9.612210273742676,10950
0.0,51,3378,25800,1,41.46273040771485,12.905280113220217,7400
0.0,51,578,32057,1,45.43830108642578,10.991700172424316,9600
1.0,51,2496,80000,1,41.77008056640625,12.227109909057615,8500
0.0,51,4049,158000,1,40.94717025756836,14.372540473937988,4500
2.0,51,3470,139750,3,41.232948303222656,16.29486083984375,5800
0.0,51,1917,124999,1,45.564491271972656,10.115610122680664,6999
0.0,51,1155,27944,1,45.49134826660156,10.217439651489258,9900
0.0,51,762,41783,1,43.782371520996094,11.254989624023438,9450
0.0,51,852,38020,1,45.467960357666016,9.181779861450195,9490
0.0,51,425,23212,1,45.35438919067383,11.86925983428955,10500
0.0,51,2101,46000,1,43.56518173217773,11.17848014831543,9200
0.0,51,4443,77918,1,45.06967926025391,7.704919815063477,5500
0.0,51,762,28900,1,45.13167190551758,8.449170112609863,10640
0.0,51,640,38722,1,41.10787963867188,14.208809852600098,8900
0.0,51,456,20941,1,39.29122161865234,16.252513885498047,9700
0.0,51,366,11500,1,44.512428283691406,11.128379821777344,10400
0.0,51,701,45550,1,41.77008056640625,12.227109909057615,9590
0.0,51,2647,97700,1,44.50883865356445,11.469079971313477,7450
1.0,51,1827,39500,1,45.67340087890625,9.92689037322998,9800
1.0,51,1827,45000,1,41.90322113037109,12.495650291442873,8200
0.0,51,640,32328,1,41.10787963867188,14.208809852600098,8900
0.0,51,3988,102932,2,45.60953140258789,10.208569526672363,5999
0.0,51,701,13100,1,43.06753158569336,12.551549911499023,10500
0.0,51,1066,70055,1,45.53659057617188,10.232040405273438,8900
0.0,51,790,46038,1,45.06888961791992,9.266180038452148,10900
0.0,51,670,35000,1,41.90322113037109,12.495650291442873,10470
0.0,51,762,20000,1,41.90322113037109,12.495650291442873,8990
1.0,51,790,50740,1,40.871429443359375,14.438960075378418,8300
0.0,51,1705,23600,1,38.1220703125,13.361120223999023,9300
0.0,51,2527,113396,1,45.63243103027344,8.888850212097168,6800
0.0,51,425,21248,1,41.90322113037109,12.495650291442873,10500
0.0,51,790,46620,1,43.782371520996094,11.254989624023438,9450
0.0,51,731,17400,1,45.64250183105469,12.163619995117188,9800
0.0,51,701,19000,1,40.67237854003906,14.728219985961914,9999
0.0,51,1431,68000,1,45.4209213256836,8.94064998626709,8800
0.0,51,397,16135,1,45.35776901245117,9.612210273742676,10650
0.0,51,3044,132000,1,37.81673049926758,12.868720054626465,7900
2.0,51,701,39162,1,40.7522087097168,14.453410148620604,9879
2.0,51,2009,125000,1,45.19305038452149,9.151300430297852,6350
0.0,51,882,25000,1,44.90724182128906,8.611559867858887,8900
0.0,51,397,12917,1,39.29122161865234,16.252513885498047,9690
0.0,51,425,19201,1,40.6372299194336,15.79928970336914,10800
0.0,51,1797,44000,1,45.52672958374024,10.83778953552246,10900
0.0,51,701,27100,1,41.90322113037109,12.495650291442873,10300
0.0,51,701,22700,1,45.77688980102539,9.306159973144531,10250
1.0,51,3013,58527,1,45.68825912475586,8.731450080871582,7200
0.0,51,4322,83000,2,41.2046012878418,16.599639892578125,5600
0.0,51,1461,103519,1,43.84197998046875,10.515310287475586,7500
1.0,51,1370,91743,1,44.50883865356445,11.469079971313477,7450
0.0,51,456,11511,1,45.77669143676758,9.065250396728516,9890
0.0,51,762,37447,2,42.09685897827149,11.789810180664062,9990
2.0,62,3439,86000,1,39.21453857421875,9.11048984527588,7500
0.0,51,731,15150,1,45.65637969970703,9.50508975982666,10300
2.0,51,3623,185000,1,45.027099609375,12.22085952758789,4400
0.0,51,4535,41500,1,45.06967926025391,7.704919815063477,4790
0.0,51,670,18669,1,45.00070190429688,7.682270050048828,10990
0.0,51,366,9248,1,39.21453857421875,9.11048984527588,10000
0.0,51,821,33725,1,45.59859848022461,9.164039611816406,9890
0.0,51,821,14900,1,45.64250183105469,12.163619995117188,9800
0.0,51,1035,45000,2,41.90322113037109,12.495650291442873,10500
0.0,51,578,32057,1,40.8213996887207,14.122380256652832,9600
0.0,51,366,9248,1,45.43830108642578,10.991700172424316,10000
2.0,58,3684,62000,1,45.51982879638672,9.365619659423828,5800
1.0,51,701,39162,3,40.7522087097168,14.453410148620604,9879
0.0,51,701,14000,1,44.98873901367188,9.010499954223633,9790
0.0,51,3439,124000,1,45.65637969970703,9.50508975982666,5990
0.0,51,1066,58600,1,44.90724182128906,8.611559867858887,8500
0.0,51,1127,44000,1,44.70143127441406,7.972080230712891,9500
0.0,51,366,9248,1,43.782371520996094,11.254989624023438,10000
0.0,51,701,20300,1,45.68825912475586,8.731450080871582,10700
0.0,51,3774,149000,1,45.95497131347656,12.842920303344728,5499
0.0,51,425,18233,1,45.35438919067383,11.86925983428955,10500
0.0,51,456,19133,1,45.39360046386719,10.482239723205566,10900
1.0,51,2313,75000,1,45.62813186645508,9.045459747314451,7400
0.0,51,456,11569,1,41.90322113037109,12.495650291442873,10800
0.0,51,701,27000,1,45.60689163208008,9.30661964416504,9700
0.0,51,790,28070,1,41.90322113037109,12.495650291442873,8650
0.0,51,3927,98137,1,44.11185836791992,9.958860397338867,5500
0.0,51,701,20968,1,39.21453857421875,9.11048984527588,10500
0.0,51,701,18000,1,44.99895095825195,9.103429794311523,10590
1.0,51,2435,130000,1,41.77008056640625,12.227109909057615,5900
0.0,51,1247,23000,1,41.90322113037109,12.495650291442873,10600
0.0,51,640,40438,1,41.9963493347168,12.723440170288086,9800
0.0,51,2101,80133,1,45.467960357666016,9.181779861450195,7990
1.0,51,4169,143253,2,43.7099609375,10.399450302124023,3900
2.0,51,3835,129892,2,45.06967926025391,7.704919815063477,4490
0.0,51,1917,29000,1,41.58634948730469,13.57699966430664,9000
0.0,51,762,21000,1,44.71540832519531,11.308300018310549,10900
0.0,51,701,25076,1,45.51256942749024,10.329010009765623,10450
0.0,51,731,17000,1,45.25130844116211,10.668700218200684,9100
0.0,51,3227,68000,1,39.84526062011719,18.36552047729492,7450
0.0,51,640,32061,1,41.10787963867188,14.208809852600098,9700
0.0,51,2282,145150,2,45.3868408203125,11.790889739990234,6800
0.0,51,640,33141,1,41.10787963867188,14.208809852600098,8900
0.0,51,1066,69916,1,41.8029899597168,12.59893035888672,8980
0.0,51,3592,83721,1,40.83581161499024,14.504409790039062,5990
0.0,51,3712,108000,1,45.56040954589844,8.05978012084961,6600
0.0,51,852,37657,1,43.206878662109375,13.284640312194824,10400
0.0,51,3074,124100,2,45.52497863769531,9.522139549255373,6700
0.0,51,397,18324,1,45.43610000610352,8.887869834899902,9990
1.0,51,517,23000,1,45.06967926025391,7.704919815063477,10990
0.0,51,397,13546,1,41.90322113037109,12.495650291442873,9550
0.0,51,762,38300,1,44.332401275634766,8.515649795532227,9800
0.0,51,3319,122000,1,44.90724182128906,8.611559867858887,5500
0.0,51,425,17539,1,40.99216079711914,14.213930130004885,10500
0.0,51,3227,95554,1,45.06967926025391,7.704919815063477,5900
1.0,51,4049,140000,2,40.40106964111328,15.592869758605955,5700
0.0,51,640,37307,1,41.10787963867188,14.208809852600098,8900
0.0,51,670,16000,1,44.55202865600586,7.7258100509643555,10450
0.0,51,731,19244,1,45.59614944458008,8.915809631347656,10200
0.0,51,397,18877,1,45.20227813720703,10.792929649353027,10850
0.0,51,3500,95000,1,45.98527908325195,13.196643829345703,6999
1.0,51,3531,97000,1,45.67483901977539,9.687859535217283,6500
0.0,51,790,17200,1,45.64250183105469,12.163619995117188,9800
0.0,51,3319,89179,2,45.610050201416016,9.242340087890623,7500
0.0,51,4414,140000,1,44.0937385559082,12.39601993560791,5500
1.0,51,790,45012,2,41.10787963867188,14.208809852600098,8500
0.0,51,640,39332,1,41.10787963867188,14.208809852600098,9400
0.0,51,4049,135000,1,41.90322113037109,12.495650291442873,5490
0.0,51,425,14403,1,41.90322113037109,12.495650291442873,10800
0.0,51,2861,47016,1,45.53659057617188,10.232040405273438,7900
1.0,51,366,19220,1,45.4381103515625,12.31814956665039,9800
0.0,51,425,20900,1,45.53868865966797,9.92831039428711,10500
2.0,51,4414,177000,1,46.49528121948242,11.353460311889648,5400
1.0,51,882,24626,1,45.54444122314453,10.329719543457031,8990
0.0,51,821,19000,2,44.55202865600586,7.7258100509643555,10050
0.0,51,4018,83000,1,45.8306884765625,12.033340454101562,5490
0.0,51,456,11511,1,45.43610000610352,8.887869834899902,9890
0.0,51,397,16218,1,45.51256942749024,10.329010009765623,10850
0.0,51,3712,149000,1,45.65637969970703,9.50508975982666,5490
0.0,51,456,11314,1,45.55812072753906,9.21360969543457,10900
0.0,51,1917,89000,1,45.06967926025391,7.704919815063477,8500
0.0,51,821,17600,1,44.76641845703125,8.705599784851074,10500
1.0,51,701,13947,1,45.4381103515625,12.31814956665039,9700
0.0,51,2831,50247,1,44.055419921875,12.570039749145508,7380
1.0,51,4566,86000,1,45.06967926025391,7.704919815063477,5450
0.0,51,1797,71800,1,45.81475067138672,8.830129623413086,9300
1.0,51,4414,201000,1,45.14113998413086,9.10807991027832,2500
1.0,51,366,22148,1,45.68352890014648,11.95294952392578,9500
2.0,62,2800,6200,1,43.37266159057617,13.219809532165527,7500
0.0,51,762,36993,1,45.57122039794922,9.159139633178713,8980
0.0,51,3684,132000,1,44.54637145996094,7.540080070495605,5900
0.0,51,670,35985,1,41.10787963867188,14.208809852600098,8900
0.0,51,670,42207,1,41.10787963867188,14.208809852600098,8900
0.0,51,397,16100,1,41.90322113037109,12.495650291442873,9970
0.0,51,3166,95000,1,45.42673110961914,9.064720153808594,7400
0.0,51,1674,89000,1,41.141231536865234,14.395779609680176,7600
0.0,51,2892,92300,1,43.8820686340332,11.100350379943848,7500
0.0,51,4049,111498,4,45.64609909057617,10.499159812927246,6500
1.0,51,397,18000,1,41.90322113037109,12.495650291442873,9970
0.0,51,790,47524,1,45.70724868774414,11.47760009765625,9900
0.0,51,790,39916,1,41.8029899597168,12.59893035888672,10280
0.0,62,2251,67000,1,45.467960357666016,9.181779861450195,7400
0.0,51,790,18840,1,41.90322113037109,12.495650291442873,8900
1.0,51,731,17000,1,45.06967926025391,7.704919815063477,9500
0.0,51,2588,52000,1,44.55202865600586,7.7258100509643555,7450
1.0,51,1917,52008,1,45.43830108642578,10.991700172424316,9900
0.0,51,762,12816,1,45.81275177001953,9.224140167236328,10300
1.0,51,4353,76000,1,45.851661682128906,9.39186954498291,5500
2.0,51,3712,130000,2,45.76197052001953,11.436050415039062,6000
0.0,51,1035,25000,1,41.0559196472168,14.299440383911133,9500
0.0,51,701,22000,1,44.71540832519531,11.308300018310549,10900
0.0,51,1521,57800,1,44.50482177734375,11.345179557800291,9500
0.0,51,366,17559,1,45.4381103515625,12.31814956665039,10800
0.0,51,913,29000,1,45.77859115600586,8.946249961853027,8500
0.0,62,3074,129000,1,45.07014846801758,11.789549827575684,5799
1.0,51,1127,7772,1,41.06985092163086,15.058989524841309,9000
0.0,51,397,19296,1,45.35776901245117,9.612210273742676,10950
0.0,51,762,39751,1,41.90322113037109,12.495650291442873,9900
2.0,62,3166,89000,1,45.72438049316406,11.763489723205566,5500
1.0,51,731,47725,1,44.00579071044922,12.656319618225098,10350
0.0,51,670,41260,1,41.10787963867188,14.208809852600098,9400
1.0,51,1797,39000,1,40.60953140258789,14.98093032836914,7999
0.0,51,1066,68597,2,45.53659057617188,10.232040405273438,8900
0.0,51,2009,35552,1,42.56283187866211,12.642200469970703,8900
0.0,51,790,38510,1,41.90322113037109,12.495650291442873,10300
0.0,51,731,19800,1,40.80760955810547,14.50251007080078,9899
1.0,51,3743,129000,2,43.25925064086914,13.01226043701172,5300
1.0,51,1886,119000,1,40.8588981628418,14.357190132141112,7490
0.0,51,701,19934,2,45.13325881958008,7.632730007171631,8999
1.0,51,1339,32000,1,41.90322113037109,12.495650291442873,7990
0.0,51,670,32717,1,41.10787963867188,14.208809852600098,9400
2.0,51,3288,160012,4,45.14113998413086,9.10807991027832,3900
0.0,51,1066,69916,1,41.90322113037109,12.495650291442873,8980
1.0,66,3957,83000,1,41.90322113037109,12.495650291442873,5800
1.0,62,3562,87000,1,44.06312942504883,12.447010040283203,3990
2.0,62,3013,67000,1,40.96617889404297,17.116479873657227,7500
0.0,51,578,32057,1,39.21453857421875,9.11048984527588,9600
0.0,51,670,30000,1,45.7646484375,8.994500160217285,10800
0.0,51,701,11200,1,46.17649841308594,9.90367031097412,10600
1.0,51,4049,163000,1,45.66228103637695,9.63129997253418,4900
1.0,62,2282,117000,1,45.50944900512695,9.088700294494627,7100
0.0,62,2922,99400,1,44.6480598449707,7.650589942932129,5700
0.0,51,1827,71000,1,40.85173034667969,14.477840423583984,7600
0.0,51,1917,54250,1,41.63029098510742,15.923290252685549,6900
1.0,51,4474,123000,1,40.63317108154297,17.63460922241211,4900
0.0,51,397,14431,1,41.83264923095703,12.752599716186523,9970
1.0,73,4658,165000,2,45.58409118652344,9.270959854125977,3600
0.0,51,3227,46000,1,41.9963493347168,12.723440170288086,6300
1.0,51,517,18000,1,40.91075134277344,14.508990287780762,10900
0.0,51,640,35711,1,41.10787963867188,14.208809852600098,9400
0.0,51,701,20216,1,44.388221740722656,7.548329830169678,10500
0.0,51,790,15478,1,45.06967926025391,7.704919815063477,9900
0.0,51,366,18000,1,41.26411056518555,13.744990348815918,10700
0.0,51,366,13124,1,45.72071838378906,7.321430206298828,10950
1.0,51,366,12929,1,45.556549072265625,9.534469604492188,9400
0.0,51,1644,120000,1,45.21854019165039,12.278389930725098,6499
0.0,51,821,30112,1,45.59859848022461,9.164039611816406,9890
2.0,51,701,39162,1,41.8029899597168,12.59893035888672,10180
0.0,51,366,15000,1,44.2943000793457,9.674440383911133,10500
1.0,51,2831,75070,2,45.31705856323242,8.858699798583984,5500
0.0,51,821,21730,2,41.90322113037109,12.495650291442873,10500
0.0,51,640,37891,1,41.10787963867188,14.208809852600098,9400
2.0,73,4505,127000,1,45.52851104736328,9.59323024749756,4750
0.0,51,731,15000,1,45.25130844116211,10.668700218200684,9100
0.0,51,397,11997,1,45.66635894775391,12.24188995361328,9999
1.0,51,701,25800,1,41.90322113037109,12.495650291442873,8900
0.0,51,366,20653,2,45.70724868774414,11.47760009765625,10500
0.0,51,701,25900,1,45.53868865966797,9.92831039428711,9900
0.0,74,3804,62000,1,45.07133102416992,7.515940189361572,5900
0.0,51,790,33869,1,43.529029846191406,12.16218376159668,9490
0.0,51,609,31801,1,41.10787963867188,14.208809852600098,9400
0.0,51,790,41572,2,43.782371520996094,11.254989624023438,9450
0.0,51,1096,38000,1,45.42673110961914,9.064720153808594,9400
1.0,51,670,45000,1,41.90322113037109,12.495650291442873,10670
0.0,51,1035,40500,1,40.91136169433594,14.211199760437012,9300
1.0,51,366,22148,1,45.70724868774414,11.47760009765625,9500
1.0,51,366,11000,1,45.05659866333008,9.701760292053224,9900
0.0,51,670,39470,1,41.10787963867188,14.208809852600098,10900
0.0,51,3227,78000,1,44.11185836791992,9.958860397338867,7800
1.0,51,3288,90000,1,43.9126091003418,12.905610084533691,6900
0.0,51,670,32473,1,41.10787963867188,14.208809852600098,9400
0.0,51,882,33160,1,45.77899932861328,12.997090339660645,9900
2.0,51,4292,145000,3,41.06240081787109,14.273880004882812,4799
0.0,51,670,19746,1,41.57223892211914,13.33368968963623,10950
0.0,51,456,17841,1,45.39360046386719,10.482239723205566,10900
1.0,51,762,15600,1,41.90322113037109,12.495650291442873,9900
1.0,77,2251,52000,2,45.50944900512695,9.088700294494627,8500
0.0,51,1521,19446,1,45.59614944458008,8.915809631347656,10600
0.0,51,456,22000,1,45.9605712890625,8.449370384216309,10490
0.0,51,3258,71000,1,45.5064697265625,8.815190315246582,7500
0.0,51,1492,58000,4,44.98873901367188,9.010499954223633,8890
0.0,51,2616,45000,1,45.53725051879883,9.371049880981444,7950
0.0,51,3288,124050,1,43.86997985839844,10.33983039855957,5500
0.0,51,762,24700,1,42.14385986328125,12.540160179138184,9450
1.0,51,3957,148700,1,41.12586975097656,16.86665916442871,4900
0.0,51,397,16087,1,41.90322113037109,12.495650291442873,10800
0.0,51,670,23458,1,41.10787963867188,14.208809852600098,9400
0.0,51,3653,122649,1,44.64313125610352,10.934060096740724,5300
0.0,51,1521,49076,1,41.90322113037109,12.495650291442873,9190
1.0,73,3865,80500,1,40.70410919189453,17.340059280395508,8500
1.0,51,1096,41950,1,41.66950988769531,12.502229690551758,10700
1.0,51,2313,106500,1,45.503299713134766,11.417840003967283,6800
0.0,51,456,26526,1,45.46580123901367,8.886409759521484,9980
0.0,51,1035,69900,1,42.14385986328125,12.540160179138184,9750
0.0,51,2892,104000,1,45.70059967041016,9.088769912719728,6800
0.0,51,762,18157,1,40.83581161499024,14.504409790039062,9590
1.0,51,701,41000,1,44.75260925292969,8.155280113220215,9500
1.0,51,1583,38000,1,41.90322113037109,12.495650291442873,8900
0.0,51,1858,48900,1,45.9605712890625,8.449370384216309,10900
0.0,51,790,32000,1,41.57223892211914,13.33368968963623,9490
1.0,51,1431,87000,1,44.50883865356445,11.469079971313477,7450
0.0,51,366,10909,2,38.1220703125,13.361120223999023,11000
0.0,51,1858,60000,1,41.35784912109375,13.424630165100098,8900
0.0,51,3258,77000,1,39.9310417175293,18.3604793548584,6900
1.0,51,790,40000,1,40.74029922485352,14.666549682617188,8700
0.0,51,425,18702,1,38.1220703125,13.361120223999023,11000
0.0,51,397,11997,2,45.467960357666016,9.181779861450195,9999
1.0,51,701,39162,1,41.8029899597168,12.59893035888672,10180
2.0,51,2466,113000,1,46.79201889038086,11.98031997680664,6600
0.0,51,821,32150,1,45.51285171508789,9.980259895324709,10400
0.0,51,2861,65000,1,39.69966125488281,9.577730178833008,5800
0.0,51,1521,27206,1,45.28242111206055,9.931300163269045,9950
0.0,51,3500,38431,1,41.90322113037109,12.495650291442873,7500
0.0,51,790,24620,1,41.90322113037109,12.495650291442873,8000
0.0,51,790,26220,1,41.90322113037109,12.495650291442873,8750
0.0,51,731,24235,1,45.43878936767578,10.764240264892578,10350
1.0,51,3347,85500,1,41.90322113037109,12.495650291442873,5699
1.0,51,2162,117183,1,44.055419921875,12.570039749145508,6000
0.0,51,4018,35473,1,45.77568817138672,8.855879783630371,6799
0.0,51,670,34825,1,44.71540832519531,11.308300018310549,10500
0.0,51,731,16500,1,40.66714096069336,16.604450225830078,10500
0.0,62,2892,99518,2,45.467960357666016,9.181779861450195,7990
0.0,51,2831,104000,1,45.96493148803711,12.644530296325684,6000
0.0,51,1308,27471,1,41.90322113037109,12.495650291442873,10500
1.0,51,974,12500,1,39.21453857421875,9.11048984527588,10500
0.0,51,3623,99000,1,44.2943000793457,9.674440383911133,5800
0.0,51,670,42260,1,41.10787963867188,14.208809852600098,9400
0.0,51,670,35016,1,41.10787963867188,14.208809852600098,9400
1.0,51,1613,62000,1,45.67181015014648,9.609210014343262,7800
2.0,51,3684,137344,1,38.11273956298828,15.65174961090088,5500
0.0,51,731,33665,1,40.7522087097168,14.453410148620604,9979
1.0,51,1066,66000,1,40.84014129638672,14.252260208129885,7900
0.0,51,1035,22000,1,41.0559196472168,14.299440383911133,9500
0.0,51,1492,23016,1,45.13167190551758,8.449170112609863,10000
0.0,51,670,4000,1,41.34975051879883,13.353320121765137,9500
2.0,51,701,56779,1,41.90322113037109,12.495650291442873,10180
2.0,73,4414,190000,1,41.90322113037109,12.495650291442873,3800
0.0,51,4018,68000,1,45.07889938354492,9.302300453186035,5800
0.0,51,2313,56600,3,45.13167190551758,8.449170112609863,7950
0.0,51,790,15716,1,45.13325881958008,7.632730007171631,10790
1.0,51,731,25000,1,45.05659866333008,9.701760292053224,10490
0.0,51,1613,65453,1,45.65016174316406,9.20518970489502,9900
0.0,51,670,21971,1,43.782371520996094,11.254989624023438,9450
1.0,51,366,17000,1,45.00070190429688,7.682270050048828,10200
0.0,51,640,39328,1,41.10787963867188,14.208809852600098,9400
0.0,51,701,41740,1,41.10787963867188,14.208809852600098,9400
1.0,51,2192,53428,2,45.467960357666016,9.181779861450195,6990
0.0,51,609,34782,2,41.10787963867188,14.208809852600098,8900
0.0,51,425,17375,1,45.51256942749024,10.329010009765623,10950
1.0,51,4414,69000,1,45.05659866333008,9.701760292053224,5290
1.0,51,2831,79271,1,40.357948303222656,18.16801071166992,8490
1.0,51,487,12811,1,45.77899932861328,12.997090339660645,9900
0.0,51,2647,50000,1,43.782371520996094,11.254989624023438,6900
0.0,51,670,33000,1,41.90322113037109,12.495650291442873,10470
1.0,51,2588,88000,1,43.8820686340332,11.100350379943848,5500
0.0,51,1492,22404,1,40.74824142456055,14.528349876403809,8990
0.0,51,397,19783,2,38.1220703125,13.361120223999023,11000
0.0,51,397,17488,1,40.96757125854492,14.2079496383667,10200
1.0,51,790,48461,1,41.10787963867188,14.208809852600098,8500
1.0,51,762,18600,1,41.299560546875,13.03258991241455,10600
1.0,51,913,7500,1,39.21453857421875,9.11048984527588,10500
0.0,51,4108,138000,1,45.5501708984375,12.071880340576172,5200
0.0,51,456,12600,1,44.9044303894043,8.199939727783203,10200
0.0,51,790,35000,1,45.7646484375,8.994500160217285,10500
0.0,51,670,32867,1,41.10787963867188,14.208809852600098,9400
1.0,51,2251,79800,1,45.51205062866211,10.427009582519531,6450
0.0,51,456,19900,1,44.06312942504883,12.447010040283203,10900
0.0,51,821,13500,1,41.90322113037109,12.495650291442873,10300
0.0,51,701,33942,1,41.10787963867188,14.208809852600098,9400
0.0,51,2374,90000,1,44.283878326416016,11.888139724731444,7900
1.0,51,1127,36495,1,41.90322113037109,12.495650291442873,9480
0.0,51,456,10062,1,45.81475067138672,8.830129623413086,10700
0.0,51,4292,124000,1,41.90322113037109,12.495650291442873,5300
0.0,51,762,17000,1,45.05659866333008,9.701760292053224,9900
0.0,51,1917,73000,1,39.29087829589844,9.001700401306152,7500
0.0,51,3592,104000,1,45.05659866333008,9.701760292053224,6500
0.0,51,2527,92956,1,41.31988906860352,16.279199600219727,7300
0.0,51,670,30000,1,45.7646484375,8.994500160217285,10800
0.0,51,2466,110000,1,45.06967926025391,7.704919815063477,5990
0.0,51,456,13375,1,41.90322113037109,12.495650291442873,10800
0.0,51,4169,100000,1,40.86045837402344,14.527799606323242,4300
2.0,62,3288,71900,1,41.06240081787109,14.273880004882812,5990
0.0,51,2101,61400,1,41.90322113037109,12.495650291442873,7990
2.0,51,3227,66000,1,41.07221984863281,14.022850036621094,5800
1.0,51,366,21000,1,45.58409118652344,9.270959854125977,9900
1.0,51,731,42990,1,44.50883865356445,11.469079971313477,9300
0.0,51,578,32057,1,45.00674057006836,8.924189567565918,9600
1.0,51,1155,47000,1,41.90322113037109,12.495650291442873,7900
0.0,51,456,15324,1,45.81275177001953,9.224140167236328,10500
0.0,51,397,13600,1,41.90322113037109,12.495650291442873,9970
1.0,51,366,16600,1,46.17649841308594,9.90367031097412,10200
2.0,51,3500,60000,2,45.320011138916016,10.578590393066406,6900
1.0,51,366,15626,1,45.02238845825195,7.586019992828369,8990
0.0,51,2162,71000,1,41.90322113037109,12.495650291442873,6890
0.0,73,4566,120300,1,40.500301361083984,17.38249969482422,4900
0.0,51,640,38294,1,41.10787963867188,14.208809852600098,8900
0.0,51,425,20636,1,45.35776901245117,9.612210273742676,10650
1.0,51,1492,88639,1,44.50883865356445,11.469079971313477,7450
0.0,51,762,20457,1,41.90322113037109,12.495650291442873,9700
1.0,51,4383,30000,1,45.55812072753906,9.21360969543457,6900
0.0,51,425,3600,1,40.695560455322266,14.480850219726562,9490
0.0,51,670,21000,1,43.71086120605469,10.78357982635498,10800
0.0,51,670,31000,1,45.7646484375,8.994500160217285,10800
0.0,51,882,25000,1,44.90724182128906,8.611559867858887,8900
1.0,62,3470,90000,1,40.8588981628418,14.357190132141112,5199
0.0,51,790,17708,1,41.90322113037109,12.495650291442873,8100
0.0,51,397,18900,1,45.192161560058594,11.213020324707031,10900
0.0,51,762,60000,2,45.43830108642578,10.991700172424316,9400
0.0,51,366,15000,1,44.2943000793457,9.674440383911133,10500
0.0,51,3197,51083,1,45.57122039794922,9.159139633178713,5880
0.0,51,1978,59000,1,44.98873901367188,9.010499954223633,7190
2.0,51,3347,86000,1,45.564491271972656,10.115610122680664,5999
0.0,51,2374,86500,1,44.388221740722656,7.548329830169678,9300
0.0,51,397,18324,1,45.77669143676758,9.065250396728516,9990
0.0,51,2282,50400,1,44.90724182128906,8.611559867858887,7900
2.0,51,2009,86000,2,40.63317108154297,17.63460922241211,7800
0.0,51,1066,59961,1,41.90322113037109,12.495650291442873,7480
1.0,51,2223,60457,1,45.48154067993164,9.413479804992676,7500
1.0,51,640,30000,1,45.06967926025391,7.704919815063477,8900
1.0,51,731,19675,1,45.35438919067383,11.86925983428955,9000
0.0,51,2192,69000,1,41.90322113037109,12.495650291442873,7500
0.0,51,2131,64678,1,45.06967926025391,7.704919815063477,7490
0.0,51,1005,22376,1,41.90322113037109,12.495650291442873,10900
2.0,51,3774,161900,1,44.90612030029297,7.677229881286621,4500
0.0,51,397,19600,2,44.512428283691406,11.128379821777344,10900
0.0,51,397,16523,1,45.20227813720703,10.792929649353027,10850
0.0,51,456,21200,1,44.06312942504883,12.447010040283203,10900
0.0,51,790,39865,1,43.782371520996094,11.254989624023438,9450
2.0,51,3531,100000,1,40.9764518737793,14.172280311584473,4950
0.0,51,670,21000,1,44.00981140136719,10.590370178222656,10800
1.0,51,731,39900,1,45.57402038574219,10.00240993499756,9850
0.0,51,790,28291,1,40.40106964111328,15.592869758605955,9499
0.0,51,790,27595,1,45.68825912475586,8.731450080871582,10200
0.0,51,366,14089,1,42.56283187866211,12.642200469970703,10900
0.0,51,3227,75359,1,45.06967926025391,7.704919815063477,7800
0.0,51,790,36624,1,45.02238845825195,7.586019992828369,8990
0.0,51,2343,39743,1,45.69522857666016,9.669509887695312,8800
1.0,51,701,48268,1,45.58409118652344,9.270959854125977,9000
0.0,51,456,10500,1,44.06312942504883,12.447010040283203,10900
0.0,51,456,27466,1,45.39360046386719,10.482239723205566,9800
0.0,51,4414,149326,1,45.81071090698242,9.087149620056152,3900
0.0,51,2192,86500,1,45.49134826660156,10.217439651489258,6800
0.0,51,548,12000,1,43.86373901367188,7.853020191192627,9990
0.0,51,1066,69916,1,40.7522087097168,14.453410148620604,8980
1.0,51,3684,116000,1,45.00070190429688,7.682270050048828,4900
0.0,51,670,33608,1,43.06753158569336,12.551549911499023,10900
0.0,51,701,32633,1,41.10787963867188,14.208809852600098,8900
0.0,51,790,30365,1,41.90322113037109,12.495650291442873,8650
0.0,51,1155,38000,1,41.2392807006836,13.933019638061523,8999
0.0,51,3562,113254,2,44.30582046508789,8.48363971710205,6100
1.0,51,2009,73000,1,41.7211799621582,12.673680305480955,8700
1.0,51,1096,50000,1,40.921669006347656,14.196269989013672,9500
1.0,51,790,48000,1,45.3814582824707,9.155489921569824,8500
0.0,51,731,19371,1,45.4381103515625,12.31814956665039,9800
0.0,51,3197,160403,1,41.35784912109375,13.424630165100098,5500
0.0,51,456,13250,2,42.10237121582031,12.176400184631348,10890
0.0,51,366,15951,1,45.06967926025391,7.704919815063477,9900
0.0,51,640,41810,1,41.10787963867188,14.208809852600098,9700
1.0,73,3592,65000,1,40.92850112915039,14.203669548034668,6500
0.0,51,397,16300,1,45.06967926025391,7.704919815063477,10200
0.0,51,366,9248,1,45.00674057006836,8.924189567565918,10000
0.0,51,731,36303,1,41.90322113037109,12.495650291442873,9980
0.0,51,1035,18000,1,41.90322113037109,12.495650291442873,10990
1.0,51,1127,80858,1,41.10787963867188,14.208809852600098,7900
0.0,51,397,19286,1,45.46580123901367,8.886409759521484,9980
0.0,51,1308,49000,1,45.467960357666016,9.181779861450195,9490
0.0,51,640,5591,1,46.01776123046875,11.90305995941162,10500
2.0,51,4139,119000,1,45.34931945800781,7.742599964141846,4890
0.0,51,701,31331,1,41.10787963867188,14.208809852600098,9700
1.0,51,366,11500,1,45.70724868774414,11.47760009765625,9500
0.0,51,1096,57262,1,41.90322113037109,12.495650291442873,7100
1.0,51,1066,69395,1,45.23141098022461,9.592889785766602,7450
0.0,51,670,40639,1,41.10787963867188,14.208809852600098,8900
1.0,51,456,23000,1,41.90322113037109,12.495650291442873,9970
0.0,51,2192,100000,1,43.817020416259766,10.682849884033203,8600
0.0,51,456,16000,1,45.9605712890625,8.449370384216309,10490
2.0,51,3500,60000,2,45.43830108642578,10.991700172424316,6900
1.0,51,1155,29000,2,43.782371520996094,11.254989624023438,10900
1.0,62,3013,120000,1,45.06967926025391,7.704919815063477,4900
0.0,51,701,17324,1,45.556549072265625,9.534469604492188,9950
0.0,51,1827,81600,1,40.560829162597656,17.808019638061523,6490
0.0,51,366,14816,2,38.1220703125,13.361120223999023,11000
0.0,51,366,16000,1,44.2943000793457,9.674440383911133,10500
0.0,51,3774,85000,1,44.2943000793457,9.674440383911133,4000
1.0,51,3927,156000,2,41.9963493347168,12.723440170288086,4500
0.0,51,425,15384,1,45.51256942749024,10.329010009765623,10850
0.0,51,3562,88000,1,41.59114074707031,13.246219635009766,5000
0.0,51,397,15728,1,41.83264923095703,12.752599716186523,9970
0.0,51,731,25900,1,45.06967926025391,7.704919815063477,8850
2.0,73,4292,166716,1,43.55290985107422,10.319979667663574,4790
0.0,51,397,15075,1,45.51256942749024,10.329010009765623,10850
1.0,51,4322,132848,1,45.63243103027344,8.888850212097168,4900
0.0,51,790,24086,1,45.43878936767578,10.764240264892578,10350
0.0,51,2861,31000,1,45.06967926025391,7.704919815063477,7300
0.0,51,762,9500,1,44.5418701171875,10.78141975402832,10900
0.0,51,731,33665,1,41.8029899597168,12.59893035888672,9980
0.0,51,3227,140000,2,41.76905059814453,12.66281032562256,4800
1.0,51,366,5870,2,45.66635894775391,12.24188995361328,10999
1.0,51,701,37950,1,41.77008056640625,12.227109909057615,7950
0.0,51,3227,54877,1,45.53659057617188,10.232040405273438,9900
0.0,51,2739,82000,1,45.63032913208008,12.566960334777832,6900
0.0,62,1917,36000,1,45.70059967041016,9.208419799804688,9900
0.0,51,578,32057,1,38.1220703125,13.361120223999023,9600
0.0,51,790,40298,1,43.782371520996094,11.254989624023438,9450
0.0,51,670,37020,1,41.10787963867188,14.208809852600098,10900
1.0,51,4200,131000,1,45.03190994262695,9.24110984802246,4500
0.0,51,487,17800,1,45.35152816772461,10.844090461730955,11100
1.0,51,397,19000,1,41.90322113037109,12.495650291442873,9970
0.0,51,4474,143900,1,44.64313125610352,10.934060096740724,5400
1.0,51,852,10400,1,45.790748596191406,8.746919631958008,10400
0.0,51,397,18575,1,45.35776901245117,9.612210273742676,10950
0.0,51,397,17081,1,45.06967926025391,7.704919815063477,10900
1.0,51,731,41558,2,45.57122039794922,9.159139633178713,8790
0.0,51,456,13587,3,45.39360046386719,10.482239723205566,10900
2.0,51,2739,77149,3,44.75489044189453,8.031900405883789,7800
0.0,51,1308,31750,1,43.206878662109375,13.284640312194824,9800
0.0,62,3439,79000,1,44.88497924804688,7.332200050354004,6500
1.0,62,790,44000,1,41.77008056640625,12.227109909057615,8800
1.0,51,731,25000,1,41.7211799621582,12.673680305480955,10400
0.0,51,790,22610,1,41.90322113037109,12.495650291442873,8000
0.0,51,456,17961,1,45.39360046386719,10.482239723205566,10900
1.0,51,2861,77550,1,45.72039031982422,12.46597957611084,7100
0.0,51,3865,95350,1,41.90322113037109,12.495650291442873,5500
1.0,51,4627,148000,1,45.35660171508789,9.203450202941896,3500
0.0,51,2527,114000,1,45.51205062866211,10.427009582519531,7950
0.0,51,3988,115557,1,41.90322113037109,12.495650291442873,4900
1.0,51,578,5000,1,40.84014129638672,14.252260208129885,8900
0.0,51,366,19112,1,41.90322113037109,12.495650291442873,10900
0.0,51,821,19000,1,44.98873901367188,9.010499954223633,9990
1.0,51,3347,85500,1,43.782371520996094,11.254989624023438,5699
0.0,51,397,15840,3,38.1220703125,13.361120223999023,10700
0.0,51,2162,78817,1,45.92216873168945,12.361499786376951,8500
2.0,51,1400,60000,1,45.80202102661133,9.187789916992188,10800
1.0,51,3197,120000,2,40.17470169067383,18.16762924194336,7900
1.0,51,2192,98000,1,45.42673110961914,9.064720153808594,6900
1.0,51,1066,65689,1,44.50883865356445,11.469079971313477,8500
2.0,51,3684,124490,2,45.53266143798828,9.038920402526855,4790
0.0,51,640,33007,1,41.10787963867188,14.208809852600098,9700
0.0,51,731,29830,1,45.57122039794922,9.159139633178713,9980
0.0,51,2892,96685,1,40.695560455322266,14.480850219726562,5900
0.0,51,609,21000,1,44.71540832519531,11.308300018310549,10900
0.0,51,366,15206,1,45.51256942749024,10.329010009765623,10850
0.0,51,3347,72000,1,45.78324890136719,12.488120079040527,6900
0.0,51,4018,118000,2,44.06312942504883,12.447010040283203,5100
0.0,51,456,17253,1,45.43610000610352,8.887869834899902,9890
0.0,51,2192,106000,1,40.56388854980469,17.33919906616211,7500
0.0,51,3865,120000,1,45.50054931640625,9.326600074768066,4500
0.0,51,1066,72076,1,45.53659057617188,10.232040405273438,8900
0.0,51,640,30323,1,41.10787963867188,14.208809852600098,9700
2.0,51,790,43100,1,45.33407974243164,11.376870155334473,9950
0.0,51,1858,35304,1,45.64609909057617,10.499159812927246,8000
2.0,51,3653,89000,1,45.43830108642578,10.991700172424316,6000
0.0,51,790,18300,1,41.57223892211914,13.33368968963623,9980
0.0,51,366,12950,1,44.512428283691406,11.128379821777344,10400
1.0,51,3804,114000,1,45.606971740722656,9.629229545593262,4500
0.0,73,4049,98000,1,38.2181282043457,15.240240097045898,5999
1.0,51,1005,15000,2,41.90322113037109,12.495650291442873,11000
0.0,51,3743,50432,1,45.06967926025391,7.704919815063477,6200
1.0,51,1066,29176,1,40.734840393066406,14.573419570922852,7950
0.0,51,3319,129000,1,43.8820686340332,11.100350379943848,5800
1.0,51,1278,27970,1,45.31705856323242,8.858699798583984,9400
0.0,51,3531,83000,1,40.63317108154297,17.63460922241211,5900
2.0,51,3927,140000,2,40.75593185424805,14.690190315246582,5200
0.0,51,762,20000,2,45.58409118652344,9.270959854125977,9900
0.0,51,821,26333,1,41.60960006713867,12.54716968536377,9800
0.0,51,1066,69916,1,45.57122039794922,9.159139633178713,8980
1.0,51,4018,95156,1,45.00070190429688,7.682270050048828,5900
0.0,51,487,56779,1,45.40943908691406,11.871709823608398,10500
1.0,51,3804,110000,1,45.776588439941406,12.047300338745115,3900
2.0,62,3074,112117,1,45.25228118896485,8.742609977722168,8900
0.0,51,762,22770,1,45.53266143798828,9.038920402526855,10900
0.0,51,1613,12400,1,45.45331954956055,10.409669876098633,10500
0.0,51,2131,59753,1,44.43400955200195,10.406539916992188,6900
1.0,51,4077,125000,1,43.758079528808594,11.184659957885742,4900
1.0,51,670,22000,1,45.05659866333008,9.701760292053224,10490
0.0,51,397,16653,1,41.83264923095703,12.752599716186523,9970
1.0,51,366,25955,1,45.467960357666016,9.181779861450195,10390
0.0,51,4230,130000,1,40.533050537109375,17.584449768066406,5100
0.0,51,2527,58247,1,45.06967926025391,7.704919815063477,8500
0.0,51,2162,66900,1,45.67483901977539,9.687859535217283,8500
0.0,51,397,16300,4,45.467960357666016,9.181779861450195,10200
0.0,51,366,9248,1,44.50482177734375,11.345179557800291,10000
0.0,51,731,19100,1,45.53868865966797,9.92831039428711,10200
1.0,51,790,52274,1,41.10787963867188,14.208809852600098,8500
0.0,51,397,15003,1,45.20227813720703,10.792929649353027,10850
0.0,51,640,34419,1,41.10787963867188,14.208809852600098,8900
0.0,51,762,15800,1,45.64250183105469,12.163619995117188,9800
0.0,51,487,2790,1,45.7669792175293,11.73840045928955,10400
1.0,51,3835,160000,1,45.57213973999024,9.768670082092283,5700
1.0,62,3347,80000,3,44.283878326416016,11.888139724731444,7900
1.0,51,701,16000,1,44.98873901367188,9.010499954223633,9190
1.0,51,1431,87770,1,44.50883865356445,11.469079971313477,7450
0.0,51,670,19956,1,45.4381103515625,12.31814956665039,9800
0.0,51,3743,105610,2,37.72787857055664,12.887470245361328,4900
1.0,51,1066,16000,1,45.76197052001953,11.436050415039062,9500
0.0,51,397,13988,1,45.35438919067383,11.86925983428955,10500
2.0,73,4049,76000,1,45.54800033569336,11.54946994781494,5600
0.0,51,2251,57688,2,45.73727035522461,11.389789581298828,8800
0.0,51,2343,94000,1,45.4381103515625,12.31814956665039,7400
0.0,51,2678,122000,1,41.11426162719727,16.48571014404297,5850
1.0,51,2131,40000,1,45.53200149536133,9.281530380249023,7300
0.0,51,670,38000,1,45.54597854614258,12.16055965423584,8900
0.0,51,366,14366,1,45.35776901245117,9.612210273742676,10850
0.0,51,3135,89000,1,46.16872024536133,12.707489967346191,6900
0.0,51,1583,97000,1,45.39566040039063,9.638270378112791,8700
0.0,51,456,22172,1,44.41175842285156,12.204059600830078,10900
0.0,51,1127,24000,1,40.357948303222656,18.16801071166992,10990
1.0,51,2313,19500,1,44.50482177734375,11.345179557800291,7900
0.0,62,1400,24936,1,41.90322113037109,12.495650291442873,8500
0.0,51,456,13900,1,44.06312942504883,12.447010040283203,10900
0.0,51,1096,50290,1,41.90322113037109,12.495650291442873,7100
1.0,51,2831,83000,1,46.49528121948242,11.353460311889648,6800
0.0,51,397,21276,1,45.35776901245117,9.612210273742676,10850
1.0,51,1886,11000,1,44.813751220703125,7.2453999519348145,10500
0.0,51,2861,126000,1,43.84197998046875,10.515310287475586,5500
0.0,51,3623,97000,1,45.467960357666016,9.181779861450195,5300
1.0,51,2769,72784,1,40.797271728515625,14.543609619140623,9890
1.0,51,397,15000,1,41.90322113037109,12.495650291442873,9970
1.0,51,366,18818,1,45.02238845825195,7.586019992828369,8990
0.0,51,609,44208,1,41.10787963867188,14.208809852600098,9500
0.0,51,670,32129,1,41.10787963867188,14.208809852600098,9400
0.0,51,1066,70458,1,45.53659057617188,10.232040405273438,8900
0.0,51,3227,142000,1,44.2943000793457,9.674440383911133,4900
0.0,51,1005,47800,1,41.46273040771485,12.905280113220217,10300
0.0,51,670,42329,1,41.10787963867188,14.208809852600098,9400
0.0,51,397,11997,1,41.08335113525391,16.778589248657227,9999
0.0,51,1644,58243,1,45.4381103515625,12.31814956665039,9300
0.0,51,701,58231,1,45.02238845825195,7.586019992828369,7900
0.0,51,670,35804,1,41.10787963867188,14.208809852600098,8900
2.0,73,4414,104269,2,40.40106964111328,15.592869758605955,4999
1.0,51,3988,103000,1,45.53266143798828,9.038920402526855,5700
1.0,51,1736,50059,1,41.90322113037109,12.495650291442873,7350
0.0,51,1552,36500,1,44.388221740722656,7.548329830169678,9900
0.0,62,2496,80000,1,46.79561233520508,11.939164161682127,7400
0.0,51,3166,72185,1,45.76396942138672,9.106980323791504,6500
0.0,74,4230,176000,1,42.920440673828125,13.833550453186035,4990
0.0,74,3957,235000,1,45.96493148803711,12.644530296325684,5700
0.0,51,1247,39600,1,41.90322113037109,12.495650291442873,8500
0.0,51,1066,69873,1,45.53659057617188,10.232040405273438,8900
1.0,51,670,17000,1,45.64250183105469,12.163619995117188,10499
0.0,51,943,25006,1,45.60054016113281,7.796450138092041,10900
2.0,51,4292,165600,1,44.71540832519531,11.308300018310549,5950
1.0,62,1797,32000,1,40.91109085083008,14.39820957183838,10500
0.0,51,670,29000,1,45.40507125854492,9.927339553833008,9900
1.0,51,1858,33000,1,45.61695861816406,9.422280311584473,9800
0.0,51,456,21907,1,45.39360046386719,10.482239723205566,10900
0.0,51,1247,27464,1,45.61695861816406,9.422280311584473,8200
1.0,62,1066,34464,1,43.782371520996094,11.254989624023438,7500
0.0,51,731,33070,2,41.10787963867188,14.208809852600098,10900
0.0,51,425,24500,1,45.4381103515625,12.31814956665039,10100
0.0,51,1492,56779,1,45.25130844116211,10.668700218200684,10900
0.0,51,670,52400,1,43.25386047363281,11.816149711608888,8800
1.0,51,731,33961,1,45.65993118286133,8.792559623718262,10200
0.0,51,852,53742,1,44.283878326416016,11.888139724731444,9290
1.0,74,3623,70225,1,45.00070190429688,7.682270050048828,7900
0.0,51,366,17000,1,44.2943000793457,9.674440383911133,10500
0.0,51,397,15999,1,45.36685943603516,10.218480110168455,9999
0.0,51,4200,110000,1,41.90322113037109,12.495650291442873,4999
0.0,51,790,39162,2,45.467960357666016,9.181779861450195,9990
1.0,51,790,42259,1,40.871429443359375,14.438960075378418,8300
2.0,51,2588,51000,1,45.53659057617188,10.232040405273438,7900
0.0,51,1431,38000,1,45.21540832519531,7.633669853210449,9900
0.0,51,1096,16876,1,43.06753158569336,12.551549911499023,10500
0.0,51,456,21000,1,45.74602127075195,9.049969673156738,10900
0.0,51,640,32033,2,44.283878326416016,11.888139724731444,9790
0.0,51,397,14994,1,45.35776901245117,9.612210273742676,10950
0.0,51,762,15917,1,40.930850982666016,14.528599739074709,9900
0.0,51,2192,78000,1,45.59859848022461,9.164039611816406,7990
0.0,51,3988,107375,1,41.37656021118164,14.076299667358398,5800
0.0,51,670,36458,1,41.10787963867188,14.208809852600098,9400
0.0,51,1797,48500,1,45.50133895874024,9.02571964263916,7500
0.0,51,1370,27512,1,45.62984848022461,9.15511989593506,9490
0.0,51,790,26210,1,41.90322113037109,12.495650291442873,8750
0.0,51,1521,55886,1,40.8588981628418,14.357190132141112,8500
0.0,51,762,33435,1,41.10787963867188,14.208809852600098,10900
0.0,51,425,16518,1,44.39997100830078,8.274499893188477,11000
1.0,51,2070,97677,1,42.514408111572266,14.147709846496582,7790
0.0,51,3835,100000,1,45.40547180175781,10.278289794921877,5200
1.0,51,790,38718,1,43.782371520996094,11.254989624023438,10450
0.0,51,762,36112,1,41.8029899597168,12.59893035888672,8980
2.0,51,517,43000,1,45.53659057617188,10.232040405273438,10800
0.0,51,456,19834,1,41.90322113037109,12.495650291442873,9100
0.0,51,548,9700,1,41.77008056640625,12.227109909057615,10900
0.0,51,397,11997,1,43.782371520996094,11.254989624023438,9999
2.0,51,3712,115280,1,45.06967926025391,7.704919815063477,5200
1.0,51,1400,25315,1,45.06967926025391,7.704919815063477,8200
0.0,51,762,36448,1,45.57122039794922,9.159139633178713,8980
1.0,51,4353,104000,1,45.63330841064453,9.587340354919434,4300
0.0,51,731,23000,1,44.138370513916016,12.23882007598877,9950
2.0,73,4658,119000,1,44.8383903503418,11.619440078735352,4299
1.0,51,2831,56779,4,41.90322113037109,12.495650291442873,7500
1.0,51,1066,65415,3,41.10787963867188,14.208809852600098,7900
0.0,51,3319,51034,1,41.90322113037109,12.495650291442873,8300
0.0,51,2496,83000,1,41.11426162719727,16.48571014404297,6900
0.0,51,3258,49204,1,43.78451156616211,10.924659729003906,6900
0.0,51,2557,81247,1,45.28242111206055,9.931300163269045,7500
0.0,51,425,17375,1,45.20227813720703,10.792929649353027,10950
2.0,74,4322,170000,1,45.55812072753906,9.21360969543457,4900
0.0,51,790,15000,1,45.58409118652344,9.270959854125977,9900
0.0,74,4596,121000,1,43.06753158569336,12.551549911499023,5500
1.0,51,1461,91055,3,44.50883865356445,11.469079971313477,7450
0.0,73,4596,220000,2,40.9764518737793,14.172280311584473,3850
1.0,51,4139,35151,1,40.84014129638672,14.252260208129885,6699
0.0,51,397,17912,1,41.83264923095703,12.752599716186523,9970
1.0,51,2251,90000,2,45.783668518066406,8.967240333557129,6400
0.0,51,4414,109381,1,43.817020416259766,10.682849884033203,5800
0.0,51,2070,114000,1,45.53659057617188,10.232040405273438,7000
0.0,51,366,20451,1,45.35776901245117,9.612210273742676,10850
0.0,51,1492,50400,1,43.06753158569336,12.551549911499023,9500
0.0,51,1035,8000,1,44.50608825683594,12.044170379638672,10600
2.0,51,701,39162,1,45.57122039794922,9.159139633178713,9780
1.0,51,3409,118000,1,44.0937385559082,12.39601993560791,5500
0.0,51,762,8500,1,44.69252014160156,10.103960037231444,10800
0.0,51,2831,134000,1,40.95566940307617,14.531410217285156,5800
0.0,51,397,17250,1,41.90322113037109,12.495650291442873,10050
0.0,51,1186,34000,1,40.81591033935547,14.57960033416748,8499
0.0,51,425,15380,1,45.06967926025391,7.704919815063477,10500
2.0,51,821,29000,1,41.74177932739258,12.644180297851562,8500
0.0,51,1035,15000,1,41.90322113037109,12.495650291442873,10990
0.0,51,366,12372,1,38.9144401550293,16.584360122680664,10465
0.0,51,425,16783,1,41.90322113037109,12.495650291442873,9100
2.0,51,4322,95000,1,40.92850112915039,14.203669548034668,4500
1.0,51,1186,58000,1,44.79853057861328,10.34022045135498,8900
1.0,51,2404,80613,2,41.90322113037109,12.495650291442873,6900
1.0,51,821,13000,1,45.39566040039063,9.638270378112791,9900
0.0,51,762,36448,1,40.7522087097168,14.453410148620604,8579
0.0,51,762,13590,1,44.50482177734375,11.345179557800291,10500
0.0,51,3013,76000,2,40.41302108764648,16.69087028503418,6900
0.0,51,456,14000,1,40.84014129638672,14.252260208129885,9499
2.0,51,4474,88578,1,40.357948303222656,18.16801071166992,5790
0.0,51,2435,81631,1,45.8255615234375,12.209790229797363,7400
1.0,51,790,39144,1,45.70724868774414,11.47760009765625,9700
0.0,51,1096,64944,1,41.90322113037109,12.495650291442873,7100
1.0,51,3500,105026,1,40.357948303222656,18.16801071166992,5490
0.0,51,397,13988,1,45.70724868774414,11.47760009765625,10500
1.0,51,1461,94485,1,44.50883865356445,11.469079971313477,7450
0.0,51,2251,87000,1,45.06967926025391,7.704919815063477,5990
1.0,51,1886,33530,1,40.99216079711914,14.213930130004885,7300
0.0,51,790,19133,1,45.74602127075195,9.049969673156738,9850
1.0,51,1431,22700,1,41.90322113037109,12.495650291442873,8900
0.0,51,2374,100000,1,40.92850112915039,14.203669548034668,5900
1.0,51,2192,53300,1,40.60953140258789,14.98093032836914,7900
0.0,51,701,34233,1,41.10787963867188,14.208809852600098,9400
0.0,51,366,9248,1,40.9952507019043,17.219160079956055,10000
0.0,51,701,39207,1,41.10787963867188,14.208809852600098,8900
0.0,51,762,18800,1,45.53868865966797,9.92831039428711,9700
0.0,51,2739,93000,1,45.74077987670898,9.581009864807127,8800
0.0,51,701,39024,1,41.10787963867188,14.208809852600098,9400
0.0,51,701,28975,1,45.35438919067383,11.86925983428955,9700
0.0,51,3835,96700,1,41.46273040771485,12.905280113220217,6300
1.0,51,1431,38800,1,44.90724182128906,8.611559867858887,7800
0.0,51,762,16000,1,41.90322113037109,12.495650291442873,8990
1.0,51,670,9000,1,44.98873901367188,9.010499954223633,11090
0.0,51,821,10800,1,45.64250183105469,12.163619995117188,9800
1.0,51,670,17000,1,45.4381103515625,12.31814956665039,10499
0.0,51,762,28200,1,45.33407974243164,11.376870155334473,10250
0.0,51,701,10000,1,43.84197998046875,10.515310287475586,9800
1.0,51,366,19000,1,45.495418548583984,12.156490325927734,8990
0.0,51,3684,134000,1,44.50482177734375,11.345179557800291,5500
1.0,51,2192,69000,1,41.46273040771485,12.905280113220217,6900
0.0,51,821,27640,1,41.90322113037109,12.495650291442873,10400
0.0,51,3288,61973,1,45.4381103515625,12.31814956665039,7950
0.0,51,366,71200,1,44.03533172607422,10.139490127563477,8900
0.0,62,3013,73799,1,42.74776077270508,13.888019561767578,5500
0.0,51,1127,29500,1,43.89019012451172,10.333319664001465,9700
1.0,51,1278,41000,1,40.74824142456055,14.528349876403809,7799
1.0,51,3227,48000,1,45.07133102416992,7.515940189361572,8500
1.0,51,1766,80000,1,42.10237121582031,12.176400184631348,7500
0.0,51,2223,58000,1,40.8872184753418,14.713919639587402,6500
0.0,51,762,16000,2,44.55202865600586,7.7258100509643555,9850
0.0,51,425,19570,1,45.68352890014648,11.95294952392578,10500
0.0,51,1005,28000,1,44.0937385559082,12.39601993560791,9800
0.0,51,1155,40700,1,42.14385986328125,12.540160179138184,8750
0.0,51,640,32970,1,41.10787963867188,14.208809852600098,9400
0.0,51,397,13105,1,45.35438919067383,11.86925983428955,10500
0.0,51,640,31277,1,41.90322113037109,12.495650291442873,9500
0.0,51,4049,104300,1,44.90724182128906,8.611559867858887,6800
1.0,51,2131,90000,1,41.90322113037109,12.495650291442873,6500
1.0,51,2739,84000,1,45.42673110961914,9.064720153808594,7300
0.0,51,3562,80646,1,41.90322113037109,12.495650291442873,6800
0.0,51,397,16053,1,38.1220703125,13.361120223999023,10500
0.0,51,731,26521,1,42.10424041748047,13.602458953857422,10500
0.0,51,790,38974,1,43.782371520996094,11.254989624023438,9450
0.0,51,640,39414,1,41.10787963867188,14.208809852600098,8900
1.0,51,2647,62000,1,41.90322113037109,12.495650291442873,6500
0.0,51,790,34963,1,45.70724868774414,11.47760009765625,9700
0.0,51,670,30357,1,45.60982894897461,9.147000312805176,9990
2.0,51,1858,65000,1,40.6372299194336,15.79928970336914,10490
0.0,51,425,15817,1,41.90322113037109,12.495650291442873,10800
1.0,51,1552,54000,1,43.46353912353516,11.877650260925291,11000
0.0,51,456,17253,1,45.77669143676758,9.065250396728516,9890
0.0,51,1858,12000,2,40.87839126586914,14.14029026031494,10500
0.0,51,3105,99999,1,40.94717025756836,14.372540473937988,6500
1.0,51,1066,80800,1,37.23033905029297,14.52340030670166,7990
0.0,62,3347,70340,1,40.74824142456055,14.528349876403809,6990
0.0,51,762,17800,1,40.85470962524414,14.379210472106934,10500
0.0,62,2769,59216,1,43.782371520996094,11.254989624023438,6990
1.0,51,1827,47000,2,40.40106964111328,15.592869758605955,6990
0.0,51,1005,51000,1,40.91136169433594,14.211199760437012,8799
1.0,51,3500,160000,1,46.13788986206055,11.11398983001709,6250
1.0,51,2496,89000,1,40.66714096069336,16.604450225830078,8800
0.0,51,790,27595,2,45.68825912475586,8.731450080871582,10200
1.0,51,790,32130,1,37.51858139038086,15.007109642028809,10900
0.0,51,762,39000,1,45.05659866333008,9.701760292053224,10200
0.0,51,366,9248,1,38.1220703125,13.361120223999023,10000
1.0,51,1066,53100,1,38.1220703125,13.361120223999023,8900
1.0,51,790,36060,1,45.467960357666016,9.181779861450195,9990
0.0,51,609,47989,1,41.10787963867188,14.208809852600098,9800
0.0,51,731,12000,1,45.02238845825195,7.586019992828369,9980
0.0,73,2496,69000,1,45.50944900512695,9.088700294494627,6800
0.0,51,670,33000,1,42.28702926635742,12.407540321350098,10490
1.0,51,4322,120000,1,40.67237854003906,14.728219985961914,4900
0.0,51,2527,117000,2,45.783668518066406,8.967240333557129,7885
0.0,51,640,30954,1,41.10787963867188,14.208809852600098,9400
2.0,51,609,35000,1,45.65016174316406,9.20518970489502,10500
0.0,51,640,34992,4,41.10787963867188,14.208809852600098,9400
0.0,51,2496,60000,2,40.85470962524414,14.379210472106934,6490
1.0,51,397,17500,1,42.104679107666016,14.705989837646484,9800
1.0,51,2343,82000,1,45.606971740722656,9.629229545593262,6490
2.0,51,790,30000,1,45.06967926025391,7.704919815063477,10690
0.0,51,3197,72900,1,45.43244934082031,9.109580039978027,8500
0.0,51,670,5140,1,44.90724182128906,8.611559867858887,9500
0.0,51,762,10400,1,44.90724182128906,8.611559867858887,9900
0.0,51,1583,14900,1,45.06967926025391,7.704919815063477,9990
0.0,51,3835,123892,1,45.35438919067383,11.86925983428955,6500
0.0,51,487,18337,1,39.33176040649414,16.18132972717285,10500
0.0,51,790,18156,1,40.67348098754883,14.771249771118164,10500
0.0,51,762,20000,1,43.95793151855469,11.386190414428713,9400
1.0,51,1492,83063,1,44.50883865356445,11.469079971313477,7450
1.0,51,731,17400,1,44.00981140136719,10.590370178222656,10800
0.0,51,425,15000,2,44.55202865600586,7.7258100509643555,10950
0.0,51,2527,25191,1,41.90322113037109,12.495650291442873,8800
1.0,51,4474,119000,2,45.65637969970703,9.50508975982666,4700
1.0,51,2374,110000,1,44.69559097290039,10.641249656677246,6599
0.0,51,1155,55000,1,40.658321380615234,17.70716094970703,8400
0.0,51,366,7200,1,41.90322113037109,12.495650291442873,10500
0.0,51,2861,23500,2,45.40943908691406,11.871709823608398,8200
0.0,51,790,24000,1,45.4381103515625,12.31814956665039,9800
0.0,51,366,13105,1,45.74074172973633,12.232669830322266,10950
0.0,51,3105,119767,1,43.25386047363281,11.816149711608888,5800
0.0,51,456,9097,1,45.81475067138672,8.830129623413086,10700
0.0,51,397,15628,1,45.51256942749024,10.329010009765623,10850
0.0,51,762,22020,1,46.07004928588867,11.11925983428955,9900
0.0,51,2374,75900,1,46.17649841308594,9.90367031097412,8500
0.0,51,456,13000,1,45.9605712890625,8.449370384216309,10490
0.0,51,762,36448,1,41.8029899597168,12.59893035888672,8580
0.0,51,1066,66000,1,43.34375,11.921210289001465,9000
0.0,51,1186,14500,1,41.90322113037109,12.495650291442873,10990
0.0,51,3288,84318,1,43.782371520996094,11.254989624023438,6450
0.0,51,578,32057,1,43.782371520996094,11.254989624023438,9600
0.0,51,456,16971,1,45.39360046386719,10.482239723205566,10900
0.0,51,670,40000,1,41.90322113037109,12.495650291442873,9970
0.0,51,701,22794,3,41.10787963867188,14.208809852600098,9600
0.0,51,670,43814,1,41.10787963867188,14.208809852600098,9400
0.0,51,1917,126426,1,41.76905059814453,12.66281032562256,6500
0.0,51,943,15748,1,43.06753158569336,12.551549911499023,10700
0.0,51,821,29370,1,41.90322113037109,12.495650291442873,10400
0.0,51,790,18700,1,41.57223892211914,13.33368968963623,9900
0.0,51,456,18253,1,45.39360046386719,10.482239723205566,10900
0.0,51,456,18592,2,45.39360046386719,10.482239723205566,10900
0.0,51,1127,21400,1,44.3325309753418,7.545919895172119,9500
0.0,51,640,23951,2,44.283878326416016,11.888139724731444,9790
1.0,51,2982,89000,1,45.60953140258789,10.208569526672363,6400
0.0,51,790,23040,2,41.90322113037109,12.495650291442873,8000
1.0,51,1917,52008,1,45.54800033569336,11.54946994781494,9900
0.0,51,3835,100000,1,44.71783828735352,8.287130355834961,5200
1.0,51,2343,39900,1,45.51256942749024,10.329010009765623,7900
0.0,51,4383,135762,1,43.879859924316406,10.78281021118164,3390
1.0,51,2496,99510,1,44.50883865356445,11.469079971313477,6500
1.0,51,1858,57500,1,45.7669792175293,11.73840045928955,7500
0.0,51,4383,125000,1,40.83581161499024,14.504409790039062,4690
0.0,51,701,14500,1,45.4381103515625,12.31814956665039,10000
0.0,51,670,35872,1,41.10787963867188,14.208809852600098,9400
0.0,51,3378,130000,1,45.743499755859375,11.653559684753418,6100
2.0,51,3258,120000,1,46.03120040893555,9.2083101272583,5300
0.0,51,1035,45000,1,41.90322113037109,12.495650291442873,10500
0.0,51,701,29000,1,36.855838775634766,14.760470390319824,10700
2.0,51,3988,175000,1,45.70122909545898,8.812990188598633,4800
0.0,51,790,33597,1,45.467960357666016,9.181779861450195,9790
0.0,51,2527,136626,1,41.64091873168945,13.350500106811523,7000
1.0,51,4018,96000,2,44.2943000793457,9.674440383911133,5700
0.0,51,397,13980,2,45.46580123901367,8.886409759521484,9980
0.0,51,4322,116210,1,45.783668518066406,8.967240333557129,6250
1.0,51,1186,32500,1,45.66635894775391,12.24188995361328,8800
1.0,51,790,39461,1,40.926490783691406,14.476420402526855,10800
2.0,51,4261,105000,1,45.69655990600586,9.064319610595703,4900
1.0,51,1400,49000,1,45.60689163208008,9.30661964416504,8200
1.0,51,366,19455,1,45.51256942749024,10.329010009765623,9500
1.0,51,1827,46000,1,45.66292953491211,11.60243034362793,7800
0.0,51,974,40000,1,45.28242111206055,9.931300163269045,9950
0.0,51,3743,56600,1,45.423248291015625,9.115189552307127,5600
0.0,51,3623,87166,1,44.39997100830078,8.274499893188477,5600
1.0,51,1370,106074,1,44.50883865356445,11.469079971313477,7450
2.0,73,4292,172000,1,41.90322113037109,12.495650291442873,4500
1.0,51,2343,95000,1,45.33407974243164,11.376870155334473,7900
0.0,51,397,18631,1,45.51256942749024,10.329010009765623,10850
1.0,51,366,19000,1,45.495418548583984,12.156490325927734,10490
1.0,51,366,16380,1,40.926490783691406,14.476420402526855,9950
0.0,51,640,5591,1,45.40943908691406,11.871709823608398,10500
0.0,51,2192,66000,1,40.84014129638672,14.252260208129885,6999
0.0,51,670,28000,1,45.05659866333008,9.701760292053224,10200
0.0,51,821,14630,1,44.0937385559082,12.39601993560791,10900
1.0,51,4414,119000,1,45.50133895874024,9.02571964263916,4490
0.0,62,3227,79000,1,40.96617889404297,17.116479873657227,8500
1.0,51,2557,52000,1,40.696720123291016,14.519160270690918,6900
1.0,51,2616,122000,1,45.66228103637695,9.63129997253418,5900
0.0,51,701,19000,1,41.26411056518555,13.744990348815918,10000
0.0,51,2678,93000,1,45.13882064819336,9.054120063781738,5900
1.0,51,366,11200,1,45.54597854614258,12.16055965423584,9490
1.0,51,2343,97000,1,40.92850112915039,14.203669548034668,5999
1.0,51,2739,91000,1,45.69655990600586,9.064319610595703,7800
0.0,51,4658,56779,2,45.25130844116211,10.668700218200684,10900
0.0,51,1521,46980,1,45.74602127075195,9.049969673156738,8600
1.0,51,1858,69683,1,41.90322113037109,12.495650291442873,8500
0.0,51,821,29520,1,41.90322113037109,12.495650291442873,10400
0.0,51,762,18000,1,46.13788986206055,11.11398983001709,10450
0.0,51,1066,73589,1,45.53659057617188,10.232040405273438,8900
1.0,51,3197,98000,1,45.4381103515625,12.31814956665039,5900
0.0,51,3500,106000,1,41.27293014526367,16.41847038269043,5600
0.0,51,1066,59961,1,41.8029899597168,12.59893035888672,7480
1.0,51,4139,136000,1,41.11426162719727,16.48571014404297,4100
0.0,51,3684,97000,1,45.95497131347656,12.842920303344728,6500
0.0,51,397,20450,1,45.4381103515625,12.31814956665039,10800
0.0,51,2466,47524,1,45.06967926025391,7.704919815063477,7950
0.0,51,609,8377,1,45.61869812011719,8.947460174560547,10870
0.0,51,456,15344,1,45.77669143676758,9.065250396728516,9890
1.0,51,1766,54276,1,40.32341003417969,17.568269729614258,7900
0.0,51,1400,21000,1,41.8029899597168,12.59893035888672,9590
0.0,51,2466,78000,1,43.46353912353516,11.877650260925291,7900
0.0,51,1066,69916,1,40.7522087097168,14.453410148620604,8979
0.0,51,397,13017,1,41.90322113037109,12.495650291442873,9550
0.0,51,670,30000,1,45.7646484375,8.994500160217285,10800
1.0,62,2101,103000,1,45.79785919189453,8.644439697265625,7900
0.0,51,1766,29400,2,41.74177932739258,12.644180297851562,7300
1.0,51,1127,50000,1,41.90322113037109,12.495650291442873,8250
0.0,51,821,26390,1,41.90322113037109,12.495650291442873,10500
1.0,51,2374,54198,1,45.3120002746582,9.497010231018066,7800
1.0,51,701,47600,1,41.823089599609375,12.802209854125977,8500
1.0,51,1492,91232,1,44.50883865356445,11.469079971313477,7450
0.0,51,3623,109000,1,45.65637969970703,9.50508975982666,5990
1.0,51,366,11203,1,45.05659866333008,9.701760292053224,9900
0.0,51,701,34027,1,44.71540832519531,11.308300018310549,10500
0.0,51,1155,53000,1,45.467960357666016,9.181779861450195,9990
0.0,51,425,11416,1,41.90322113037109,12.495650291442873,11000
1.0,51,578,17000,1,41.76905059814453,12.66281032562256,10500
1.0,51,366,19637,1,45.4381103515625,12.31814956665039,9800
1.0,51,1858,108650,1,45.67927932739258,9.237190246582031,6790
0.0,51,1370,55600,1,40.33591842651367,15.337140083312988,9300
0.0,51,701,43379,1,45.58409118652344,9.270959854125977,9850
0.0,51,3197,114500,1,46.07004928588867,11.11925983428955,7790
0.0,51,1247,75000,1,41.68379974365234,12.77451992034912,8000
0.0,51,366,18590,1,40.39588928222656,18.129779815673828,10900
0.0,51,2070,85134,1,45.06967926025391,7.704919815063477,6900
0.0,51,2982,127000,1,45.51205062866211,10.427009582519531,5450
0.0,51,3258,100000,2,40.8213996887207,14.122380256652832,6490
0.0,51,578,21500,1,43.965850830078125,12.602080345153809,9500
0.0,51,1431,81900,1,44.138370513916016,12.23882007598877,10000
0.0,62,3197,72247,1,45.53659057617188,10.232040405273438,7500
0.0,51,640,28548,1,41.10787963867188,14.208809852600098,9400
1.0,51,1127,68523,1,45.57122039794922,9.159139633178713,8250
2.0,51,4049,98000,1,41.90322113037109,12.495650291442873,5500
0.0,51,731,9600,1,40.66714096069336,16.604450225830078,10500
0.0,51,456,14970,1,45.81475067138672,8.830129623413086,10700
2.0,51,3592,99180,1,43.623329162597656,11.463540077209473,6700
1.0,51,4322,120000,1,40.734840393066406,14.573419570922852,4399
0.0,51,397,15465,1,45.46580123901367,8.886409759521484,9980
2.0,51,3258,98660,1,40.74824142456055,14.528349876403809,6290
2.0,51,2739,77149,3,44.75489044189453,8.031900405883789,7800
2.0,73,4322,128000,1,45.06967926025391,7.704919815063477,4400
0.0,51,425,20030,1,45.35438919067383,11.86925983428955,10500
0.0,51,517,9150,1,44.41175842285156,12.204059600830078,10600
0.0,51,762,36993,1,41.90322113037109,12.495650291442873,8980
2.0,74,3896,157000,2,45.165409088134766,10.792420387268066,4900
0.0,51,2466,127000,1,44.138370513916016,12.23882007598877,6300
1.0,51,1186,24651,1,41.90322113037109,12.495650291442873,9300
0.0,51,1370,64658,1,45.75424957275391,9.312749862670898,9435
0.0,51,670,28181,1,45.60982894897461,9.147000312805176,9990
0.0,51,731,33665,1,41.8029899597168,12.59893035888672,9980
1.0,51,609,28500,1,45.74602127075195,9.049969673156738,10900
1.0,77,2435,28000,1,45.95497131347656,12.842920303344728,7999
0.0,51,790,22000,1,45.58409118652344,9.270959854125977,9900
0.0,51,2466,83490,3,43.529029846191406,12.16218376159668,6490
1.0,51,701,40000,1,45.77859115600586,8.946249961853027,8000
0.0,51,366,13269,1,45.4381103515625,12.31814956665039,10800
0.0,51,456,11998,1,39.29122161865234,16.252513885498047,9590
0.0,51,2039,50000,1,45.43830108642578,10.991700172424316,8000
0.0,51,425,20066,1,45.72071838378906,7.321430206298828,10950
0.0,51,425,19909,1,45.72071838378906,7.321430206298828,10950
1.0,51,4139,98405,1,40.91917037963867,14.1533203125,4490
1.0,51,3592,149000,1,45.44424057006836,8.987319946289062,4299
1.0,51,3896,60000,1,45.62141036987305,12.45398998260498,4900
0.0,51,1461,46108,1,41.90322113037109,12.495650291442873,8000
1.0,51,3592,124000,1,40.96617889404297,17.116479873657227,6800
0.0,51,762,19785,1,45.35438919067383,11.86925983428955,9500
0.0,51,1521,21381,1,45.59614944458008,8.915809631347656,10600
0.0,51,2739,160000,1,40.63317108154297,17.63460922241211,6000
0.0,51,821,28000,1,45.64572143554688,11.78437042236328,9900
0.0,51,1035,33000,1,41.66950988769531,12.502229690551758,9999
0.0,51,425,15784,1,41.90322113037109,12.495650291442873,10800
1.0,51,1066,46000,2,45.00690078735352,7.541729927062988,8450
0.0,51,2831,26000,1,44.69559097290039,10.641249656677246,7450
0.0,51,3774,106000,2,42.34614944458008,14.401610374450684,6300
2.0,73,4108,129000,1,45.16025161743164,9.137539863586426,4000
0.0,51,3197,85373,1,45.06312942504883,7.5767998695373535,5900
0.0,51,456,14800,1,44.06312942504883,12.447010040283203,10900
0.0,51,762,36463,1,41.10787963867188,14.208809852600098,10900
0.0,51,425,19046,1,45.68352890014648,11.95294952392578,10500
0.0,51,1886,59800,1,45.78324890136719,12.488120079040527,7900
0.0,51,790,40000,1,45.58409118652344,9.270959854125977,9900
0.0,51,670,30000,1,45.7646484375,8.994500160217285,10800
0.0,51,821,30510,1,41.90322113037109,12.495650291442873,10400
1.0,51,366,5870,1,41.90322113037109,12.495650291442873,10999
0.0,51,762,12161,1,37.51858139038086,15.007109642028809,10800
0.0,51,4169,99477,2,40.55056381225586,14.225625038146973,5900
0.0,51,2922,100000,1,44.53776931762695,10.816360473632812,6999
0.0,51,762,29000,2,45.7646484375,8.994500160217285,10500
0.0,51,762,9900,1,45.70759963989258,8.911669731140137,10950
2.0,62,3044,98000,1,45.70610046386719,11.80737018585205,6000
0.0,51,790,34629,1,45.467960357666016,9.181779861450195,10490
0.0,51,1035,40000,1,41.90322113037109,12.495650291442873,8900
0.0,51,640,40600,1,43.06753158569336,12.551549911499023,10800
0.0,51,2953,121000,1,41.823089599609375,12.802209854125977,7495
0.0,51,1066,71107,1,45.53659057617188,10.232040405273438,8900
0.0,51,1886,51786,1,40.7841911315918,14.369669914245604,7990
0.0,51,3865,72000,1,45.67340087890625,9.92689037322998,7800
0.0,51,701,42095,1,41.10787963867188,14.208809852600098,8900
0.0,51,3258,155000,1,43.33272171020508,11.719329833984377,6500
2.0,51,4018,102000,1,41.35784912109375,13.424630165100098,6500
0.0,51,670,36832,1,41.10787963867188,14.208809852600098,8900
0.0,51,3835,124000,1,45.69522857666016,9.669509887695312,5200
0.0,51,1096,15000,1,44.99895095825195,9.103429794311523,9490
0.0,51,456,17000,2,44.06312942504883,12.447010040283203,10900
0.0,51,3074,103000,1,45.467960357666016,9.181779861450195,6900
0.0,51,670,15214,1,37.607948303222656,12.96685028076172,10800
0.0,51,366,17500,1,45.06967926025391,7.704919815063477,10990
1.0,51,1035,64000,1,46.45465850830078,11.262660026550291,8250
1.0,51,2009,58644,1,40.74824142456055,14.528349876403809,7390
0.0,51,366,9248,1,40.8213996887207,14.122380256652832,10000
0.0,51,4018,102841,1,38.222938537597656,15.38008975982666,6000
0.0,51,1886,56500,1,45.467960357666016,9.181779861450195,8500
1.0,51,3227,73000,1,38.1220703125,13.361120223999023,7490
1.0,51,2466,52200,1,46.49528121948242,11.353460311889648,8900
0.0,51,852,30000,1,45.38516998291016,12.008090019226074,9800
1.0,63,2009,100000,1,45.31818008422852,9.105690002441406,7500
0.0,51,456,15344,1,45.43610000610352,8.887869834899902,9890
0.0,51,397,15341,1,45.35776901245117,9.612210273742676,10950
0.0,51,1066,69916,4,45.57122039794922,9.159139633178713,8980
0.0,51,3074,116000,1,45.47908020019531,8.819459915161133,5800
0.0,51,4169,56000,1,45.467960357666016,9.181779861450195,5900
0.0,51,640,33630,1,44.71540832519531,11.308300018310549,10500
0.0,51,2039,49000,1,41.90322113037109,12.495650291442873,7500
0.0,51,3013,143000,1,45.73326110839844,8.453169822692871,6500
0.0,51,731,33665,1,41.90322113037109,12.495650291442873,9980
1.0,51,670,45400,1,43.88188934326172,10.802350044250488,10500
1.0,51,1797,23400,1,45.66292953491211,11.60243034362793,7800
1.0,51,1066,64500,1,45.56040954589844,8.05978012084961,7900
1.0,51,1461,87066,1,44.50883865356445,11.469079971313477,7450
0.0,51,4200,97000,1,45.40943908691406,11.871709823608398,4700
1.0,51,1066,65000,1,45.55258941650391,10.77200984954834,8300
0.0,51,1400,58684,3,45.68825912475586,8.731450080871582,8900
1.0,51,1766,55519,1,45.12158966064453,7.8155198097229,8700
0.0,51,425,13111,1,45.02238845825195,7.586019992828369,9990
0.0,74,3835,112000,1,45.8456916809082,8.6668701171875,4600
0.0,51,790,34000,1,44.98553085327149,7.870960235595703,10500
0.0,51,821,17185,1,38.1220703125,13.361120223999023,10500
1.0,51,701,42000,1,45.67449188232422,12.155400276184082,8450
0.0,51,670,14475,3,41.10787963867188,14.208809852600098,9700
0.0,51,1431,30200,1,44.50482177734375,11.345179557800291,9900
0.0,51,821,21877,2,46.17649841308594,9.90367031097412,10800
0.0,51,3743,189000,1,41.74177932739258,12.644180297851562,3990
0.0,51,397,18183,1,41.83264923095703,12.752599716186523,9970
1.0,51,762,18000,1,41.90322113037109,12.495650291442873,8399
1.0,51,2527,108000,1,37.51136016845703,15.067520141601562,6800
0.0,51,397,16643,1,41.83264923095703,12.752599716186523,9970
0.0,51,3470,78000,1,40.92850112915039,14.203669548034668,6000
0.0,51,1858,81042,1,40.74824142456055,14.528349876403809,8990
0.0,51,731,20025,1,41.68928146362305,13.254940032958984,9900
0.0,51,762,22000,1,44.98873901367188,9.010499954223633,9790
0.0,51,701,19000,1,40.734840393066406,14.573419570922852,9499
0.0,51,397,22775,2,45.46580123901367,8.886409759521484,9980
1.0,51,3653,85000,1,45.606971740722656,9.629229545593262,4990
1.0,73,3074,106880,1,41.90322113037109,12.495650291442873,5700
0.0,51,2251,32000,1,45.82658004760742,10.097169876098633,8600
0.0,51,790,39916,1,40.7522087097168,14.453410148620604,10279
1.0,51,1186,42900,1,39.21453857421875,9.11048984527588,9900
0.0,62,3013,90000,1,45.06967926025391,7.704919815063477,7300
0.0,51,701,25000,1,44.98873901367188,9.010499954223633,9790
0.0,51,397,17590,1,41.83264923095703,12.752599716186523,9970
1.0,51,3835,128000,1,45.7646484375,8.994500160217285,4900
0.0,51,701,42290,1,45.02238845825195,7.586019992828369,8400
0.0,51,366,9218,1,45.4381103515625,12.31814956665039,10800
1.0,51,2313,106905,1,45.320011138916016,10.578590393066406,6990
1.0,51,2039,57039,1,40.74824142456055,14.528349876403809,7590
1.0,51,790,44687,1,41.10787963867188,14.208809852600098,8800
0.0,51,701,25656,2,41.10787963867188,14.208809852600098,9400
0.0,51,4230,103518,1,45.4381103515625,12.31814956665039,4500
1.0,51,1644,41195,1,41.90322113037109,12.495650291442873,8500
0.0,51,762,41110,1,42.10424041748047,13.602458953857422,10300
0.0,51,366,18000,1,44.2943000793457,9.674440383911133,10500
0.0,51,701,36500,1,44.332401275634766,8.515649795532227,10990
0.0,51,790,16000,1,40.85470962524414,14.379210472106934,10500
1.0,51,943,35481,1,45.58409118652344,9.270959854125977,8650
0.0,51,3347,138000,2,45.53200149536133,9.281530380249023,4600
2.0,51,4077,124000,1,41.15206146240234,15.083089828491213,4250
0.0,51,670,25571,1,41.10787963867188,14.208809852600098,9400
0.0,51,670,26500,1,44.00981140136719,10.590370178222656,10800
1.0,51,2374,108000,1,45.783668518066406,8.967240333557129,7400
0.0,51,456,29850,1,44.06312942504883,12.447010040283203,10900
0.0,51,456,13238,1,41.90322113037109,12.495650291442873,9100
0.0,51,397,12780,2,44.90724182128906,8.611559867858887,10500
0.0,51,425,12275,1,41.90322113037109,12.495650291442873,9100
0.0,51,762,13236,2,40.695560455322266,14.480850219726562,10300
0.0,51,397,12575,1,41.83264923095703,12.752599716186523,9970
0.0,51,670,21720,1,40.39588928222656,18.129779815673828,9900
0.0,51,456,10320,1,41.90322113037109,12.495650291442873,10800
0.0,51,670,33000,1,41.90322113037109,12.495650291442873,10470
0.0,51,425,15350,1,41.90322113037109,12.495650291442873,10800
0.0,51,1096,37000,1,45.5501708984375,12.071880340576172,9300
0.0,51,790,41870,1,45.70724868774414,11.47760009765625,9500
1.0,51,4230,156000,3,45.67483901977539,9.687859535217283,4250
0.0,51,425,7778,1,41.90322113037109,12.495650291442873,11000
0.0,51,4169,81900,2,45.44327163696289,10.230210304260254,4900
0.0,51,762,41827,1,45.68352890014648,11.95294952392578,9500
1.0,51,366,14730,1,44.512428283691406,11.128379821777344,9500
1.0,51,821,6700,1,42.453369140625,14.140379905700684,8900
0.0,51,3684,105000,1,44.64313125610352,10.934060096740724,6200
1.0,51,790,25000,1,42.46390914916992,14.213540077209473,9900
0.0,51,425,21459,1,41.57223892211914,13.33368968963623,10950
1.0,51,913,20000,1,40.92850112915039,14.203669548034668,8499
